number,account,priority,sys_created_on,state,short_description,description,sys_updated_on,assignment_group,assigned_to,product,resolved_at,sys_mod_count,u_problem,SLA_task,SLA_Business_Time_seconds,SLA_Duration_seconds,SLA_Business_Time,SLA_Duration
CS1710924,Western Sussex Hospitals NHS Trust,4 - Low,02/01/2026 09:48:38,Closed,Booked appointment issue,"Morning,

Looking for some advice and help. We have booked appointments for patients who attend the ED. 
There have been multiple issues where the patient arrives before their appointment time, and is discharged before, and we are then unable to remove the patient from the tracking grid. This causes issues with performance and clinical risk.",05/02/2026 16:51:29,Acute Care Symphony Support Level 1,Konrad Siddons,Symphony,22/01/2026 16:50:11,43,,CS1710924,144783.0,550369.0,"1 days, 16 hrs, 13 mins","6 days, 8 hrs, 52 mins"
CS1711444,Luton And Dunstable Hospital NHS Foundation Trust,4 - Low,05/01/2026 08:59:30,Closed,Related to case CS1683601,"Hi, 

I just want to confirm that there is no requirement for Optum to be involved in the change we plan to make?",02/02/2026 00:45:26,Acute Care Symphony Support Level 1,Konrad Siddons,Symphony,19/01/2026 00:44:29,8,,CS1711444,24940.0,24940.0,"6 hrs, 55 mins","6 hrs, 55 mins"
CS1711713,Luton And Dunstable Hospital NHS Foundation Trust,4 - Low,05/01/2026 11:38:17,Closed,Allergy to Penicillin to Patient Details audit,"Hi Support
We have a patient M019582 on Bedford Symphony who has an Allery to Penicillin added to their Symphony - see attached

Patient was registered as being allergic to penicillin. 
  
Please would you check and let me know when this was first put on the Symphony 

Many thanks
Zak
IT Team",20/01/2026 15:05:26,Acute Care Symphony Support Level 1,Konrad Siddons,Symphony,06/01/2026 15:04:59,7,,CS1711713,55602.0,98802.0,"15 hrs, 26 mins","1 days, 3 hrs, 26 mins"
CS1711755,Health Service Executive,4 - Low,05/01/2026 12:09:37,Closed,Issue with location Bay J symphony,Hi see attached screen shot. Unable to move patients into location Bay J the message when try to move a patient in is 'Bays Bay J has reached the maximum patient capacity of 1' Please choose different location. There are no patients that we can see at all in this location so suspect is there a patient in the backend stuck in that location if you can confirm please why this might be. attached is screen shot of set up on live and its fine.,28/01/2026 12:17:28,Acute Care Symphony Support Level 1,Shazad Ishaque,Symphony,14/01/2026 12:17:27,21,,CS1711755,34818.0,39830.0,"9 hrs, 40 mins","11 hrs, 3 mins"
CS1712776,Children's Health Ireland,4 - Low,06/01/2026 15:39:44,Closed,Staff audit,"Hi, 
Could we get the following information regarding the following users.
The staff member names are: David Nangle, DNANGLE.  Sarann Collins - collins, Denise Cross - DCROSS, Lisa McGuinness - LMcGuinness
The time period is 21.00hrs on Friday 26th September up to 09.00hrs on Monday 29th September
Information requested:
Dates and times each logged into Symphony during the above date range
Patient records accessed by each (list of hospital numbers and times if possible)
Record of any scanning activity undertaken by each during the above date range (patient hospital number and time of document scanning)

This is a priority for a HR issue if you could prioritise.",11/02/2026 12:42:46,Acute Care Symphony Support Level 1,Sheree Chadwick,Symphony,10/02/2026 11:33:31,54,,CS1712776,178106.0,926906.0,"2 days, 1 hrs, 28 mins","10 days, 17 hrs, 28 mins"
CS1713008,Isle Of Wight NHS Trust,4 - Low,07/01/2026 09:17:30,Closed,Injury Screen Prompt,"Good morning,

I've made a config change yesterday, but it doesn't look to have taken effect to all users even after an application restart. 

Changes made:

1. Unlink Injury Screen from Chief Complaint within Triage.

2. Link to below Patient Groups within ED Episode Screen (Reception)
Accident at Work
Fall
Other Accident
Firework Injury
Sports Injury
Assault
Deliberate Self-harm

3. Link to Diagnoses that are Injury related if injury screen has not been recorded (Clinician / AP / ENP)

There have been a number of attendances that meet the patient group where the Injury Screen has not popped up. Today's example: ED-26-0000969-1.

Can this be looked at please?",08/01/2026 12:21:02,Acute Care Symphony Support Level 1,Shazad Ishaque,Symphony,08/01/2026 12:21:00,18,,CS1713008,39233.0,44637.0,"10 hrs, 53 mins","12 hrs, 23 mins"
CS1713176,Northern Lincolnshire And Goole NHS Foundation Trust,4 - Low,07/01/2026 10:53:59,Closed,AE-DB2-V - Server E drive disk space.,"E drive (Application Data) is near full, attempting to free up space by clearing un necessary files. I've noticed a 20GB backup file (VM-AE1-DB2_EMIS_SYM_NLG_LIVE_FULL_20250916060423.bak) in this location - E:\AE-DB-V-AppLV\EMIS_PROJECTS\Upgrade 3.1\Backup

Can it be deleted?",12/01/2026 09:49:32,Acute Care Symphony Support Level 1,Konrad Siddons,Symphony,08/01/2026 10:08:56,6,,CS1713176,40497.0,83697.0,"11 hrs, 14 mins","23 hrs, 14 mins"
CS1713875,North West Anglia NHS Foundation Trust,4 - Low,08/01/2026 10:04:31,Closed,Patient entered in error,Admitted in error dated 01/01/00,08/01/2026 14:07:27,Acute Care Symphony Support Level 1,Konrad Siddons,Symphony,08/01/2026 10:27:47,7,,CS1713875,1396.0,1396.0,23 mins,23 mins
CS1715232,South Tees Hospitals NHS Foundation Trust,4 - Low,10/01/2026 13:04:35,Closed,Patient record incorrectly deleted ,"Carol Thrower (SDEC) on 016482 850850 ext 52380 has correctly deleted an attendance for a patient today, J891863. However, she also accidentally deleted the attendance for yesterday Fri 9 January as the patient was a re-attender. This is desperately required as it contains all the information from yesterday's attendance.

Are you able to urgently assist please?

She has logged the call with South Tees ICT oncall (Dave Greer mobile 07407 858255)",15/01/2026 12:43:21,Acute Care Symphony Support Level 1,Konrad Siddons,Symphony,15/01/2026 11:53:37,20,,CS1715232,90041.0,420966.0,"1 days, 1 hrs","4 days, 20 hrs, 56 mins"
CS1715787,Wye Valley NHS Trust,4 - Low,12/01/2026 14:17:08,Closed,NHS 111 interface not working ,information from NHS 111 call  is not coming over to Symphony. this has happened multiple times in the past,09/02/2026 12:47:08,Acute Care Symphony Support Level 1,Gareth Evans,Symphony,05/02/2026 01:44:29,58,,CS1715787,103455.0,449820.0,"1 days, 4 hrs, 44 mins","5 days, 4 hrs, 57 mins"
CS1715804,Wye Valley NHS Trust,4 - Low,12/01/2026 14:28:03,Closed,Unable to log in to NHS111 Test environment ,I cannot log in to the NHS 111 test environment and I need to check and reset someone else's password . Is it possible for someone to reset my log in,28/01/2026 11:41:15,Acute Care Symphony Support Level 1,Gareth Evans,Symphony,21/01/2026 15:17:29,31,,CS1715804,13432.0,14218.0,"3 hrs, 43 mins","3 hrs, 56 mins"
CS1715971,Aneurin Bevan University Healthboard,4 - Low,12/01/2026 17:06:38,Closed,Staff Account ,"Hi, 

I have a locum doctor with us and have tried making an account on Symphony for her with the username Ol346825 and with the username OBrown. 

Neither accounts allow her to login. 

Please can you help investigate what might be causing the issue? 

Thanks,
Arian",13/01/2026 13:08:16,Acute Care Symphony Support Level 1,Shazad Ishaque,Symphony,13/01/2026 13:08:14,17,,CS1715971,8993.0,66195.0,"2 hrs, 29 mins","18 hrs, 23 mins"
CS1716628,Northern Lincolnshire And Goole NHS Foundation Trust,4 - Low,13/01/2026 15:33:12,Closed,Error messages,"Pt sgh-26-001693 was registered by Becky Moulds (moulbec) at 1630 12.01.26.

She apparently registered the patient with no issues but then everytime someone tried to do anything with the record e.g Triage they were getting an error message (apologies I do not have a screenshot).

After around 45 minutes of trying on different machines they eventually managed to Triage the patient but then for a couple of hours after were then getting error messages for other patients.

I have been told that after 2 hours everything seemed to go back to normal and no issues since.

I have opened the record today with no issues.

Are you able to look back and see what was happening?",26/01/2026 11:15:33,Acute Care Symphony Support Level 1,Shazad Ishaque,Symphony,23/01/2026 15:07:32,20,,CS1716628,3357.0,3357.0,55 mins,55 mins
CS1717231,Health Service Executive,4 - Low,14/01/2026 11:55:51,Closed,"PET data points, submitting New + Return","The HSE BIU is requesting an amendment in the daily extract which is I believe a job within SSRS.
The data field layout you can find in the attachment. Some fields need discussion as to where they come from or if we even can supply them.",15/01/2026 14:11:57,Acute Care Symphony Support Level 1,Shazad Ishaque,Symphony,15/01/2026 13:48:20,23,,CS1717231,33701.0,91301.0,"9 hrs, 21 mins","1 days, 1 hrs, 21 mins"
CS1717236,Children's Health Ireland,4 - Low,14/01/2026 11:59:26,Closed,New Template will not print,"New Template create in word but it wil not print. We are getting no error message, when we click print nothing happens.",27/01/2026 15:09:57,Acute Care Symphony Support Level 1,Konrad Siddons,Symphony,22/01/2026 16:53:39,14,,CS1717236,718.0,718.0,11 mins,11 mins
CS1718132,Doncaster and Bassetlaw Teaching Hospitals NHS Foundation Trust,4 - Low,15/01/2026 13:37:58,Closed,Adastra Outbound DAD Messaging,"Hi, 
We have an outbound DAD interface from Symphony to Adastra. This is triggered by completing the Discharge to FCMSUCC DEP. 
Is there a report or anything that I can use to monitor that these messages have been sent successfully? As we have had reports that Adastra are not receiving the messages. An example of one they say is not received is for patient D2283697 attendance DRI-26-004903-1
Thanks, Laura",05/02/2026 14:03:28,Acute Care Symphony Support Level 1,Shazad Ishaque,Symphony,22/01/2026 14:02:30,20,,CS1718132,18193.0,19052.0,"5 hrs, 3 mins","5 hrs, 17 mins"
CS1718603,NHS Ayrshire and Arran,4 - Low,16/01/2026 09:55:06,Closed,New Symphony filter query,We are looking for a new filter to be applied in Symphony to select patients with registration time in department to post triage time and the nurse triaging them?  Thanks,16/01/2026 11:49:25,Acute Care Symphony Support Level 1,Konrad Siddons,Symphony,16/01/2026 11:46:33,12,,CS1718603,2119.0,2119.0,35 mins,35 mins
CS1718837,Health Service Executive,4 - Low,16/01/2026 12:20:31,Closed,Unable to add CPAU to filters,,26/02/2026 01:25:26,Acute Care Symphony Support Level 2,Sheree Chadwick,Symphony,12/02/2026 01:24:28,13,,CS1718837,253812.0,1117812.0,"2 days, 22 hrs, 30 mins","12 days, 22 hrs, 30 mins"
CS1720656,Health Service Executive,4 - Low,20/01/2026 14:53:16,Closed,Query clinic access,Clinic access - I have set up new clinic on test system but there are no DEP displaying BOOK etc. I have gone into the groups in staff users but when i select ACCESS to that clinic no DEPs appear underneath at all for me to change access rights. Can you advise what  i need to do? I never had this issue before when adding clinics that i can recall - please see screen shots attached. Database is 2. Naas Test and its AMAU dept,03/02/2026 16:11:28,Acute Care Symphony Support Level 1,Konrad Siddons,Symphony,20/01/2026 16:10:32,13,,CS1720656,1531.0,1531.0,25 mins,25 mins
CS1721179,South Tees Hospitals NHS Foundation Trust,4 - Low,21/01/2026 11:44:33,Closed,Subject Access Request,"Hello
The Trust have received a Subject Access Request for an audit on details of access to the patient record and any attendances. Patient = J102091, timeframe - from 01/06/2019 to the date the audit is performed.
Please could this data be provided?
Thanks
Paul",21/01/2026 13:48:45,Acute Care Symphony Support Level 1,Konrad Siddons,Symphony,21/01/2026 13:18:33,19,,CS1721179,5640.0,5640.0,"1 hrs, 34 mins","1 hrs, 34 mins"
CS1721314,Tallaght University Hospital,4 - Low,21/01/2026 12:54:55,Closed,Lookups Care Group missing,"Hi Support Team,

A request has been made to add a new item, ""PAU"", under Care Group. However, when checking the Care Group list within the DEP Lookups, I wasn’t able to locate it.

I’ve attached the current Care Group data from the Live environment for reference. Could you please guide us on where the Care Group is maintained within the Lookups?

Thanks,
Dev",06/02/2026 12:15:28,Acute Care Symphony Support Level 1,Shazad Ishaque,Symphony,23/01/2026 12:15:13,20,,CS1721314,2142.0,2142.0,35 mins,35 mins
CS1721353,Torbay and South Devon NHS Foundation Trust,4 - Low,21/01/2026 13:25:09,Closed,Reload letters,"Good Afternoon,

Please could you reload all the letters from 20/01/26 in Totnes Hospital as they need to be re-printed.

Thanks,
Colum",06/02/2026 14:45:27,Acute Care Symphony Support Level 1,Sheree Chadwick,Symphony,23/01/2026 14:43:30,37,,CS1721353,45145.0,102745.0,"12 hrs, 32 mins","1 days, 4 hrs, 32 mins"
CS1722603,Mid Yorkshire Teaching NHS Trust,4 - Low,23/01/2026 10:39:59,Closed,T Pro speech direct integration with T Pro dictation at cursor funtionality,We use the T Pro system to dictate clinical letters. T Pro has the ability to let you speak directly into the device and this will populate free text fields in applications. We have tested this in Symphony and it does not work. Is this something that can be enabled?,20/02/2026 12:57:28,Acute Care Symphony Support Level 1,Gareth Evans,Symphony,06/02/2026 12:57:06,22,,CS1722603,47265.0,277665.0,"13 hrs, 7 mins","3 days, 5 hrs, 7 mins"
CS1722909,North West Anglia NHS Foundation Trust,4 - Low,23/01/2026 15:00:35,Closed,Query if staff member accessed Symphony,Hi can you please check if staff member ruggierok accessed the Symphony record of patient DIS0804531 between 20/10/2026 and the 21/01/2026.,09/02/2026 08:11:28,Acute Care Symphony Support Level 1,Gareth Evans,Symphony,26/01/2026 08:10:21,14,,CS1722909,5359.0,5359.0,"1 hrs, 29 mins","1 hrs, 29 mins"
CS1723651,Health Service Executive,4 - Low,26/01/2026 14:15:20,Closed,Patient stuck in location Major 9,"Staff unable to move patient into location majors 9 as says reached maximum....can someone check backend as must be patient stuck/not discharged right, database 1. Naas Live",11/02/2026 12:09:29,Acute Care Symphony Support Level 1,Konrad Siddons,Symphony,28/01/2026 12:07:44,16,,CS1723651,49944.0,165144.0,"13 hrs, 52 mins","1 days, 21 hrs, 52 mins"
CS1725651,North Cumbria Integrated Care NHS Foundation Trust,4 - Low,29/01/2026 09:02:54,Closed,Access to Symphony TRAIN database,"Hi, 

Please could my access for Symphony TRAIN be reinstated? I believe the account may have expired and I am unable to get logged in to reset our training team accounts. 

User code is robbie.morley

Thanks,
Robbie",13/02/2026 15:15:29,Acute Care Symphony Support Level 1,Gareth Evans,Symphony,30/01/2026 15:14:19,23,,CS1725651,3034.0,3034.0,50 mins,50 mins
CS1726286,Isle Of Wight NHS Trust,4 - Low,29/01/2026 16:29:46,Closed,ECDS,"Our Bi department has brought to our attention that we have lost some information from our ECDS reports. As below please see that the commissioner name has disappeared.

OrgCodeCommissioner	Name
R1F	_error_
VPP00	_error_
X98	_error_
D9Y	_error_
7A4	_error_
7A6	_error_
7A5	_error_
7A2	_error_
7A1	_error_
7A3	_error_
7A7	_error_
D4U	_error_
03C	_error_
D2P	_error_
W2U	_error_",23/02/2026 13:58:37,Acute Care Symphony Support Level 1,Shazad Ishaque,Symphony,16/02/2026 13:48:01,26,,CS1726286,8505.0,66105.0,"2 hrs, 21 mins","18 hrs, 21 mins"
CS1727427,Doncaster and Bassetlaw Teaching Hospitals NHS Foundation Trust,4 - Low,02/02/2026 11:27:53,Closed,Print Tag query ,"Hi, 
Can someone tell me the print tags for Created By and Created date and time for individual fields in Symphony? The ones I have don't seem to work! 
Thanks
Laura",24/02/2026 14:53:30,Acute Care Symphony Support Level 1,Gareth Evans,Symphony,10/02/2026 14:51:29,26,,CS1727427,22961.0,80561.0,"6 hrs, 22 mins","22 hrs, 22 mins"
CS1727484,Aneurin Bevan University Healthboard,4 - Low,02/02/2026 11:58:57,Closed,"Unable to change ""Tracking Stage"" to ""Yes"" for any DEP","On our ""2. Aneurin Bevan TEST"" database (aka EMIS_SYM_ABEVAN_Upgrade). 
(Issue not happening on the ""1. Aneurin Bevan Symphony LIVE"" db (aka EMIS_SYM_ABEVAN_LIVE)).

For any DEP.  In the general properties:

-I am unable to change the ""Tracking Stage"" from ""No"" -> ""Yes""  (Either create records or read-only).  When Yes selected, there is a brief flicker of the whole form, and it reverts immediately back to ""No"".

When I changed a DEP from Tracking Stage = Yes -> No, then save, I couldn't then reenable it for that DEP where it had previously been set.  (Example: Clinical Exception DEP)

Two other examples I am specifically trying to change to Yes, (so that I can have one of the fields as a clickable DEP Stage Column, rather than a flag column):
-NEWS2/Next Obs
-EPIC Plan


Any thoughts on what could be preventing this, or any other troubleshooting steps I can perform?

Thank you
Greg",06/02/2026 17:06:48,Acute Care Symphony Support Level 1,Shazad Ishaque,Symphony,06/02/2026 16:55:48,15,,CS1727484,104683.0,277832.0,"1 days, 5 hrs, 4 mins","3 days, 5 hrs, 10 mins"
CS1727606,Isle Of Wight NHS Trust,4 - Low,02/02/2026 13:21:12,Closed,Restart the DAD,"Hello.
Would it be possible to restart the DAD interface please. 
Thank you
Sarah",16/02/2026 14:25:27,Acute Care Symphony Support Level 1,Gareth Evans,Symphony,02/02/2026 14:24:34,15,,CS1727606,3489.0,3489.0,58 mins,58 mins
CS1727788,South Tees Hospitals NHS Foundation Trust,4 - Low,02/02/2026 15:45:01,Closed,Update of network paths required - Awaiting email,"Hello

We need to move the network paths for the error log path, the print masks, the icons and the e-Triage INI Files path from \\stnas1\symphony$ to \\stds\servershar$\Symphony\Symphony

Is this something that can be done?
I've tried doing myself but I'm not am not able to type the address into the field and can't browse to the required location.

Can this be done on the Test environment initially to ensure it works before updating the Training and Live environments?

This is required as stnas1 needs to be decommissioned.

Thanks

Paul",30/03/2026 11:51:23,Acute Care Symphony Support Level 1,Shazad Ishaque,Symphony,30/03/2026 11:42:43,86,,CS1727788,511836.0,1607574.0,"5 days, 22 hrs, 10 mins","18 days, 14 hrs, 32 mins"
CS1728435,Northampton General Hospital NHS Trust,4 - Low,03/02/2026 12:27:57,Closed,Audit on Symphony,"Request is for the patients on the attachment and we need the following information:
•	Copy of the attendance including the information below:
•	Who inputted the patient onto the system
•	Who completed registration
•	Who created episode
•	A copy of the 'note' - and who created it",03/03/2026 11:17:41,Acute Care Symphony Support Level 1,Gareth Evans,Symphony,17/02/2026 01:24:29,18,,CS1728435,13829.0,13829.0,"3 hrs, 50 mins","3 hrs, 50 mins"
CS1728440,Northampton General Hospital NHS Trust,4 - Low,03/02/2026 12:31:40,Closed,Audit on Symphony,"Can we ask Optum for the following information for a confidential potential fraud investigation:
•	Who registered the patient
•	Who created the episode (UTC-25-004948-1)
•	Who inputted on that patient 
Patient: 3207130",16/02/2026 08:19:11,Acute Care Symphony Support Level 1,Gareth Evans,Symphony,05/02/2026 16:17:51,14,,CS1728440,11587.0,11587.0,"3 hrs, 13 mins","3 hrs, 13 mins"
CS1729202,North Cumbria Integrated Care NHS Foundation Trust,4 - Low,04/02/2026 11:29:14,Closed,NHS 111 Integration - Schedules within Symphony,"We attempted to complete some testing with the new schedule this morning in our ED department for our UTC. We ran into some issues but we believe we have uncovered a wider issue with the schedules.

Andrew Walford from NWAS was unable to book any patients in and received an error on screen which I have attached. 

He also had issues booking into one of our live schedules too. After further investigation, we have found that the numbers of 111 bookings has dropped dramatically. I ran a quick e-audit search on how many times the ‘View CDA’ DEP had been recorded to try and spot a trend in 111 attendances and it did highlight that the numbers have dropped since September 25. Though we are still getting a small number through, which suggests the process isn’t completely broken. With that in mind, I am not 100% sure where the issue lies. 

NWAS have given us some log files, please can you investigate and try to help us understand the issues we are having?",17/02/2026 09:15:09,Acute Care Symphony Support Level 1,Shazad Ishaque,Symphony,17/02/2026 09:15:07,22,,CS1729202,343085.0,688685.0,"3 days, 23 hrs, 18 mins","7 days, 23 hrs, 18 mins"
CS1729334,Aneurin Bevan University Healthboard,4 - Low,04/02/2026 12:56:30,Closed,Windows Updates Compatibility,"Hi,

I have some users in our organisation requesting access to our live environment for the purpose of testing windows updates before rolling them out to the wider organisation.

Do you carry out any testing with Symphony and Windows updates as they roll out?",05/02/2026 10:16:17,Acute Care Symphony Support Level 1,Shazad Ishaque,Symphony,05/02/2026 10:16:15,15,,CS1729334,5686.0,5686.0,"1 hrs, 34 mins","1 hrs, 34 mins"
CS1729748,Western Health and Social Care Trust,4 - Low,05/02/2026 09:33:34,Closed,Report on department numbers,"Hi, is it possible to have a snapshot of how many people were in altnagelvin ED at a specific date and time frame? Thanks",23/02/2026 12:02:17,Acute Care Symphony Support Level 1,Shazad Ishaque,Symphony,19/02/2026 17:59:44,43,,CS1729748,195420.0,368220.0,"2 days, 6 hrs, 17 mins","4 days, 6 hrs, 17 mins"
CS1729850,Aneurin Bevan University Healthboard,4 - Low,05/02/2026 10:15:10,Closed,Batch Printing Issue,"Hi,

I have received the following information in a ticket from one of our end users last night:

When you attempt to print off the GP letters, Symphony crashes. There are normally about 300 letters to be printed off every night. About 20 letters print off, and then it stops printing. Then symphony crashes and for a while nothing happens. Then over the next few hours it prints about 3 letters at a time with a good 5 minute pause in between printing the next 3. which takes a very long time since there are 300 letters.

Can this be investigated please.",24/02/2026 09:19:07,Acute Care Symphony Support Level 2,Sheree Chadwick,Symphony,24/02/2026 09:19:04,42,,CS1729850,212216.0,962202.0,"2 days, 10 hrs, 56 mins","11 days, 3 hrs, 16 mins"
CS1729891,Isle Of Wight NHS Trust,4 - Low,05/02/2026 10:40:28,Closed,DAD Reset,"Hello, please could you restart the DAD.
Thank you
Sarah",05/02/2026 11:21:54,Acute Care Symphony Support Level 1,Shazad Ishaque,Symphony,05/02/2026 11:04:56,8,,CS1729891,1468.0,1468.0,24 mins,24 mins
CS1730111,Doncaster and Bassetlaw Teaching Hospitals NHS Foundation Trust,4 - Low,05/02/2026 13:03:13,Closed,Audit Request - Account Changes ,"Hi, Are you able to tell me when user wendy.smith1 was added into the Generic View Only permission groups and by who please? And if this was changed from another group?
Thanks, Laura",25/02/2026 10:13:30,Acute Care Symphony Support Level 1,Gareth Evans,Symphony,11/02/2026 10:12:11,14,,CS1730111,96033.0,441633.0,"1 days, 2 hrs, 40 mins","5 days, 2 hrs, 40 mins"
CS1731703,North West Anglia NHS Foundation Trust,4 - Low,09/02/2026 11:51:16,Closed,Audit 26-02,Please can an audit be completed using the parameters in the attached word document,12/02/2026 11:48:25,Acute Care Symphony Support Level 1,Gareth Evans,Symphony,09/02/2026 13:53:34,15,,CS1731703,3977.0,3977.0,"1 hrs, 6 mins","1 hrs, 6 mins"
CS1732126,Health Service Executive,4 - Low,09/02/2026 15:12:27,Closed,mask,"I am wondering can someone advise please. I have created a new mask saved in test folder and have it on test database working but want to change the logo to the Naas hospital logo. In existing mask it has the file path z:\masks\connolly\connolly logo.bmp. I have the Naas hospital logo and want to replace it with NGH logo i have it named logo  - NGHlogo.bmp. I don't know where the filepath is to put in the new NGH logo so it can pick it up z:\masks\connolly\. I probably don't have permissions to this filepath. 

This is what i have permissions to \\symphonyfpr.healthirl.net\symphonynaas$\system\print_masks

z:\masks\connolly\NGHlogo.bmp",04/03/2026 23:17:20,Acute Care Symphony Support Level 1,Shazad Ishaque,Symphony,18/02/2026 15:08:15,17,,CS1732126,21896.0,79496.0,"6 hrs, 4 mins","22 hrs, 4 mins"
CS1732984,Children's Health Ireland,4 - Low,10/02/2026 14:35:46,Closed,Looking for ED clinic Outcome - how it is stored,"We are looking to pull ED clinic outcomes for a report, we need to know how they are recorded on the system on the back end. see images attached for reference.",03/03/2026 23:18:11,Acute Care Symphony Support Level 1,Shazad Ishaque,Symphony,17/02/2026 12:56:49,21,,CS1732984,11596.0,11596.0,"3 hrs, 13 mins","3 hrs, 13 mins"
CS1733525,University Hospital Southampton NHS Foundation Trust,4 - Low,11/02/2026 10:56:01,Closed,outbound message stuck ,the following message are stuck,25/02/2026 16:41:29,Acute Care Symphony Support Level 1,Gareth Evans,Symphony,11/02/2026 16:39:59,12,,CS1733525,4450.0,4450.0,"1 hrs, 14 mins","1 hrs, 14 mins"
CS1733528,Children's Health Ireland,4 - Low,11/02/2026 10:58:53,Closed,GP's not coming across from PAS system,This was a previous issue pre upgrade. it s starting to happen again frequently. can this be looked at again as it is causing issues for GP letters being sent to patients,12/03/2026 15:47:31,Acute Care Symphony Support Level 1,Shazad Ishaque,Symphony,26/02/2026 15:46:46,25,,CS1733528,54199.0,169399.0,"15 hrs, 3 mins","1 days, 23 hrs, 3 mins"
CS1734488,Doncaster and Bassetlaw Teaching Hospitals NHS Foundation Trust,4 - Low,12/02/2026 13:29:52,Closed,Duty Clinician query ,"Hi, 
Does a User only show in the Duty Clinician list for the site they have set as their Home department? even though they have the Duty Clinician option set to YES on their account. 
For example, we have Lakshmi Ilavala his home location is Doncaster, but he works cross site so needs to be able to be Duty Clinician for both Doncaster & Bassetlaw but only shows on the Doncaster list in the Duty Clinician set up. 
Thanks, Laura",04/03/2026 11:17:11,Acute Care Symphony Support Level 1,Konrad Siddons,Symphony,18/02/2026 09:21:25,13,,CS1734488,100293.0,503493.0,"1 days, 3 hrs, 51 mins","5 days, 19 hrs, 51 mins"
CS1735262,Western Health and Social Care Trust,4 - Low,13/02/2026 14:34:59,Closed,Attach Scanner,"Hi, how can i attach a scanner to symphony for scanning/uploading midas notes please? We have recenty moved office and have a new scanner which needs to be able to scan into symphony. Thanks",13/02/2026 15:08:49,Acute Care Symphony Support Level 1,Shazad Ishaque,Symphony,13/02/2026 15:04:45,15,,CS1735262,1786.0,1786.0,29 mins,29 mins
CS1736265,Northern Lincolnshire And Goole NHS Foundation Trust,4 - Low,16/02/2026 11:18:27,Closed,enotes flagged column query,"Good morning, 
Can you please confirm if it is possible to have enotes as a flagged column and show the user on the tracking screen who has most recently completed RAT enotes.

I have had a look on Test and cannot see how this could be done.

This request has come from something to do with the CQC so if you could respond ASAP I would really appreciate it.

Thanks",23/02/2026 13:22:25,Acute Care Symphony Support Level 1,Konrad Siddons,Symphony,18/02/2026 14:18:06,16,,CS1736265,97179.0,183579.0,"1 days, 2 hrs, 59 mins","2 days, 2 hrs, 59 mins"
CS1736983,Tallaght University Hospital,4 - Low,17/02/2026 10:21:13,Closed,Next Of Kin,"Hi All,

We've noticed an issue with next of kin on symphony.
If a NOK in our PAS has a double barrel forename or multiple entries into the forename field it will only include the first part of the name.

An example is MRN 936219.

On PAS the name is ""Anne and Simon"" on symphony this only appears as ""Anne"".

Cheers,
Dean",01/04/2026 11:57:26,Acute Care Symphony Support Level 1,Gareth Evans,Symphony,18/03/2026 11:57:19,28,,CS1736983,387943.0,1712743.0,"4 days, 11 hrs, 45 mins","19 days, 19 hrs, 45 mins"
CS1738714,Northern Health and Social Care Trust,4 - Low,19/02/2026 14:17:37,Closed,DAD Messages Status,"Hello,

Could you please check if there have been any messages flowing through the DAD queue for the northern trust within the last 4 weeks. We're hoping there aren't any or very rare occurrences.

If there are can an audit be created of the messages that have gone through.

Many Thanks,
Daniel Earley",26/02/2026 11:03:14,Acute Care Symphony Support Level 1,Gareth Evans,Symphony,26/02/2026 10:03:50,15,,CS1738714,94155.0,353355.0,"1 days, 2 hrs, 9 mins","4 days, 2 hrs, 9 mins"
CS1740025,Aneurin Bevan University Healthboard,4 - Low,23/02/2026 11:19:39,Closed,Patient Merge Potential Missing Data,"Hi,

I received a request for a patient merge where a patient was brough in by ambulance and booked in under their maiden name instead of their married name.

A merge was performed on our WPAS system with the intention of performing a merge on symphony afterwards to ensure all attendance data in Symphony sits under one godsnumber. When I typed in the minor godsnumber it just redirects me to the major godsnumber. Doing some investigating in SQLSMS I think I have found an attendance for the major patient on 21/10/2005, I'm trying to find out what has happened here so that I can document the process to ensure that the Symphony merge is done at the correct time going forward to ensure this doesn't happen again.

Major Patient: 9018394
Minor Patient: 279137",27/02/2026 23:19:19,Acute Care Symphony Support Level 1,Gareth Evans,Symphony,27/02/2026 11:28:14,18,,CS1740025,9522.0,9522.0,"2 hrs, 38 mins","2 hrs, 38 mins"
CS1741245,Leeds Teaching Hospitals NHS Trust,4 - Low,25/02/2026 07:58:50,Closed,ECDS data and submission,"NHS E have highlighted that we are an outlier within the region for the patients discharged to SDEC / short stay wards / virtual wards from our ECDS submission.

The specification that they are using is a discharge location in ECDS of: Emergency department discharge to emergency department short stay ward / Emergency department discharge to same day emergency care service / Discharge to hospital at home service

SNOMED codes are 
1066331000000109
1066341000000100
1066351000000102

I assume we are mapping our local discharge location codes to the national SNOMED discharge location codes. If so can you please clarify which local codes map to the 3 SNOMED codes listed above?

Or if the mapping is more complicated, can you please clarify the process on how we are populating the discharge location field in ECDS",17/03/2026 14:49:27,Acute Care Symphony Support Level 1,Shazad Ishaque,Symphony,03/03/2026 14:49:21,16,,CS1741245,30436.0,30506.0,"8 hrs, 27 mins","8 hrs, 28 mins"
CS1741360,Betsi Cadwaladr University Healthboard,4 - Low,25/02/2026 09:45:43,Closed,waiting for clinician timer not changing from red to black  (new ruccurrence),"old case CS0622426 incidence is recurring when, despite 'clinician' dep used - the waiting for clinician timer on tracking grid is not turning black from red...  attendance number YGED-26-007221-1",06/03/2026 14:09:33,Acute Care Symphony Support Level 1,Konrad Siddons,Symphony,06/03/2026 13:48:46,57,,CS1741360,110277.0,398277.0,"1 days, 6 hrs, 37 mins","4 days, 14 hrs, 37 mins"
CS1742484,Doncaster and Bassetlaw Teaching Hospitals NHS Foundation Trust,4 - Low,26/02/2026 12:44:23,Closed,Audit Request - access to patient record,"Hi, can I please have an audit of anyone who has accessed the patient record for D2265694 since 04/11/2025? Many Thanks, Laura",09/03/2026 10:42:26,Acute Care Symphony Support Level 1,Gareth Evans,Symphony,27/02/2026 09:16:01,17,,CS1742484,7906.0,7906.0,"2 hrs, 11 mins","2 hrs, 11 mins"
CS1742729,Isle Of Wight NHS Trust,4 - Low,26/02/2026 16:09:37,Closed,Patient audit,"Hi. Please could you run an audit on patient IW453248. I need to see whether user burgessm located this patient from the period of 01/01/25 - 31/01/25. 
I can see her admissions but I can't work out how to pull this audit.
Thanks
Sarah",02/03/2026 13:40:48,Acute Care Symphony Support Level 1,Gareth Evans,Symphony,27/02/2026 10:25:50,17,,CS1742729,6372.0,63972.0,"1 hrs, 46 mins","17 hrs, 46 mins"
CS1742839,Leeds Teaching Hospitals NHS Trust,4 - Low,27/02/2026 08:18:18,Closed,BRM Grey Team,"Hi Julie, 

Could you please ask for the grey patients to be removed from symphony again.
There is another yellow clinic live from clinic TCI  stuck on as well if you could try remove that one too please.

Hope your keeping alright,

Thanks a lot

Anji",16/03/2026 16:41:29,Acute Care Symphony Support Level 1,Konrad Siddons,Symphony,02/03/2026 16:41:07,19,,CS1742839,38991.0,38991.0,"10 hrs, 49 mins","10 hrs, 49 mins"
CS1743120,Mid Yorkshire Teaching NHS Trust,4 - Low,27/02/2026 11:56:19,Closed,Removing Alerts from indicator tab,"We are trying to update safeguarding alert for over 18s by removing the #A, #B, #C and CP- from patient indicators, but when making these changes we are unable to save changes.

I have included a screenshot of an alert removed and the OK button is greyed out, could you advise how this can be rectified please?",01/04/2026 12:03:04,Acute Care Symphony Support Level 1,Gareth Evans,Symphony,20/03/2026 11:31:29,18,,CS1743120,258080.0,1122080.0,"2 days, 23 hrs, 41 mins","12 days, 23 hrs, 41 mins"
CS1743285,Betsi Cadwaladr University Healthboard,4 - Low,27/02/2026 14:17:11,Closed,launching thick client in Wrexham ED  on MUD desktop,"error message attempting to launch TC on desktop T020336 (clerks machine) in WMED...

not seen this before error occurs immediately after sign in . (user has been using APPV, but recent Midas Scanning issues  on this machine wanted to verify if TC better) , screenshot to follow.",11/03/2026 13:45:32,Acute Care Symphony Support Level 1,Sheree Chadwick,Symphony,11/03/2026 13:41:44,48,,CS1743285,149707.0,840907.0,"1 days, 17 hrs, 35 mins","9 days, 17 hrs, 35 mins"
CS1743884,Northern Lincolnshire And Goole NHS Foundation Trust,4 - Low,02/03/2026 11:45:46,Closed,Issues with Test DEP config,"I logged onto Test DEP config this morning with no issues.

Set up a new DEP called RAT completion and added a Staff field. I set Tracking Stage to Yes - Create Records and then set the RAT Clinician field as a flagged  column.

However, when I tested it showed the time and not the name of the clinician. I double checked the config and all looked right so tried rebooting Symphony Test, added a new patient but still didn't work.

I then decided to close down DEP config and reopen it but when it reopened I got an error message (see attachment).

I clicked OK to the error message. DEP config opened but all the DEPs were not collapsed (see screenshot on attachment). I scrolled down to the new DEP I had added to check the settings again but I can only see the screen that I renamed RAT Clinician and no fields (see screenshot on attachment). 

I have tried rebooting the PC completely but the same happened.

I have been asked to work this up on test as a priority so if you could help I would really appreciate it.",04/03/2026 09:44:23,Acute Care Symphony Support Level 1,Konrad Siddons,Symphony,03/03/2026 17:21:21,35,,CS1743884,53164.0,96364.0,"14 hrs, 46 mins","1 days, 2 hrs, 46 mins"
CS1744007,Isle Of Wight NHS Trust,4 - Low,02/03/2026 13:04:10,Closed,Slowness loading midas images,"Hello.
We are having issues loading midas images! Slowness. This is with users working from home and also in the office.
Are there any issues?",23/03/2026 16:49:27,Acute Care Symphony Support Level 1,Shazad Ishaque,Symphony,09/03/2026 16:48:52,14,,CS1744007,35306.0,92906.0,"9 hrs, 48 mins","1 days, 1 hrs, 48 mins"
CS1744142,Aneurin Bevan University Healthboard,4 - Low,02/03/2026 14:51:22,Closed,Error when opening Symphony,When I try to log on to DEPC on my laptop I got the following error message attached. It started quite a while ago but I think it first started around about when I upgraded to Windows 11,21/04/2026 08:39:02,Acute Care Symphony Support Level 1,Gareth Evans,Symphony,21/04/2026 08:39:00,61,,CS1744142,374130.0,1468538.0,"4 days, 7 hrs, 55 mins","16 days, 23 hrs, 55 mins"
CS1744160,Aneurin Bevan University Healthboard,4 - Low,02/03/2026 15:05:48,Closed,Symphony Application Issue,I'm having trouble opening DEPC on my laptop so I have access to a remote server internally and I've tried to open both Symphony and DEPC  on there and get the attached error message,02/03/2026 23:16:46,Acute Care Symphony Support Level 1,Konrad Siddons,Symphony,02/03/2026 16:16:19,15,,CS1744160,2339.0,2339.0,38 mins,38 mins
CS1744351,Bedford Hospital NHS Trust,4 - Low,03/03/2026 08:37:14,Closed,Bedford Symphony Test Interop to ICE,"Good morning,

When I am trying to interop in to ICE to place a request it comes up with an error message which i have attached on a word doc. We have restarted the DAD but can't seem to figure out what is going on.

This is quite urgent as I am doing investigative testing for when we upgrade Bedford i.PM to v8

Many thanks
Jo",24/04/2026 02:21:27,Acute Care Symphony Support Level 2,Sheree Chadwick,Symphony,10/04/2026 02:19:28,96,,CS1744351,318902.0,1188194.0,"3 days, 16 hrs, 35 mins","13 days, 18 hrs, 3 mins"
CS1744873,North Cumbria Integrated Care NHS Foundation Trust,4 - Low,03/03/2026 14:02:04,Closed,ODS/GP Update,"Could you please update the master GP file on DEV, TEST and TRAIN?",22/04/2026 17:07:29,Acute Care Symphony Support Level 1,Gareth Evans,Symphony,08/04/2026 17:07:00,49,,CS1744873,839640.0,1700040.0,"9 days, 17 hrs, 14 mins","19 days, 16 hrs, 14 mins"
CS1744893,North Cumbria Integrated Care NHS Foundation Trust,4 - Low,03/03/2026 14:19:57,Closed,Message Definition Issue,"We have a DAD interface configured within our Symphony system that launches a link to a regional Cerner HIE shared record called GNCR.

We have been informed by the system provider that we user names from the launching system (Symphony) are not appearing as expected within the NHS E audits and this is breaching pre-existing system agreements.

Our suspicion, based on the user name information provided via the audit is that currently the Staff User ID is being passed to GNCR when it should be passing through the user forename. So user info is appearing in the audit as McGrath, 2363 or Lorimer, 2762 rather than surname, forename.

Can you please review and correct the current DAD configuration for the GNCR HIE Viewer within our Live Symphony system so that the mapping is passing through user forename and not user id.

Thanks.",23/03/2026 08:55:10,Acute Care Symphony Support Level 1,Konrad Siddons,Symphony,19/03/2026 13:40:20,55,,CS1744893,170908.0,343708.0,"1 days, 23 hrs, 28 mins","3 days, 23 hrs, 28 mins"
CS1745450,Torbay and South Devon NHS Foundation Trust,4 - Low,04/03/2026 11:47:08,Closed,No Hospital Number stat ,"Hi all,

Last year, we were kindly sent a stat of patients registered in Symphony without a Hospital Number. 

We have now worked through this data and was hoping we could get an updated list for 2025 to present please so we can do these also?

Many thanks
Charlie",25/03/2026 10:09:27,Acute Care Symphony Support Level 1,Gareth Evans,Symphony,11/03/2026 10:07:50,33,,CS1745450,17031.0,17031.0,"4 hrs, 43 mins","4 hrs, 43 mins"
CS1745640,North West Anglia NHS Foundation Trust,4 - Low,04/03/2026 14:32:20,Closed,DB0129 Document,Apologies as not sure the category is correct. Can you please provide a DB0129 document to pass on to the trusts clinical safety project.,20/03/2026 13:55:28,Acute Care Symphony Support Level 1,Shazad Ishaque,Symphony,06/03/2026 13:54:25,14,,CS1745640,55325.0,170525.0,"15 hrs, 22 mins","1 days, 23 hrs, 22 mins"
CS1746008,Northern Lincolnshire And Goole NHS Foundation Trust,4 - Low,05/03/2026 09:24:22,Closed,Importing lookups,"Good morning,
Can you please tell me if we wanted to import a list of Drugs/Allergies into Symphony what file format would they need to be in and would this be something Optum could do for us?

Thanks",02/04/2026 13:13:30,Acute Care Symphony Support Level 1,Konrad Siddons,Symphony,19/03/2026 13:12:22,20,,CS1746008,14395.0,14395.0,"3 hrs, 59 mins","3 hrs, 59 mins"
CS1746541,Mid Yorkshire Teaching NHS Trust,4 - Low,05/03/2026 15:35:04,Closed,Remove DOD from Symphony,"Hi, 

LJM 7450755

We have been informed the above patient was deceased in error, are you able to remove the DOD from this patient please?


Thank you",06/03/2026 12:12:48,Acute Care Symphony Support Level 1,Konrad Siddons,Symphony,06/03/2026 12:08:43,7,,CS1746541,16419.0,74019.0,"4 hrs, 33 mins","20 hrs, 33 mins"
CS1746814,Health Service Executive,4 - Low,06/03/2026 10:23:04,Closed,batch printing,staff member prints out batch printing under date range 5 march  7.30am to 6 mar 7.30am.  THe batch thats prints out contains pages for the day before,07/04/2026 00:31:28,Acute Care Symphony Support Level 1,Konrad Siddons,Symphony,24/03/2026 00:29:29,23,,CS1746814,53957.0,341957.0,"14 hrs, 59 mins","3 days, 22 hrs, 59 mins"
CS1746976,Doncaster and Bassetlaw Teaching Hospitals NHS Foundation Trust,4 - Low,06/03/2026 12:23:32,Closed,Special Case alert audit ,"Hi, can we audit who added an alert to patient D0016685 please? The alert was 'high risk to violence to all, not to be seen alone'. Can we see who added it and when, and then when and who removed it?
Thanks, Laura",23/03/2026 15:21:27,Acute Care Symphony Support Level 1,Konrad Siddons,Symphony,09/03/2026 15:20:04,20,,CS1746976,23093.0,253493.0,"6 hrs, 24 mins","2 days, 22 hrs, 24 mins"
CS1747281,Barking Havering And Redbridge University Hospitals NHS Trust,4 - Low,08/03/2026 11:56:46,Closed,GP Import,Latest GP Import required,23/03/2026 08:09:27,Acute Care Symphony Support Level 1,,Symphony,09/03/2026 08:07:52,10,,CS1747281,0.0,72666.0,,"20 hrs, 11 mins"
CS1747422,Northern Lincolnshire And Goole NHS Foundation Trust,4 - Low,09/03/2026 10:07:38,Closed,Triage enotes coming up at Discharge,"A user has reported that Triage enotes are coming up at Discharge if not completed.

However, when I have checked on DEP config I cannot find that Triage enotes are set as a pre requisite to Discharge.

I have checked on Test and the same is happening (on test RAT enotes are also coming up).

I am really hoping that someone at Optum can help me in sorting this out.",15/05/2026 11:13:28,Acute Care Symphony Support Level 2,Sheree Chadwick,Symphony,01/05/2026 11:12:35,58,,CS1747422,1095420.0,2175420.0,"12 days, 16 hrs, 17 mins","25 days, 4 hrs, 17 mins"
CS1747791,Mid Yorkshire Teaching NHS Trust,4 - Low,09/03/2026 14:22:13,Closed,Symphony user information,"Hello

Are you able to provide information on when the following users last used Symphony please?

xAsiya.Jogiyat     	Asiya.Jogiyat@locala.org.uk
xgillian.clarke     	Gillian.clarke@locala.org.uk
xkrysia.zielinska   	Krysia.zielinska@locala.org.uk
xMikki.Dearden-Brigg	Mikki.dearden-briggs@locala.org.uk

Thank you",10/03/2026 14:54:41,Acute Care Symphony Support Level 1,Shazad Ishaque,Symphony,10/03/2026 14:33:29,14,,CS1747791,29476.0,87076.0,"8 hrs, 11 mins","1 days, 11 mins"
CS1748800,Leeds Teaching Hospitals NHS Trust,4 - Low,11/03/2026 09:00:28,Closed,Add CFG_Locations field to replication,"Data is replicated to the datawarehouse from database [EMIS_SYM_LEEDS_LIVE] on server SYMSQLP01\SYMPHONYPROD
[CFG_Locations] doesn’t seem to to be in the local subscriptions/publisher that get replicated, this table needs adding please.",24/04/2026 11:35:27,Acute Care Symphony Support Level 1,Gareth Evans,Symphony,10/04/2026 11:34:40,62,,CS1748800,681486.0,1500434.0,"7 days, 21 hrs, 18 mins","17 days, 8 hrs, 47 mins"
CS1750415,Health Service Executive,4 - Low,13/03/2026 11:42:09,Closed,Query,"Can a pain ruler be applied after every discriminator on the Manchester triage system, ED Nurse noted on last audit that pain ruler only appears for pain discriminators and otherwise defaults to a 0/10 for pain for everything else. This is part of our audit criteria for Manchester triage.",31/03/2026 15:13:28,Acute Care Symphony Support Level 1,Konrad Siddons,Symphony - Manchester Triage v3,17/03/2026 15:11:35,10,,,,,,
CS1750463,Kent Community Health NHS Foundation Trust,4 - Low,13/03/2026 12:32:56,Closed,Invalid Parameter: Build - On test DB,"Hello, I am getting an error message of 'invalid parameter: build' when I try to log into the KCH Symphony Test (v3.1) data base. Build 3.1.1.10.

I have attached a screen shot of the error message. No one in KCHFT is able to log in. 
I have contacted my local IT team and they have looked at the backend and there are no issues. Live is fine also. 
Please advise.",01/05/2026 10:52:00,Acute Care Symphony Support Level 2,Lee Booth,Symphony,28/04/2026 09:49:56,49,,CS1750463,1252986.0,2674986.0,"14 days, 12 hrs, 3 mins","30 days, 23 hrs, 3 mins"
CS1750837,Gibraltar Health Authority (GHA),4 - Low,16/03/2026 09:12:18,Closed,Pop Up Screens/Stages not working,"Conditionality added to A+E NCHD e-Notes for a pop up screens/stages is not working.

Example  -  Test environment on e-Note field 'Discharge Safety Checks'.",03/04/2026 09:09:27,Acute Care Symphony Support Level 1,Gareth Evans,Symphony,20/03/2026 09:07:27,27,,CS1750837,28414.0,86014.0,"7 hrs, 53 mins","23 hrs, 53 mins"
CS1751856,Betsi Cadwaladr University Healthboard,4 - Low,17/03/2026 10:21:39,Closed,error message when building e-audit,"error message when building e-audit- opening table look-up field for the item on the dep (screenshot)  after build audit fails to launch...

DATETIME: 17-Mar-2026 09:58:28|| DESCRIPTION: Element not found|| SOURCE: Nodes|| COMPONENT: FWCommonControls|| ERRORNO: 35601|| PROCEDURE: LoadLookUpValues method|| CODEBLOCK:  Error at PopulateMVDefTreeView 4|| USFMESSAGE:  || APPLICATION: Symphony Version 2|| ATTENDANCENO: || PATIENTID: || PCNAME: 7A1A1SRDSED0002|| SERVERNAME: BCUED\BCUED_DB|| LOGGEDUSER: Ja104953|| SITE: BCU Live|| BUILDNO: 2.39.1.20|| OS:  Version 6.2 Build 9200 || DBTYPE: || DBVERSION: 2.39.1|| MDACVERSION: 10.0||",25/03/2026 13:34:55,Acute Care Symphony Support Level 1,Konrad Siddons,Symphony,25/03/2026 12:11:26,19,,CS1751856,75164.0,190364.0,"20 hrs, 52 mins","2 days, 4 hrs, 52 mins"
CS1752066,Northern Lincolnshire And Goole NHS Foundation Trust,4 - Low,17/03/2026 12:55:55,Closed,RAT Senior Decision maker,"A new DEP has been added to Live Symphony called RAT Senior Decision maker and the field of the same name has been set as a flagged column.

As suggested on call no CS1743884 can Optum now please run an update script to backdate the validity of the flag so that data shows correctly in the new flagged column.

Thanks",23/03/2026 09:21:18,Acute Care Symphony Support Level 1,Konrad Siddons,Symphony,17/03/2026 15:08:08,8,,CS1752066,7933.0,7933.0,"2 hrs, 12 mins","2 hrs, 12 mins"
CS1752565,Health Service Executive,4 - Low,18/03/2026 10:20:29,Closed,password reset,"Naas:
Please can yo u reset password for -: Tracey mcfarland -  Account name is healthirl\emistmcfarland",24/03/2026 14:30:48,Acute Care Symphony Support Level 1,Konrad Siddons,Symphony,18/03/2026 10:39:30,6,,CS1752565,1141.0,1141.0,19 mins,19 mins
CS1752832,North West Anglia NHS Foundation Trust,4 - Low,18/03/2026 13:25:14,Closed,Slowness,"The department are experiencing slowness within Symphony today.

The user I spoke with is booking in patients and is experiencing extreme slowness in all aspects of this, from pressing 'search' to selecting the patient, to going through the booking process and finalising the booking.",24/03/2026 09:21:03,Acute Care Symphony Support Level 1,Gareth Evans,Symphony,24/03/2026 09:10:15,14,,CS1752832,17637.0,75237.0,"4 hrs, 53 mins","20 hrs, 53 mins"
CS1755879,Isle Of Wight NHS Trust,4 - Low,23/03/2026 11:13:49,Closed,Audit on test patient,"Hello.
I need an audit run on patient id IW464208. An attendance has been deleted and we need to know who added the information on as discharge information has been sent to a live GP.
Thanks",23/03/2026 14:00:16,Acute Care Symphony Support Level 1,Shazad Ishaque,Symphony,23/03/2026 14:00:14,12,,CS1755879,9985.0,9985.0,"2 hrs, 46 mins","2 hrs, 46 mins"
CS1756102,Betsi Cadwaladr University Healthboard,4 - Low,23/03/2026 12:18:22,Closed,undelete YBB-26-000864-1,"not sure if this is possible but can YBB-26-000864-1 be undeleted?  intent was to delete MIU appointment YBB-26-000864-2.... (pt booked for this appointment in MIU bin YBB, but patient turned up in LLGH MIU 45 miles away at the same time... intended to delete MIU clinic attendance but accidentally deleted MIU attendance of 21/03/2026 at 13:23...   worst case scenario will need to rebuild attendance from screenshots?",23/03/2026 14:51:00,Acute Care Symphony Support Level 1,Konrad Siddons,Symphony,23/03/2026 14:50:49,14,,CS1756102,8825.0,8825.0,"2 hrs, 27 mins","2 hrs, 27 mins"
CS1756598,Gibraltar Health Authority (GHA),4 - Low,24/03/2026 09:12:34,Closed,Audit report on patient access not showing all access data,"the current audit report we have on patient access only shows user's that view patient details and not view any patient data such as selecting them on the tracking grid or opening e-view.
we require for internal auditing practices on patient access for GDPR purposes to see any data accessed within a patients clinical record and by whom.  Can this be looked into and improved?",23/04/2026 11:51:27,Acute Care Symphony Support Level 1,Shazad Ishaque,Symphony,09/04/2026 11:50:56,27,,CS1756598,51258.0,108858.0,"14 hrs, 14 mins","1 days, 6 hrs, 14 mins"
CS1756737,Isle Of Wight NHS Trust,4 - Low,24/03/2026 10:21:12,Closed,DAD restart,"Hello. Due to the clocks going forward over the weekend - Sunday 1am.  The DAD restart will need to happen. I have emailed the reception staff to remind them and to call and ask for the restart. 
Is this something that can be done automatically? Opposed to asking staff to call in?",10/04/2026 16:31:27,Acute Care Symphony Support Level 1,Konrad Siddons,Symphony - DAD,27/03/2026 16:30:46,12,,,,,,
CS1757047,Isle Of Wight NHS Trust,4 - Low,24/03/2026 13:40:25,Closed,Breakdown of Manchester Triage,"Good afternoon,
I've been looking through the knowledge part of Optum's support page but I'm unable to find what I'm looking for.

Consultants within the department have for a deconstruction of the Manchester Triage Tool, is this something you'd be able to send over please? 

Ideally we'd have a list of all options within the tool, with the follow-on choices and then the acuity score.

Bw
Ethan",31/03/2026 13:23:21,Acute Care Symphony Support Level 1,Gareth Evans,Symphony - Manchester Triage v3,31/03/2026 13:14:56,14,,,,,,
CS1757100,Health Service Executive,4 - Low,24/03/2026 14:21:43,Closed,Server quarterly patching scheduled for Thurs 26th March at 9am.,"WE have our Q1 patching schedule taking place of servers on thursday 26th MArch. Last year each quater we had one of your staff confirm after all performing as expected and services running (previous ref is CS1604015)

Could someone check please at 9am when all back that from your end all is ok. We will check symphony and symphony reports also.

plan is as follows:

PNDCSYMNAADBS04 - Downtime to symphony system - 26/03/26 - 08.00am to 9.00am (reboot) - supressed reboot
PNDCSYMNAADBS01 - Downtime to symphony system - 26/03/26  - 08.00am to 9.00am (reboot) - supressed reboot
PNDCSYMNAADS05    - No impact to symphony system just reports - 25/03/26  - 11.00pm to 6.00am - automatic reboot & maintenance window
PNDCSYMNAADBS02 - No impact to symphony system just reports - 25/03/26  - 11.00pm to 6.00am - automatic reboot & maintenance window",09/04/2026 12:57:28,Acute Care Symphony Support Level 1,Shazad Ishaque,Symphony,26/03/2026 12:55:28,24,,CS1757100,6891.0,6891.0,"1 hrs, 54 mins","1 hrs, 54 mins"
CS1757307,Leeds Teaching Hospitals NHS Trust,4 - Low,25/03/2026 07:50:23,Closed,Remove Grey Team,Hi Can you please remove the grey team.,10/04/2026 09:21:28,Acute Care Symphony Support Level 1,Shazad Ishaque,Symphony,27/03/2026 09:20:36,19,,CS1757307,59339.0,103116.0,"16 hrs, 28 mins","1 days, 4 hrs, 38 mins"
CS1758641,Leeds Teaching Hospitals NHS Trust,4 - Low,26/03/2026 14:46:17,Closed,SSRS and Dashboards,"Hi Team

We are currently mapping out our internal processes for SSRS and Dashboard development request, I wanted to clarify a few points to ensure we have a clear and efficient approach moving forward.

Could you please confirm whether Optum has a formal request template for submitting new SSRS and Dashboard development requirements? This will help us standardise the information we provide and streamline the process.

Please can you share Optum's rate card for SSRS reporting requests and Dashboard requests, so we can plan appropriately for future requests?

Finally, we are looking to establish an internal triage process to ensure that only well?defined and fully scoped requests are submitted to Optum. Any guidance you can provide to support this would be appreciated.

Thanks in advance for your support.",10/04/2026 10:59:26,Acute Care Symphony Support Level 1,Gareth Evans,Symphony,27/03/2026 10:58:20,8,,CS1758641,29523.0,72723.0,"8 hrs, 12 mins","20 hrs, 12 mins"
CS1759265,Betsi Cadwaladr University Healthboard,4 - Low,27/03/2026 13:07:30,Closed,if majax ,"not strictly an error,  more advice.... I'm looking at having a few DEPS available when a majax is declared (but not available without majax conditionality) I could have sworn there was an 'IF MAJAX' conditionality  field in  our DEPC but can't for the life of me find it...",14/04/2026 15:15:27,Acute Care Symphony Support Level 1,Konrad Siddons,Symphony,31/03/2026 15:14:25,15,,CS1759265,56794.0,341194.0,"15 hrs, 46 mins","3 days, 22 hrs, 46 mins"
CS1759333,North Cumbria Integrated Care NHS Foundation Trust,4 - Low,27/03/2026 14:35:17,Closed,Error when logging into DEP config,"Previous ticket - 
CS1643932

We are receiving error when logging into DEP Config this happened a while ago and I believe it as due to a duplicate.

Please can the duplicate be removed?

Is there a way we can resolve this ourselves on ourside?",30/03/2026 12:42:04,Acute Care Symphony Support Level 1,Sheree Chadwick,Symphony,30/03/2026 12:17:51,16,,,,,,
CS1761301,Mid Yorkshire Teaching NHS Trust,4 - Low,01/04/2026 10:09:36,Closed,Remove DOD from Symphony,"Hello,

PMI-7255227 AS

The above patient had a date of death recorded on eCamis since 18/08/2025 as NCRS had Formal DOD of 26/01/2025. 

However, we have been notified that the Formal DOD has been removed from NCRS and the patient is alive. 

Could you please manually remove from Symphony please?",01/04/2026 15:33:26,Acute Care Symphony Support Level 1,Shazad Ishaque,Symphony,01/04/2026 13:05:05,12,,CS1761301,10529.0,10529.0,"2 hrs, 55 mins","2 hrs, 55 mins"
CS1761716,Mid Yorkshire Teaching NHS Trust,4 - Low,01/04/2026 15:07:44,Closed,Bed manager ,Are you still running the weekly or monthly script to remove attendances that don't come off once discharged? We have currently got 14 discharged patients that are still showing on Bed Manager tracking grid. Please can you look into this and remove as it wont allow us to. This is also making the tracking grid very slow and harder to locate to patients and add clinical information to.,21/04/2026 15:01:28,Acute Care Symphony Support Level 1,Shazad Ishaque,Symphony,07/04/2026 15:01:07,24,,CS1761716,42189.0,102284.0,"11 hrs, 43 mins","1 days, 4 hrs, 24 mins"
CS1761894,NHS Ayrshire and Arran,4 - Low,02/04/2026 08:47:41,Closed,Symphony login screen options,"When we launch Symphony we see options to launch Symphony LIVE, TRAIN and TEST environments.  As we no longer use the TEST or TRAIN environments, how can we have these removed as options so that only the option to launch LIVE is presented?  Thanks",09/04/2026 10:41:20,Acute Care Symphony Support Level 1,Konrad Siddons,Symphony,02/04/2026 12:56:11,13,,CS1761894,11470.0,12209.0,"3 hrs, 11 mins","3 hrs, 23 mins"
CS1763173,Mid Yorkshire Teaching NHS Trust,4 - Low,07/04/2026 14:15:19,Closed,.Net Framework - 3.5 from Microsoft,"As the End of life date is looming for .net Framework 3.5 from  Microsoft (9th Jan 2029), could you please confirm in writing that Symphony will not require .net 3.5 in order to function by Autumn 2028?
Will Optum have the capacity required to provide whatever support/services needed to migrate/upgrade us as required if it is required.",09/04/2026 10:15:49,Acute Care Symphony Support Level 1,Gareth Evans,Symphony,07/04/2026 17:49:21,9,,CS1763173,9881.0,12842.0,"2 hrs, 44 mins","3 hrs, 34 mins"
CS1764304,Luton And Dunstable Hospital NHS Foundation Trust,4 - Low,09/04/2026 10:49:58,Closed,Please send excel spreadsheet of List of PAS Codes for each location ,"Hi Support
For Bedford Symphony Live 
Please send excel spreadsheet of List of PAS Codes with each location as shown in attachment for Discharge Destination in lookups
Many thanks
Zak
IT Team",01/05/2026 09:01:27,Acute Care Symphony Support Level 1,Gareth Evans,Symphony,17/04/2026 09:01:10,19,,CS1764304,26275.0,26275.0,"7 hrs, 17 mins","7 hrs, 17 mins"
CS1764338,Mid Yorkshire Teaching NHS Trust,4 - Low,09/04/2026 11:10:27,Closed,Nobody can log in,"Nobody can log in. You can select the database, then put your login details, click the login button and get the blue circle.",29/04/2026 08:11:27,Acute Care Symphony Support Level 1,Gareth Evans,Symphony,15/04/2026 08:09:43,28,,CS1764338,27983.0,258039.0,"7 hrs, 46 mins","2 days, 23 hrs, 40 mins"
CS1765094,North Cumbria Integrated Care NHS Foundation Trust,4 - Low,10/04/2026 11:22:39,Closed,ODS/GP Update,"Could you please update the master GP file on DEV, TEST and TRAIN?",10/04/2026 11:26:26,Acute Care Symphony Support Level 1,Shazad Ishaque,Symphony,10/04/2026 11:26:25,7,,,,,,
CS1765328,North Cumbria Integrated Care NHS Foundation Trust,4 - Low,10/04/2026 14:10:42,Closed,Patient Record Audit,"Require audit of all activity on following patient's record between 01 January 2020 - 31 March 2026.
NHS Number 4008308512

Of you require any further information please let me know.
Many Thanks",13/04/2026 08:34:44,Acute Care Symphony Support Level 1,Shazad Ishaque,Symphony,10/04/2026 16:53:57,8,,,,,,
CS1765749,North Cumbria Integrated Care NHS Foundation Trust,4 - Low,13/04/2026 09:08:39,Closed,Patient Record Audit,"Require audit of all activity on following patient's record between 23 March - 10 April 2026.
NHS Number 6128176313

If you require any further information please let me know.
Many Thanks",13/04/2026 15:40:23,Acute Care Symphony Support Level 1,Shazad Ishaque,Symphony,13/04/2026 15:29:24,7,,,,,,
CS1766817,Leeds Teaching Hospitals NHS Trust,4 - Low,14/04/2026 08:24:09,Closed,BRM grey team,Can you please remove the grey team on BRM department?,28/04/2026 16:05:28,Acute Care Symphony Support Level 1,Shazad Ishaque,Symphony,14/04/2026 16:05:05,18,,CS1766817,27656.0,27656.0,"7 hrs, 40 mins","7 hrs, 40 mins"
CS1767196,Aneurin Bevan University Healthboard,4 - Low,14/04/2026 11:26:42,Closed,Issue when Applying Midas Alert,"Hi,
This is a continuation of call CS1584433 it was closed due to no reply from our side. This is still an issue. 

When staff are trying to upload a MIDAS to this specific patient they get a plethora of errors. We tried again this morning and this was the screenshot they had attached.

We have tried from multiple different PC and scanners. Sometimes when the user tries to upload to MIDAS and it errors and crashes Symphony. When the user logs back in to Symphony they are not able to scan any other patient. It's as if this patient triggers an issue",05/05/2026 08:30:07,Acute Care Symphony Support Level 1,Shazad Ishaque,Symphony,05/05/2026 08:30:05,47,,CS1767196,181804.0,358838.0,"2 days, 2 hrs, 30 mins","4 days, 3 hrs, 40 mins"
CS1768476,Doncaster and Bassetlaw Teaching Hospitals NHS Foundation Trust,4 - Low,15/04/2026 16:02:51,Closed,Staff Audit Request ,Please can we have an audit on user rebecca.thirlwell from 01/10/2025-14/04/2026.,30/04/2026 17:01:26,Acute Care Symphony Support Level 1,Konrad Siddons,Symphony,16/04/2026 17:00:38,8,,CS1768476,32229.0,89867.0,"8 hrs, 57 mins","1 days, 57 mins"
CS1768975,Mid Yorkshire Teaching NHS Trust,4 - Low,16/04/2026 12:08:32,Closed,Unsupported DLL ,We have an unsupported dll (mscomct2.ocx) that is having to be registered every time there is a Windows update. Is this replaced in a future patch or upgrade?,15/05/2026 18:16:58,Acute Care Symphony Support Level 1,Shazad Ishaque,Symphony,01/05/2026 15:33:38,28,,CS1768975,49538.0,337538.0,"13 hrs, 45 mins","3 days, 21 hrs, 45 mins"
CS1769148,Children's Health Ireland,4 - Low,16/04/2026 14:43:32,Closed,Adding a new drug to drug name list lookup not appearing in application,When I add a new drug name to a lookup it is not appearing in the live application. attached screenshots from DEP and lookup list. can you let me know if there is something I am doing incorrect?,15/05/2026 06:16:05,Acute Care Symphony Support Level 1,Konrad Siddons,Symphony,01/05/2026 03:29:28,14,,CS1769148,14503.0,72103.0,"4 hrs, 1 mins","20 hrs, 1 mins"
CS1770119,Swansea Bay University Health Board,4 - Low,20/04/2026 08:47:13,Closed,Access to UAT for developers,"SBU are decommissioning Symphony in September. Their devs need access to the backend UAT database to test migration.

dai.topliss@wales.nhs.uk
luke.willis@wales.nhs.uk",09/06/2026 03:15:27,Acute Care Symphony Support Level 1,Gareth Evans,Symphony,26/05/2026 03:14:28,30,,CS1770119,198822.0,707189.0,"2 days, 7 hrs, 13 mins","8 days, 4 hrs, 26 mins"
CS1771038,Isle Of Wight NHS Trust,4 - Low,21/04/2026 09:38:07,Closed,invalid DOB error,On IW030055 we are seeing a DOB error message when closing the patient wizard but the record has a valid DOB.  Please can you review the record and see why I am seeing this error.,21/04/2026 09:40:26,Acute Care Symphony Support Level 1,,Symphony,21/04/2026 09:40:24,8,,CS1771038,137.0,137.0,2 mins,2 mins
CS1771981,North Cumbria Integrated Care NHS Foundation Trust,4 - Low,22/04/2026 11:47:14,Closed,Possible Deletion of Attendance on incorrect patient,User reports that whilst trying to remove an attendance on patient 0375401 attendance number CED-26-017590-1 they may have inadvertently deleted attendance number  CED-26-01759-0 and she cannot identify which patient this record relates to.  Are you able to establish which patient CED-26-01759-0 relates to?,11/05/2026 18:18:18,Acute Care Symphony Support Level 1,Gareth Evans,Symphony,27/04/2026 12:53:05,13,,,,,,
CS1772326,Bon Secours Hospital Cork,4 - Low,22/04/2026 17:54:45,Closed,Access the Live SQL Server,"John (from IT) calling to query why their SQL box (BSCDBP01) was accessed on the 14/04 by the 'emisadmin' account.

The access unsuccessful after multiple attempts. ",06/05/2026 18:07:26,Acute Care Symphony Support Level 1,Shazad Ishaque,Symphony,22/04/2026 18:06:16,7,,CS1772326,0.0,691.0,,11 mins
CS1772631,Luton And Dunstable Hospital NHS Foundation Trust,4 - Low,23/04/2026 12:04:17,Closed,Symphony test outputting unescaped ampersand in Hl7,"Symphony output un escaped ampersand in HL7 causing issues for our systems.

Symphony patient address populated using postcode tool and had underscore. In HL7 this turned into unescaped ampersand. 

This is noticed in current test environment.

Message:

MSH|^~\&|SYMPHONYDAD|SYMPHONY|TIE|IPM|20260422111207||ADT^A28|2026042212711612|P|2.4|||AL|AL|||
EVN|A28|20260422111207|20260422111207|||20260422111207|
PID|||60590152^^^PAS~^^^NHS||Pep^Symphonyreg^^^MISS||20001008|F|||Luton & Dunstable Hospital Nhs^Lewsey Road^Luton^United Kingdom^LU4 0DZ||01582491166^HOME~07111222333^MOB|||S|R/C|||||D||||8|none||||
PD1|||WHEATFIELD SURGERY^GPPRC^E81008|G8433097^ESTEKIBARDEH^AH|
NK1||^^^^|^NSP|^^^^^^|||",12/05/2026 09:23:09,Acute Care Symphony Support Level 1,Shazad Ishaque,Symphony - DAD,11/05/2026 17:32:40,42,,,,,,
CS1772633,Northern Lincolnshire And Goole NHS Foundation Trust,4 - Low,23/04/2026 12:05:51,Closed,Investigations and Treatment new DEPs,"Before when they were just outcome DEPs users could select multiple Investigations or Treatments  but now that we have changed to Request and Outcome can only select one, click add and then select another and click add etc.
 
Is there a way to add multiple when it is a request and outcome DEP?",27/04/2026 10:43:32,Acute Care Symphony Support Level 1,Konrad Siddons,Symphony,24/04/2026 10:12:13,14,,CS1772633,18553.0,61753.0,"5 hrs, 9 mins","17 hrs, 9 mins"
CS1773736,Mid Yorkshire Teaching NHS Trust,4 - Low,27/04/2026 09:56:24,Closed,Symphony postcode error ,"Hello,

Our AE depts (PGI,PGH & DDH)  are experiencing issue with the postcode finder the attached error is being received when entering a postcode on Symphony, this is causing extra work for our staff when registering patients. Could this issue be dealt with a matter of urgency please?",28/04/2026 12:00:08,Acute Care Symphony Support Level 1,Konrad Siddons,Symphony - Capscan Matchcode (GBG),27/04/2026 12:14:03,7,,,,,,
CS1774480,Northampton General Hospital NHS Trust,4 - Low,28/04/2026 10:20:24,Closed,Remove incorrect Attendance ,"Hi support, 

We no longer have access to Symphony to amend changes please could you remove the following attendance as unfortunately the paramedics provided the Emergency Department with the incorrect patient details on the date of attendance.

Hospital Number: 3214515
Attendance date: 26/12/2024

Kind regards
Sunny Patel
NGH IT Clinical Applications Specialist",30/04/2026 11:32:34,Acute Care Symphony Support Level 1,Konrad Siddons,Symphony,29/04/2026 14:38:23,16,,CS1774480,43458.0,101058.0,"12 hrs, 4 mins","1 days, 4 hrs, 4 mins"
CS1774527,Mid Yorkshire Teaching NHS Trust,4 - Low,28/04/2026 10:46:53,Closed,Bed Manager tracking grid,"I was advised that there is still a job running every Monday to remove any extra attendances still showing in the backend database. However, there are 24 extra attendances showing today which is slowing down the tracking grid. Please can these be removed?
Thanks.",19/05/2026 18:17:30,Acute Care Symphony Support Level 1,Shazad Ishaque,Symphony,05/05/2026 14:40:42,28,,CS1774527,45181.0,416684.0,"12 hrs, 33 mins","4 days, 19 hrs, 44 mins"
CS1774860,Health Service Executive,4 - Low,28/04/2026 15:22:07,Closed,Issue with patients appearing as RIP on symphony,"We recently had a patient that attended ED and when they searched for patient on symphony it had the black banner and marked patient RIP. This patient is alive and had no date of death entered on PAS. Konrad at the time looked at this for margaret in ED and said must have been an update done on PAS. I made contact with IMS maxims and they ran a report on this patient and confirmed no RIP updates were ever done on this patient. 

Please see report below. Can we get it investigated why this happened on symphony as it is confirmed there was no RIP data sent across the interface to symphony. NGH-26-012274

I have checked the interfacing logs for this patient for April 22nd.
Patient Updates were sent to Symphony for the patient, but no RIP data was sent. We populate the Date of Death in the PID segment of a Patient Update A31 HL7 message. It is the second last field in the PID segment.
There are 3 patient updates in the log file for yesterday (7.31am, 10.25am, 2.49pm) and none of them show anything in the second last field in the PID segment (last part of segment below - as you can see - nothing in the second last field):
|Y|S|01||||||||||||
I have also run an audit for this patient and it does not show any update to the Date of Death for this patient on PAS.
PAS did not send RIP data for this patient to EMIS yesterday.",21/05/2026 16:17:27,Acute Care Symphony Support Level 1,Konrad Siddons,Symphony - PAS Interface Inbound,07/05/2026 16:16:48,9,,,,,,
CS1775341,Health Service Executive,4 - Low,29/04/2026 11:42:45,Closed,AD login,"Symphony 2.39 St Columcilles
The user panel has an option to map the account to an active directory user. However that seems to appear in the wrong format, my account as jeroen.verbruggen1 instead of jeroenverbruggen1. Can you explain how the AD user setup works, also what password is the user validated against. 
In addition the login panel as a database selection dropbox, can the database be defaulted without users having to select the database?",15/07/2026 10:56:19,Acute Care Symphony Support Level 1,Sheree Chadwick,Symphony,08/07/2026 12:11:35,18,,CS1775341,1414688.0,5965088.0,"16 days, 8 hrs, 58 mins","69 days, 58 mins"
CS1775698,Doncaster and Bassetlaw Teaching Hospitals NHS Foundation Trust,4 - Low,29/04/2026 17:03:45,Closed,Audit for BDGH-25-046633-1,"Can we please have an audit for patient D0827339 attendance BDGH-25-046633-1? To include if possible: access to the record in Symphony, and any modifications to the attendance after the attendance dates.",27/05/2026 17:47:28,Acute Care Symphony Support Level 1,Shazad Ishaque,Symphony,13/05/2026 17:47:20,18,,CS1775698,52708.0,112923.0,"14 hrs, 38 mins","1 days, 7 hrs, 22 mins"
CS1775777,Isle Of Wight NHS Trust,4 - Low,30/04/2026 09:15:53,Closed,User list,"Hi team,

Are you able to provide a list of all IW Symphony users? Ideally in an excel sheet with user and full name in separate columns. I'm unsure if this is something we're able to generate ourselves, so if it is please let me know how!

Thank you
Regards
Zach",14/05/2026 18:17:57,Acute Care Symphony Support Level 1,Konrad Siddons,Symphony,30/04/2026 12:45:51,16,,CS1775777,12399.0,12399.0,"3 hrs, 26 mins","3 hrs, 26 mins"
CS1775902,South Tees Hospitals NHS Foundation Trust,4 - Low,30/04/2026 10:44:16,Closed,System Backup ,"Our Trust backup system reported the following error this morning,  due to a local job to backup the SQL log being enabled yesterday for the referenced Symphony database.
Failed backup of the transaction log for SQL Server database 'EMIS_EIE_SouthTees_Upgrade' from 'STAS822\STAS820\MSSQLSERVER'.
Apr 29, 2026, 1:53:47 PM
Error code
RBK20200004
What happened?
The transaction log chain is broken for database STAS822\EMIS_EIE_SouthTees_Upgrade.
Possible cause
The last transaction log backup, '<unnamed log backup>', was performed outside of a Rubrik CDM instance (Last log backup user: 'XSTEES\SASymphony').
Possible solution
Check with the SQL Server administrator to confirm whether any log backup operations are performed outside of a Rubrik CDM instance. If so, start a new log chain by taking an On-demand snapshot for this database.
In SQL Server, each log backup captures only the transactions that have occurred since the immediately preceding log backup. If two systems (e.g., SQL Agent and a third-party backup system like Rubrik) are both taking log backups it fragments the log chain, making data recovery extremely difficult and unreliable.
do we know why this was chnaged and can we prevent it from heppening again as it causes backup issue on site.",11/05/2026 12:17:26,Acute Care Symphony Support Level 1,Gareth Evans,Symphony,11/05/2026 10:21:13,13,,CS1775902,196694.0,945494.0,"2 days, 6 hrs, 38 mins","10 days, 22 hrs, 38 mins"
CS1775945,Isle Of Wight NHS Trust,4 - Low,30/04/2026 11:07:56,Closed,Access to diagnosis audit code spreadsheet,Please can you give me access to the Diagnosis audit code spreadsheet? I am trying to do the audits but I am getting an error message saying 'we couldn't authenticate with the credentials provided. Our Analytics Team have tried giving me access but they can't do it so advised me to raise a call with you.,30/04/2026 13:32:29,Acute Care Symphony Support Level 1,Konrad Siddons,Symphony,30/04/2026 12:59:57,15,,CS1775945,4749.0,4749.0,"1 hrs, 19 mins","1 hrs, 19 mins"
CS1776534,Mid Yorkshire Teaching NHS Trust,4 - Low,01/05/2026 09:43:26,Closed,Address change - 7745704,"Please can you let me know when an address was changed on a patient record for an investigation?
7745704",15/05/2026 18:17:06,Acute Care Symphony Support Level 1,Konrad Siddons,Symphony,01/05/2026 15:23:11,10,,CS1776534,20385.0,20385.0,"5 hrs, 39 mins","5 hrs, 39 mins"
CS1776914,Brighton And Sussex University Hospitals NHS Trust,4 - Low,01/05/2026 14:15:02,Closed,Symphony DBA Tunning Questions ,"As discussed with Rachel Wilson and the architecture team, please find attached reports from our DBA. We would like to know if we can implement the recommendations in the attached reports.

 This will hopefully help with system performance.",12/06/2026 02:31:27,Acute Care Symphony Support Level 1,Konrad Siddons,Symphony,29/05/2026 02:29:29,30,,CS1776914,293067.0,1214667.0,"3 days, 9 hrs, 24 mins","14 days, 1 hrs, 24 mins"
CS1776982,Mid Yorkshire Teaching NHS Trust,4 - Low,01/05/2026 15:23:27,Closed,Remove DOD from Symphony,"Hi, 

MG 7816040 NHS no. 422 126 3156

The above patient has been deceased in error on 01/05/26. 

Are you able to remove the Date Of Death from the Symphony please?",12/05/2026 12:17:26,Acute Care Symphony Support Level 1,Gareth Evans,Symphony,05/05/2026 09:08:08,13,,CS1776982,4120.0,4120.0,"1 hrs, 8 mins","1 hrs, 8 mins"
CS1777356,South Tees Hospitals NHS Foundation Trust,4 - Low,05/05/2026 10:42:00,Closed,Messages from Test EIE are not going out,"Hello
The outbound feed from the Test EIE look to have stopped, please could this be looked into and the interface restarted?
Thanks
Paul",14/05/2026 09:49:30,Acute Care Symphony Support Level 1,Konrad Siddons,Symphony - EIE,11/05/2026 16:51:26,16,,,,,,
CS1777698,Mid Yorkshire Teaching NHS Trust,4 - Low,05/05/2026 14:28:37,Closed,BRM - Weekly SQL Scheduled Job Amendment,"Related case reference: CS1774527

Mid Yorks have a weekly job setup to clear Discharged patients from the tracking grid. The job currently clears patients who remain on the tracking grid for a month. 

Aamir would like to amend this scheduled job so that it clears discharged patients after one week. The request to action this change from Aamir can be found in CS1774527.

SQL job name:

SQL Database: EMIS_SYM_MIDYORKS_LIVE
Job name: EMIS - Remove Orphaned Service Department Current Attendances

",26/05/2026 17:05:27,Acute Care Symphony Support Level 1,Shazad Ishaque,Symphony,12/05/2026 17:03:38,16,,CS1777698,87927.0,260945.0,"1 days, 25 mins","3 days, 29 mins"
CS1778141,Tallaght University Hospital,4 - Low,06/05/2026 10:44:22,Closed,Test Database,"Hi All,

When I'm launching symphony on our test citrix environment I get a popup to enter the server details.
I'm entering ""test-srvsymdb"" but getting an error. (attached)
Are you able to check on our test system to make sure its running as expected?

Cheers,
Dean",04/06/2026 09:05:28,Acute Care Symphony Support Level 1,Shazad Ishaque,Symphony,21/05/2026 09:04:36,16,,CS1778141,73926.0,189126.0,"20 hrs, 32 mins","2 days, 4 hrs, 32 mins"
CS1778306,Isle Of Wight NHS Trust,4 - Low,06/05/2026 12:45:30,Closed,DAD restart,Hello would it be possible to do DAD restart? Thank you,20/05/2026 18:18:01,Acute Care Symphony Support Level 1,Konrad Siddons,Symphony - DAD,06/05/2026 13:25:37,4,,,,,,
CS1778346,Northern Lincolnshire And Goole NHS Foundation Trust,4 - Low,06/05/2026 13:30:55,Closed,edocs query,"Good afternoon, we have had a query from our ED department asking if it is possible for edocs (episode level) to show as a line on a patients e-view (like midas images do) rather than having to click on Attachments.

Thanks",11/05/2026 12:16:25,Acute Care Symphony Support Level 1,Konrad Siddons,Symphony,06/05/2026 14:10:31,7,,CS1778346,2376.0,2376.0,39 mins,39 mins
CS1778441,Health Service Executive,4 - Low,06/05/2026 14:56:57,Closed,NGH batch printing,"HI 
We are in Naas hospital. Batch printing failed today Sunday 3rd -Monday 4th May 07.30am - 07.30am. Can you you your end",06/05/2026 15:02:53,Acute Care Symphony Support Level 1,Konrad Siddons,Symphony,06/05/2026 15:00:21,5,,CS1778441,204.0,204.0,3 mins,3 mins
CS1778526,Health Service Executive,4 - Low,06/05/2026 16:08:38,Closed,Query ,Want to be able to see the time stamp that was first recorded when ED clinician enters data. Currently set up to display ED clinician name on tracking which we want to leave. At a glance doctors want to see time seen without having to hover over patients to see details or go into e-view. IS there any way that both name and time can be displayed without having to create a new DEP that the doctor needs to click on to record time before then click on ED clinician DEP to record notes - see attachment for screen shot,03/06/2026 15:01:27,Acute Care Symphony Support Level 1,Konrad Siddons,Symphony,20/05/2026 14:59:38,19,,CS1778526,4716.0,4716.0,"1 hrs, 18 mins","1 hrs, 18 mins"
CS1778677,Leeds Teaching Hospitals NHS Trust,4 - Low,07/05/2026 09:30:29,Closed,SSRS platform,"Description of request: Optum recently replicated our current ED dashboards for us using SSRS (As below)

https://symphonyreporting.leedsth.nhs.uk/reports/report/LIVE_REPORTS/Dashboards/SJUH_Dashboard_Public
https://symphonyreporting.leedsth.nhs.uk/reports/report/LIVE_REPORTS/Dashboards/LGI_Dashboard_Public

We have been unable to display these dashboards on screens within ED due to credential difficulties and have internally exhausted all avenues in trying to rectify this.

Please we can ask Optum if they are able to use the above link/s and create a HTML file and place this on a server we can access. The HTMLs would require a 15 minute scheduled refresh. Once we have this we can then look at displaying the dashboards on screens within both SJUH and LGI Emergency Departments.",10/06/2026 04:01:28,Acute Care Symphony Support Level 1,Konrad Siddons,Symphony,27/05/2026 03:59:28,28,,CS1778677,71983.0,115183.0,"19 hrs, 59 mins","1 days, 7 hrs, 59 mins"
CS1778808,Northampton General Hospital NHS Trust,4 - Low,07/05/2026 11:02:40,Closed,Audit data request for specified patients between time period provided,"Please could you provide me with an extract containing details of who accessed and/or edited (with dates, times and action) the following records in Symphony between 01/01/2013 and 31/12/2015.

Hosp No: 2182136
Hosp No: 2165095
Hosp No: 2152388
Hosp No: 2214133
Hosp No: 2236753

Thank you",07/05/2026 16:04:35,Acute Care Symphony Support Level 1,Gareth Evans,Symphony,07/05/2026 15:58:12,23,,CS1778808,9378.0,9378.0,"2 hrs, 36 mins","2 hrs, 36 mins"
CS1778993,Kent Community Health NHS Foundation Trust,4 - Low,07/05/2026 11:56:50,Closed,Error when trying to merge patient,"We are receiving an error when trying to merge a patient record in SAPM. It is just this one particular patient. Others have been able to merge successfully, but nobody is able to merge this one. Error also received if you try to open the patient demographics record within Symphony


DATETIME: 07-May-2026 11:51:11|| DESCRIPTION: Arithmetic overflow error converting varchar to data type numeric.|| SOURCE: Microsoft OLE DB Provider for SQL Server|| COMPONENT: FWPMI|| ERRORNO: -2147467259|| PROCEDURE: FWPatient.LoadDemoGraphicDetails|| CODEBLOCK: Error calling routing to populate object|| USFMESSAGE: An error occured while while trying to load the necessary data for the patient selected.|| APPLICATION: Symphony Version 2|| ATTENDANCENO: || PATIENTID: 618353|| PCNAME: KCHT7067173|| SERVERNAME: KCHTGHPRDSQL02\SYMPHONY|| LOGGEDUSER: georgiacox|| SITE: Eastern & Coastal Kent CS|| BUILDNO: 3.1.1.12|| OS:  Version 6.2 Build 9200 || DBTYPE: || DBVERSION: 3.1.1|| MDACVERSION: 10.0||

DATETIME: 07-May-2026 09:12:20|| DESCRIPTION: Arithmetic overflow error converting varchar to data type numeric.|| SOURCE: Microsoft OLE DB Provider for SQL Server|| COMPONENT: FWPMI|| ERRORNO: -2147467259|| PROCEDURE: FWPatient.LoadDemoGraphicDetails|| CODEBLOCK: Error calling routing to populate object|| USFMESSAGE: An error occured while trying to load patient demographic details after selecting from list.|| APPLICATION: Stand-Alone Patient Merge Utility|| ATTENDANCENO: || PATIENTID: || PCNAME: KCHT7067173|| SERVERNAME: https://symvip.kentcht.nhs.uk:9100/envs|| LOGGEDUSER: Fymphony|| SITE: Eastern & Coastal Kent CS|| BUILDNO: || OS:  Version 6.2 Build 9200 || DBTYPE: || DBVERSION: 3.1.1|| MDACVERSION: 10.0||",12/05/2026 08:16:17,Acute Care Symphony Support Level 1,Shazad Ishaque,Symphony,11/05/2026 16:50:56,27,,CS1778993,80751.0,123951.0,"22 hrs, 25 mins","1 days, 10 hrs, 25 mins"
CS1779403,Betsi Cadwaladr University Healthboard,4 - Low,07/05/2026 15:16:43,Closed,RDS numlock issue,"issues with number lock on keyboard when connected via  Impravata RDS and inputting  number field- inexplicably switches on/off numlock, or is off but allows entry/ on and doesn't...",03/06/2026 09:39:08,Acute Care Symphony Support Level 1,Shazad Ishaque,Symphony,03/06/2026 09:39:06,24,,CS1779403,321991.0,1301191.0,"3 days, 17 hrs, 26 mins","15 days, 1 hrs, 26 mins"
CS1779483,Wye Valley NHS Trust,4 - Low,07/05/2026 15:56:42,Resolved,Patient information not coming through from NHS 111; see CS1751046,"Patient information still not coming through from NHS 111, recurring issue",28/07/2026 02:24:30,Acute Care Symphony Support Level 2,Sheree Chadwick,Symphony - 111 Module,28/07/2026 02:24:30,81,,,,,,
CS1779897,Leeds Teaching Hospitals NHS Trust,4 - Low,08/05/2026 12:17:55,Closed,Dash board,"I have access to the SJUH and LGI ED Dashboards, but only the top level. I require access to the further levels of detail - when I select 'Number in Department', for example, I can't see the detail on the following page as I'm denied access

Network ID: dawsogra

link he is using is 

http://symsqlp03/Reports/report/LIVE_REPORTS/Dashboards/LGI_Dashboard
http://symsqlp03/Reports/report/LIVE_REPORTS/Dashboards/SJUH_Dashboard",16/06/2026 02:41:27,Acute Care Symphony Support Level 1,Konrad Siddons,Symphony,02/06/2026 02:39:29,15,,CS1779897,473677.0,948877.0,"5 days, 11 hrs, 34 mins","10 days, 23 hrs, 34 mins"
CS1780079,Mid Yorkshire Teaching NHS Trust,4 - Low,08/05/2026 15:31:27,Closed,DOD needs adding to Symphony ,"0112824 W.J 

The above patient passed away during their admission on 29/04/2026. However, after making amendment on eCamis, Symphony does not have the date of death recorded. 

Could you check if there is an issue with messaging for this patient please?",13/05/2026 10:54:25,Acute Care Symphony Support Level 1,Shazad Ishaque,Symphony,13/05/2026 10:50:28,27,,CS1780079,58641.0,290525.0,"16 hrs, 17 mins","3 days, 8 hrs, 42 mins"
CS1780229,Luton And Dunstable Hospital NHS Foundation Trust,4 - Low,11/05/2026 08:27:24,Resolved,Error on TIE,"Hi support,

We have two messages that have suspended on the Luton live TIE.

Message one:
MSH|^~\&|PiMSInt|iSOFT Engine|Symphony|AE|20260511081737||ADT^A31|1567093|P|2.4
EVN|A31|20260511081737
PID|||60520632^^^^PAS~7278036712^^^^NHS||Removed patient info
PD1|||Lea Vale Medical Practice, Lea Vale Medical Group, Liverpool Road Health Ctr, 9 Mersey Place, Liverpool Road, Luton^LU1 1HH^E81032|G9108787^Singer^P A^""""^""""^DR
NK1|1|Removed NOK info
AL1|1|CLIN|""""^""""|CA^Check if patient is on current Chemotherapy/Radiotherapy treatment. Consider neutropenic sepsis or metastatic spinal cord compression. Please alert the Acute Oncology Service Team if applicable.


Message two:
MSH|^~\&|PiMSInt|iSOFT Engine|Symphony|AE|20260511081929||ADT^A31|1567156|P|2.4
EVN|A31|20260511081929
PID|||LU003769^^^^PAS~4883342204^^^^NHS||Removed patient info
PD1|||Larkside Practice, Churchfield Medical Ctr, 322 Crawley Green Road, Luton, Bedfordshire^LU2 9SB^E81026|G9706233^Kunzemann^M^""""^""""^DR
NK1|1|Removed NOK info
AL1|1|CLIN|""""^""""|CA^Check if patient is on current Chemotherapy/Radiotherapy treatment. Consider neutropenic sepsis or metastatic spinal cord compression. Please alert the Acute Oncology Service Team if applicable.

Could you advise why these messages have suspended?

Kind regards,
Tommy Hall",03/08/2026 08:30:35,Acute Care Symphony Support Level 2,Sheree Chadwick,Symphony - DAD,03/08/2026 08:30:35,36,,,,,,
CS1780833,North West Anglia NHS Foundation Trust,4 - Low,11/05/2026 15:45:02,Closed,Audit 26-03,Please can an audit report be provided using the parameters in the attached Word doc,29/05/2026 08:39:27,Acute Care Symphony Support Level 1,Gareth Evans,Symphony,15/05/2026 08:38:58,27,,CS1780833,50868.0,222406.0,"14 hrs, 7 mins","2 days, 13 hrs, 46 mins"
CS1781276,North Cumbria Integrated Care NHS Foundation Trust,4 - Low,12/05/2026 11:08:35,Closed,Patient Record Audit,"Patient was triaged at 17.42 to ED CIC on 29/04/26 - Hospital #114 8422
3 people have seen the notes in Symphony where ""NOT FOR SURGERY"" was documented in the plan but that has now disappeared and looks like someone has deleted this prior to 07/05/2026.
Can you please provide audit of when this was removed.
Many thanks.",18/05/2026 15:58:34,Acute Care Symphony Support Level 1,Shazad Ishaque,Symphony,18/05/2026 15:58:32,21,,,,,,
CS1781289,North Cumbria Integrated Care NHS Foundation Trust,4 - Low,12/05/2026 11:16:39,Closed,Patient Record Audit,"Can you please provide an audit of any changes to the following patient's address in Symphony, since 01/01/2018 and a log of who made those changes.  Many thanks.
NHS No. 714 128 6144",14/05/2026 10:41:39,Acute Care Symphony Support Level 1,Konrad Siddons,Symphony,13/05/2026 16:49:35,10,,,,,,
CS1781743,Mid Yorkshire Teaching NHS Trust,4 - Low,12/05/2026 17:35:43,Closed,Urgent - Audit on staff member for an investigation,Please can you pull an audit on all patients accessed by Hollie.McDermott in the last month? Can you also audit any CP-is special case indicators she has removed from patients?,19/05/2026 13:14:35,Acute Care Symphony Support Level 1,Konrad Siddons,Symphony,18/05/2026 10:07:42,24,,CS1781743,81072.0,477723.0,"22 hrs, 31 mins","5 days, 12 hrs, 42 mins"
CS1782179,Aneurin Bevan University Healthboard,4 - Low,13/05/2026 12:57:39,Closed,Installer Broken,"HI,

It appears that the installer we currently have for installing Symphony and the accompanying applications 'Stand Alone Patient Merge', 'DEC C' etc is broken or corrupt.

When doing a clean install of Symphony and DEPC when trying to log in to DEPC there is an error message which doesn't allow user to log. After investigation we found that there were missing programme files. I was able to get these programme files from somewhere else but ideally we need a working install application that contains these install files. 

We're currently on build 2.39.1.18",19/05/2026 10:53:42,Acute Care Symphony Support Level 1,Shazad Ishaque,Symphony,15/05/2026 16:35:31,12,,CS1782179,32201.0,89801.0,"8 hrs, 56 mins","1 days, 56 mins"
CS1783146,Luton And Dunstable Hospital NHS Foundation Trust,4 - Low,15/05/2026 01:18:58,Closed,User deleted AE Episode - ED-26-040592-1,"Hi Support,

Any idea who deleted episode ED-26-040592-1 from Symphony. This has only been noticed whilst investigating an out of hours call for a second episode for patient ED-26-041938-1.

Are we able to retrieve the ED-26-040592-1 episode and put it back on the live system?

Many thanks
Jo
Luton IT Apps On Call",15/05/2026 21:24:51,Acute Care Symphony Support Level 1,Shazad Ishaque,Symphony,15/05/2026 16:31:50,20,,CS1783146,30710.0,54772.0,"8 hrs, 31 mins","15 hrs, 12 mins"
CS1784536,Isle Of Wight NHS Trust,4 - Low,18/05/2026 16:06:05,Closed,Blank pages when scanning,"Hello. A user is finding when scanning onto Midas that there are additional pages that are blank. I have attached a copy of what the user has sent it,",05/06/2026 13:09:27,Acute Care Symphony Support Level 1,Shazad Ishaque,Symphony - MIDAs,22/05/2026 13:07:54,12,,,,,,
CS1784855,Aneurin Bevan University Healthboard,4 - Low,19/05/2026 10:52:00,Closed,GP Surgeries Not Pulling From WPAS,"Hi,

We have an issue where specific GP surgeries are not appearing on the patients records when booking them in. We can add the GP practice in Symphony but then when the update from WPAS comes through it clears the GP practice. 

One of the practices that won't pull through from WPAS is W93011",29/07/2026 15:48:12,Acute Care Symphony Support Level 2,Sheree Chadwick,Symphony,29/07/2026 15:48:09,59,,CS1784855,1215323.0,4901981.0,"14 days, 1 hrs, 35 mins","56 days, 17 hrs, 39 mins"
CS1786356,North Cumbria Integrated Care NHS Foundation Trust,4 - Low,21/05/2026 12:58:40,Closed,Cannot launch ICE from menu,An issue was reported this morning that users cannot use the ICE contextual launch from the menu to the left of the screen. Note that users can launch ICE from the tracking grid.,05/06/2026 17:03:27,Acute Care Symphony Support Level 1,Shazad Ishaque,Symphony,22/05/2026 17:02:48,17,,,,,,
CS1786732,Luton And Dunstable Hospital NHS Foundation Trust,4 - Low,22/05/2026 09:58:46,Closed,Bedford - Symphony scorecard is not updating,"Hi 
Support 
Bedford - Symphony Live scorecard is not updating
See attached  episode number to follow up 
The NEWS2 score has not changed for this episode on tracking grid
Many thanks
Zak
IT Team",21/07/2026 02:51:27,Acute Care Symphony Support Level 1,Gareth Evans,Symphony,07/07/2026 02:49:28,22,,CS1786732,1341499.0,2767099.0,"15 days, 12 hrs, 38 mins","32 days, 38 mins"
CS1787187,Brighton And Sussex University Hospitals NHS Trust,4 - Low,24/05/2026 11:57:36,Closed,DAD was restarted internally last night,"Our IT had to restart the DAD last night at 5:36am due to queued messages, the issue is now resolved but we are logging when this is needed for monitoring purposes.",12/06/2026 10:35:26,Acute Care Symphony Support Level 2,Sheree Chadwick,Symphony,29/05/2026 10:34:05,21,,CS1787187,38426.0,171770.0,"10 hrs, 40 mins","1 days, 23 hrs, 42 mins"
CS1787222,Brighton And Sussex University Hospitals NHS Trust,4 - Low,26/05/2026 07:38:28,Closed,DAD restart,DAD went down again on Sunday at about 9:34 am and was restarted by our IT at 10:24am which resolved the problem. I am logging this call as we want to monitor how many times the DAD goes down.,11/06/2026 14:07:27,Acute Care Symphony Support Level 1,Sheree Chadwick,Symphony,28/05/2026 14:07:00,29,,CS1787222,29433.0,91925.0,"8 hrs, 10 mins","1 days, 1 hrs, 32 mins"
CS1787381,Children's Health Ireland,4 - Low,26/05/2026 10:10:50,Closed,print template editor opd referral letter,"Dear Optum 

I have managed to update the OPD Referral template in Symphony using Print Template Document Editor – please see attached 1) Current OPD Referral Template and 2) Future OPD Referral template. 
The issue I am having is that I am unable to pull into the future OPD Referral template:
 CHI Logo / Hospital Address, telephone / Consultant (which is the Duty Clinician that day) / and Letter Sent By (which is usually the clinician that treated the child). 

Can you please help me with this.",05/06/2026 11:00:50,Acute Care Symphony Support Level 1,Konrad Siddons,Symphony - Printed Output,29/05/2026 15:38:37,26,,,,,,
CS1787666,Western Sussex Hospitals NHS Trust,4 - Low,26/05/2026 14:25:03,Closed,A08 need clearing,"Afternoon,

Please can the A08 for ST Richards, created 13/05/2026 09:00

Please can the A08 for Worthing, created 19/05/2026 08:59",26/05/2026 18:16:46,Acute Care Symphony Support Level 1,Konrad Siddons,Symphony - DAD,26/05/2026 14:56:54,5,,,,,,
CS1788869,University Hospital Southampton NHS Foundation Trust,4 - Low,28/05/2026 09:38:26,Closed,An increase in Eye Casualty discharges not sending,"Good Morning,

We are starting to get a huge increase in Eye Casualty Discharge not sending to our EPR. IBefore April we would get around 10-20 not send however we have found in April and May we've had over 300 discharges not being sent, which is an issue as these discharges are not being sent to the GP. 

Today's check there was 12 that did not send out of 68 attendances. Could this be looked into please.

Examples of discharge summaries that weren't sent to our EPR

	EYE-26-011930-1
        EYE-26-011935-1
       EYE-26-011946-1
       EYE-26-011951-1
       EYE-26-012011-1",22/06/2026 11:27:27,Acute Care Symphony Support Level 2,Sheree Chadwick,Symphony - DAD,08/06/2026 11:25:27,36,,,,,,
CS1789867,Brighton And Sussex University Hospitals NHS Trust,4 - Low,29/05/2026 09:03:32,Resolved,DAD went down,DAD went down at 7:59 this morning and was restarted on site by our IT. So logging this call as part of the investigation.,10/06/2026 14:50:36,Acute Care Symphony Support Level 1,Konrad Siddons,Symphony,10/06/2026 14:50:36,12,PRB0053699,CS1789867,2369.0,2369.0,39 mins,39 mins
CS1789906,Mid Yorkshire Teaching NHS Trust,4 - Low,29/05/2026 09:26:15,Closed,Postcode finder not working,The postcoder finder is not working again this morning. Please can you check the connection to the database and reconnect please? The last time this happened it did not reconnect after a failover of the server.,29/05/2026 12:20:48,Acute Care Symphony Support Level 1,Sheree Chadwick,Symphony,29/05/2026 10:22:37,16,,CS1789906,3382.0,3382.0,56 mins,56 mins
CS1789913,Mid Yorkshire Teaching NHS Trust,4 - Low,29/05/2026 09:34:35,Closed,Postcode error on Symphony,"Hello

Our AE dept at DDH are receiving the following error message when updating patient address information, this is causing delay in patient care as its causing extra time to complete this task. Could you check the issue and resolve as a matter of urgency please?",29/05/2026 12:19:32,Acute Care Symphony Support Level 1,Sheree Chadwick,Symphony - Capscan Matchcode (GBG),29/05/2026 10:14:05,7,,,,,,
CS1789943,Leeds Teaching Hospitals NHS Trust,4 - Low,29/05/2026 09:49:23,Closed,BRM grey team,Can you remove the grey team from the BRM department please?,18/06/2026 17:27:26,Acute Care Symphony Support Level 1,Shazad Ishaque,Symphony,04/06/2026 17:27:25,20,,CS1789943,225873.0,441873.0,"2 days, 14 hrs, 44 mins","5 days, 2 hrs, 44 mins"
CS1790228,South Tees Hospitals NHS Foundation Trust,4 - Low,29/05/2026 14:05:20,Closed,Interface with CaMIS is down,"Hello
The interface between Training CaMIS and Test Symphony is down. A new test patient has been added to training eCaMIS which has not appeared on Test Symphony. Patient number M001001. Please could the interfaces between training CaMIS and Test Symphony be restarted?
Thanks
Paul",29/05/2026 18:17:47,Acute Care Symphony Support Level 1,Konrad Siddons,Symphony - CAMIS IAC Interfacing,29/05/2026 16:22:20,11,,,,,,
CS1790814,Norfolk and Norwich University Hospitals NHS Foundation Trust,4 - Low,01/06/2026 11:17:32,Closed,User audit for LW108,"The IG team have been asked for an ED Symphony user audit to support an internal investigation. Could you please urgently request the system provider to provide us with an audit report of:

User: LW108
Time period: 01/03/2026 to 19/04/2026",15/06/2026 13:35:21,Acute Care Symphony Support Level 1,Shazad Ishaque,Symphony,15/06/2026 13:35:20,20,,CS1790814,84088.0,375290.0,"23 hrs, 21 mins","4 days, 8 hrs, 14 mins"
CS1791277,Betsi Cadwaladr University Healthboard,4 - Low,01/06/2026 17:10:20,Closed,FOI request ,"have received and FOI request for 4 attendances (need reported by 05/06/2026 under FOI act)
gced-23-007079-1
gced-23-034004-1
gced-24-025036-1
gced-25-011536-1 

patient wants to know all staff users (as User ID) that have accessed and./or viewed 'his records since they were created.


in ssrs there's no sensitive reports 'trawling for viewing users audit' that would reveal such data... any ideas? can one be built? enter att number and reveal all users interactions?

:|

J",02/06/2026 12:42:10,Acute Care Symphony Support Level 1,Gareth Evans,Symphony,02/06/2026 12:42:08,24,,CS1791277,10746.0,67726.0,"2 hrs, 59 mins","18 hrs, 48 mins"
CS1791603,North Cumbria Integrated Care NHS Foundation Trust,4 - Low,02/06/2026 11:22:35,Closed,MIDAS Guidance ,"Is there any guidance regarding setting MIDAS up for Symphony.

WE currently have this set up but we are setting issues with the barcode so we want to see if there is any guidance for the set up to see if this causing issues.",15/06/2026 10:59:28,Acute Care Symphony Support Level 1,Shazad Ishaque,Symphony - MIDAs,12/06/2026 15:03:33,19,,,,,,
CS1792162,South Tees Hospitals NHS Foundation Trust,4 - Low,03/06/2026 09:21:59,Closed,Access to patient records,"Hello
would you be able to provide details of who has accessed the record for a patient, NHS Number 404 108 6000, from 01/01/2020 to date?
Thanks
Paul",04/06/2026 09:20:09,Acute Care Symphony Support Level 1,Konrad Siddons,Symphony,04/06/2026 09:05:02,18,,CS1792162,27224.0,84824.0,"7 hrs, 33 mins","23 hrs, 33 mins"
CS1792645,North Cumbria Integrated Care NHS Foundation Trust,4 - Low,03/06/2026 14:18:32,Resolved,ODS/GP Update - Do NOT run any Updates,"Could you please update the master GP file on DEV, TEST and TRAIN?",11/06/2026 12:34:07,Acute Care Symphony Support Level 2,Lee Booth,Symphony,11/06/2026 12:34:07,17,PRB0053712,,,,,
CS1793132,Bedford Hospital NHS Trust,4 - Low,04/06/2026 11:10:12,Closed,ED Users report extract,"Hi,

Could you kindly provide a report containing the first name, last name, job title, and tier for all users in all user groups for both Bedford and Luton Symphony please? Please only include users that have logged in and have been active from today back up to a year. Our projects team need the report for our EPR project.

Getting this to us promptly would be greatly appreciated.

Thank you.

Kind regards,
Kahlil",23/06/2026 12:16:04,Acute Care Symphony Support Level 1,Konrad Siddons,Symphony,09/06/2026 12:08:11,28,,CS1793132,12733.0,12733.0,"3 hrs, 32 mins","3 hrs, 32 mins"
CS1793655,Brighton And Sussex University Hospitals NHS Trust,4 - Low,05/06/2026 09:20:07,Resolved,DAD restart ,DAD was restarted last night at 4:40am at the Trust. This is logged for monitoring purposes,10/06/2026 14:52:42,Acute Care Symphony Support Level 1,Konrad Siddons,Symphony,10/06/2026 14:52:42,24,PRB0053699,CS1793655,6836.0,6836.0,"1 hrs, 53 mins","1 hrs, 53 mins"
CS1793711,Brighton And Sussex University Hospitals NHS Trust,4 - Low,05/06/2026 09:59:31,Resolved,DAD has gone down again today,DAD has gone down again today at 9:59am and is being restarted in the Trust. This call is just for monitoring.,10/06/2026 14:56:03,Acute Care Symphony Support Level 1,Konrad Siddons,Symphony,10/06/2026 14:56:03,13,PRB0053699,CS1793711,4495.0,4495.0,"1 hrs, 14 mins","1 hrs, 14 mins"
CS1793793,Mid Yorkshire Teaching NHS Trust,4 - Low,05/06/2026 10:59:16,Closed,DOD not showing on Symphony ,"Hello,

PMI 3278220 M.W 

The above patient passed away on 04/06/2026 at PGH A&E. 
The Date Of Death is on eCamis however it needs to be added onto Symphony.

Could this please be added please?",10/06/2026 14:38:49,Acute Care Symphony Support Level 1,Shazad Ishaque,Symphony,10/06/2026 14:27:02,26,,CS1793793,94606.0,440206.0,"1 days, 2 hrs, 16 mins","5 days, 2 hrs, 16 mins"
CS1794134,North West Anglia NHS Foundation Trust,4 - Low,05/06/2026 15:39:59,Closed,Audit 26-06 - Hosp No: DIS0720087 ,Please can an audit be created for the patients on the Word doc using the parameters outlined in the document.,11/06/2026 10:36:11,Acute Care Symphony Support Level 1,Shazad Ishaque,Symphony,10/06/2026 14:52:35,17,,CS1794134,83556.0,429156.0,"23 hrs, 12 mins","4 days, 23 hrs, 12 mins"
CS1794194,North West Anglia NHS Foundation Trust,4 - Low,05/06/2026 16:33:18,Closed,Audit 26-06 - Hosp No: DIS2420066,"Audit request:

Please provide an audit showing all users that have accessed patient record
DIS2420066 in Symphony between 01/04/2026 and 31/05/2026",11/06/2026 10:33:14,Acute Care Symphony Support Level 1,Shazad Ishaque,Symphony,10/06/2026 15:48:36,16,,CS1794194,83718.0,429318.0,"23 hrs, 15 mins","4 days, 23 hrs, 15 mins"
CS1794197,North West Anglia NHS Foundation Trust,4 - Low,05/06/2026 16:37:51,Closed,Audit 26-06 - Hosp No: DIS3159398 ,"Audit request:

Please provide an audit showing all users that have accessed patient record
DIS3159398 in Symphony between 01/04/2026 and 31/05/2026",09/06/2026 15:50:37,Acute Care Symphony Support Level 1,Konrad Siddons,Symphony,08/06/2026 13:12:29,13,,CS1794197,16478.0,246878.0,"4 hrs, 34 mins","2 days, 20 hrs, 34 mins"
CS1794199,North West Anglia NHS Foundation Trust,4 - Low,05/06/2026 16:39:42,Closed,Audit 26-06 - Hosp No: DIS2198101 ,"Audit request:

Please provide an audit showing all users that have accessed patient record
DIS2198101 in Symphony between 01/04/2026 and 31/05/2026",09/06/2026 15:48:45,Acute Care Symphony Support Level 1,Konrad Siddons,Symphony,08/06/2026 13:15:59,14,,CS1794199,16577.0,246977.0,"4 hrs, 36 mins","2 days, 20 hrs, 36 mins"
CS1794202,North West Anglia NHS Foundation Trust,4 - Low,05/06/2026 16:41:50,Closed,Audit 26-06 - Hosp No: DIS0794256  ,"Audit request:

Please provide an audit showing all users that have accessed patient record
DIS0794256 in Symphony between 01/04/2026 and 31/05/2026",11/06/2026 10:39:52,Acute Care Symphony Support Level 1,Gareth Evans,Symphony,10/06/2026 14:15:57,15,,CS1794202,58690.0,348715.0,"16 hrs, 18 mins","4 days, 51 mins"
CS1794203,North West Anglia NHS Foundation Trust,4 - Low,05/06/2026 16:46:39,Closed,Audit 26-06 - Hosp No: DIS2377960 ,"Audit request:

Please provide an audit showing all users that have accessed patient record
DIS2377960 in Symphony between 01/04/2026 and 31/05/2026 
",11/06/2026 10:46:01,Acute Care Symphony Support Level 1,Gareth Evans,Symphony,10/06/2026 14:14:17,14,,CS1794203,58401.0,348684.0,"16 hrs, 13 mins","4 days, 51 mins"
CS1794261,Barking Havering And Redbridge University Hospitals NHS Trust,4 - Low,06/06/2026 12:56:44,Closed,GP Import,Latest GP Import required,22/06/2026 08:13:27,Acute Care Symphony Support Level 1,Konrad Siddons,Symphony,08/06/2026 08:11:40,7,,CS1794261,0.0,155696.0,,"1 days, 19 hrs, 14 mins"
CS1794361,Wye Valley NHS Trust,4 - Low,08/06/2026 09:23:57,Closed,Need to unmerge  two RLQ's for patients with same name ,RLQ0601675 / NHS 4305412780 EL & RLQ0856363 / NHS 608 036 9397 ERL  has been merged on Symphony at some point but they are two different patients,25/06/2026 12:05:27,Acute Care Symphony Support Level 1,Konrad Siddons,Symphony,11/06/2026 12:04:44,14,,CS1794361,35872.0,93472.0,"9 hrs, 57 mins","1 days, 1 hrs, 57 mins"
CS1794930,Betsi Cadwaladr University Healthboard,4 - Low,08/06/2026 16:20:02,On hold,e-docs issue with digital photos,"user has error uploading e-docs  resulting in error:

:DATETIME: 08-Jun-2026 16:05:30|| DESCRIPTION: Class not registered
|| SOURCE: FWePICsUI|| COMPONENT: FWePICsUI|| ERRORNO: -2147221164|| PROCEDURE: ucEpics.ShowEpics|| CODEBLOCK: Check whether there are deleted images.|| USFMESSAGE:  || APPLICATION: Symphony Version 2|| ATTENDANCENO: || PATIENTID: || PCNAME: L033549|| SERVERNAME: BCUED\BCUED_DB|| LOGGEDUSER: Ja104953|| SITE: BCU Live|| BUILDNO: 2.39.1.20|| OS:  Version 6.2 Build 9200 || DBTYPE: || DBVERSION: 2.39.1|| MDACVERSION: 10.0||


on uploading e-docs (second image) error message-  +cross hatching of tracking grid  Attendance YA-26-002495-1 will no longer take attempts to upload smaller file size images",28/07/2026 13:52:57,Acute Care Symphony Support Level 1,Shazad Ishaque,Symphony,,45,,,,,,
CS1795502,Health Service Executive,4 - Low,09/06/2026 14:13:50,Closed,Quarterly server patching - Thurs 18th June,"we have our quarterly patching of our ED servers by HSE ICT teams. Can someone please check servers once completed on morning of Thursday 18th June that all ok from your end.  Previous call ref CS1757100 so need the same checks done thank you

Server name	IP	Description	Impacts				
PNDCSYMNAADBS04	 10.0.209.176	NGH live SQL	Downtime to symphony system. Inform IMS PAS interface	26/03/26	08.00am	9am	supressed reboot

PNDCSYMNAADBS01	 10.0.209.180	MGH DR DB	Downtime to symphony system. Inform IMS PAS interface 26/03/26	08.00am	9am	supressed reboot
							
PNDCSYMNAADS05	10.0.209.177	NGH live reporting SQL	Nursing handovers. No impact to symphony system	25/03/26	11pm	6am	automatic reboot & maintenance window

PNDCSYMNAADBS02	10.0.209.181	NGH DR reporting DB	Nursing handovers. No impact to symphony system	25/03/26	11pm	6am	automatic reboot & maintenance window",02/07/2026 10:03:27,Acute Care Symphony Support Level 1,Shazad Ishaque,Symphony,18/06/2026 10:02:42,21,,CS1795502,6864.0,8856.0,"1 hrs, 54 mins","2 hrs, 27 mins"
CS1795552,Luton And Dunstable Hospital NHS Foundation Trust,4 - Low,09/06/2026 14:51:47,Closed,User is having issues with Symphony account.,"Hi

Please see below from an ED user in Bedford Symphony

User is trying to carry out work on Symphony when it asks for password verification the system is also asking user to input her username too? IT created a second account YOyedepo1 but did not work
 Can some clarification be given to the user as well as the issue resolved.

Many thanks
Zak
IT Team",15/07/2026 04:05:28,Acute Care Symphony Support Level 1,Konrad Siddons,Symphony,01/07/2026 04:04:28,26,,CS1795552,48572.0,91772.0,"13 hrs, 29 mins","1 days, 1 hrs, 29 mins"
CS1795612,Doncaster and Bassetlaw Teaching Hospitals NHS Foundation Trust,4 - Low,09/06/2026 15:35:07,Closed,Patient Audit Request ,"Can we please have a full audit on access to the below patient between the below dates:
D1215682
01/06/2022 - 04/06/2026",15/06/2026 11:08:39,Acute Care Symphony Support Level 1,Konrad Siddons,Symphony,10/06/2026 11:23:32,12,,CS1795612,13705.0,71305.0,"3 hrs, 48 mins","19 hrs, 48 mins"
CS1796468,Leeds Teaching Hospitals NHS Trust,4 - Low,11/06/2026 09:44:31,Closed,EEMAC Reporting,"Hi team, 

Following recent guidance from NHSE, EEMAC is a new NHS England model of care allowing Emergency Medicine teams to manage selected patients beyond the traditional 4 hour standard within an ambulatory setting, while remaining under Emergency Medicine clinical responsibility.

National guidance is explicit that EEMAC is not an admission and remains part of the ED pathway, but that the 4 hour Emergency Care Standard (ECS) clock should stop at the point of transfer into EEMAC, while overall time under Emergency Medicine oversight must still be tracked to ensure patients do not remain in EEMAC in excess of 8 hours. For now the attendance type will remain the same, but in the future it is likely that EEMAC will be type 5 activity recording.

https://www.england.nhs.uk/long-read/extended-emergency-medicine-ambulatory-care-eemac-operating-principles/

At present we have no current workflow in Symphony that supports EEMAC reporting

We have two options proposed which will support the Trust in capturing this data and a third option that we are hoping you could provide knowledge and insight on. 

Option 1 – is it possible within the existing SJUH/LGI department builds within symphony, to create an EEMAC care group, which would stop the 4hr ECS clock, i.e. if the patient was moved at 2hrs, the patient would show as being seen, treated and discharged within 4hrs, and therefore not a breach, but the overall time in dept. clock would continue to count so that we can ensure the patient doesn’t spend longer than 12hrs on EEMAC.

Option 2 – build a new department for EEMAC, for LGI and SJUH, with type 5 activity reporting and ECDS reporting

Option 3 – Optum / EMIS guidance - Have you created EEMAC requirements for any other sites following this guidance. If so, how was this achieved it? Are you able to share what has worked well in other Trusts?

Functional Requirement 

• Ability to record transfer from ED to EEMAC as a discrete, time stamped event.
• Automatic stop of the 4 hour ECS clock at the point of EEMAC transfer.
• Continued tracking of total Emergency Medicine time, including:
o Time in ED
o Time in EEMAC
• Automated alerts/escalation when:
o Time in EEMAC approaches 8 hours
• Maintenance of continuous ECDS data capture, including:
o Tests, investigations, procedures
o Diagnoses and outcomes
• Recording of EEMAC location / care area for reporting and audit.
Data & Reporting Requirements
• Differentiation between:
o Standard ED attendances
o ED ? EEMAC pathway patients
• Ability to report:
o Volume of EEMAC activity
o Time spent in EEMAC
o Outcomes (discharge, admission, transfer back to ED)
• Alignment with ECDS, without breaking current SUS submissions.

Any guidance on workstreams undertaken by other Trusts would be incredibly useful.

It may be beneficial to set up a meeting to discuss this in further detail. 

Many thanks 

Megan Gregory",25/06/2026 11:39:26,Acute Care Symphony Support Level 1,Konrad Siddons,Symphony,11/06/2026 11:38:09,7,,CS1796468,6818.0,6818.0,"1 hrs, 53 mins","1 hrs, 53 mins"
CS1797384,Mid Yorkshire Teaching NHS Trust,4 - Low,12/06/2026 12:03:12,Closed,FW: Audit report for access - Morgan,"STOP! Unless you are EXPECTING THIS EMAIL do NOT click on any links, or open any attachments. This may be a phishing email that could compromise our security.

Please can you provide an audit on Symphony for below?

Thanks.

Aamir Maqsud
Digital Systems Manager
The Mid Yorkshire Teaching NHS Trust
Dewsbury & District Hospital
Halifax Road, Dewsbury,
West Yorkshire, WF13 4HS

From: DPO (MID YORKSHIRE TEACHING NHS TRUST) <midyorks.dpo@nhs.net>
Sent: 11 June 2026 11:26
To: WALSH, Jackie (MID YORKSHIRE TEACHING NHS TRUST) <jackie.walsh2@nhs.net>; CINNAMON, Gareth (MID YORKSHIRE TEACHING NHS TRUST) <gareth.cinnamon@nhs.net>; PISSANTCHEVA, Danielle (MID YORKSHIRE TEACHING NHS TRUST) <d.pissantcheva@nhs.net>; HORLER, Jason (MID YORKSHIRE TEACHING NHS TRUST) <jason.horler@nhs.net>; PLYTAITYTE, Sandra (MID YORKSHIRE TEACHING NHS TRUST) <sandra.plytaityte@nhs.net>; MAQSUD, Aamir (MID YORKSHIRE TEACHING NHS TRUST) <aamir.maqsud@nhs.net>
Subject: Audit report for access - Morgan
Importance: High

Dear all,

Can you please provide a full audit  of access to the following patients records from all your systems as soon as possible please

This is all access, no time / date limitations

Patient 1 (Mother): Hospital No: 141 5279.

Patient 2 (Child): Hospital No: 755 0854.

Patient 3 (Child): Hospital No: 745 8626.






Regards



[MYDS_Logo]

Martin Moorhouse

Information Governance
Manager





Office of Data Protection &
Information Governance
Mid Yorkshire Teaching NHS Trust

Dewsbury & District Hospital

Halifax Road, Dewsbury,

West Yorkshire, WF13 4HS



Book time with MOORHOUSE, Martin (MID YORKSHIRE TEACHING NHS TRUST) <https://outlook.office.com/bookwithme/user/c42051ec71a54007afa6cf684c40acea@nhs.net?anonymous&ismsaljsauthenabled&ep=pcard>






************************************************************************************** ******************************

This message may contain confidential information. If you are not the intended recipient please:
i) inform the sender that you have received the message in error before deleting it; and
ii) do not disclose, copy or distribute information in this e-mail or take any action in relation to its content (to do so is strictly prohibited and may be unlawful).
Thank you for your co-operation.

NHS.net Connect is the secure email, collaboration and directory service available for all NHS staff in England. NHS.net Connect is approved for exchanging patient data and other sensitive information with NHS.net Connect and other accredited email services.

For more information and to find out how you can switch visit Joining NHS.net Connect - NHS.net Connect Support<https://support.nhs.net/article-categories/joining-nhsmail/>",29/06/2026 16:31:28,Acute Care Symphony Support Level 1,Konrad Siddons,Symphony,15/06/2026 16:29:33,19,,CS1797384,44781.0,275181.0,"12 hrs, 26 mins","3 days, 4 hrs, 26 mins"
CS1797962,Northern Lincolnshire And Goole NHS Foundation Trust,4 - Low,15/06/2026 10:48:52,Closed,Report to show staff activity,"Good morning,
We have been contacted to see if we can provide a staff activity report for login/log outs of the system to aid in a fraud investigation.

Currently, we only have a report to show a user's last logon and another report where we enter a patients details and can see which users had activity with that patient.

As we use generic accounts to login on Symphony in our ED departments can I please ask if it possible to run a report on staff activity?",02/07/2026 13:15:52,Acute Care Symphony Support Level 1,Shazad Ishaque,Symphony,02/07/2026 09:58:23,52,,CS1797962,472581.0,904581.0,"5 days, 11 hrs, 16 mins","10 days, 11 hrs, 16 mins"
CS1797991,Doncaster and Bassetlaw Teaching Hospitals NHS Foundation Trust,4 - Low,15/06/2026 11:07:13,Closed,Audit Request - access of patient record ,"Hi, 
Can we please have an audit for who has accessed the following patient record between the given dates:
D1018585 from January 2023 to present date. 

Many Thanks, 
Laura",30/06/2026 13:37:29,Acute Care Symphony Support Level 1,Konrad Siddons,Symphony,16/06/2026 13:37:23,12,,CS1797991,37810.0,95410.0,"10 hrs, 30 mins","1 days, 2 hrs, 30 mins"
CS1798076,Health Service Executive,4 - Low,15/06/2026 11:55:16,Closed,Require audit report run,Require audit report run please for a patient requesting same as part of GDPR request. Date range is 09.11.2021 - 09.11.2021 what actions on symphony carried out (can see patient registered and discharged as did not wait) and who accessed this record - can you run audit from this 09.11.2021 to now to see who has viewed?. NGH-21-019011,02/07/2026 10:47:27,Acute Care Symphony Support Level 1,Gareth Evans,Symphony,18/06/2026 10:46:53,19,,CS1798076,25989.0,83589.0,"7 hrs, 13 mins","23 hrs, 13 mins"
CS1798818,University Hospital Southampton NHS Foundation Trust,4 - Low,16/06/2026 11:22:23,Closed,RHMSYM111,"Hi

Can someone tell me if this server is still being used for anything?

Many Thanks,
Bentley",30/06/2026 16:21:26,Acute Care Symphony Support Level 1,Konrad Siddons,Symphony,16/06/2026 16:19:46,18,,CS1798818,14665.0,14665.0,"4 hrs, 4 mins","4 hrs, 4 mins"
CS1799302,Betsi Cadwaladr University Healthboard,4 - Low,17/06/2026 09:11:53,Closed,printing issue single user,"consultant on YGC site trying to print document, gets error as attached.. user is  Ro074216, trying to get more detail as user raised ticket with local IT (looks more windows issue than symphony?)  APP-V is usual deployment at BCUHB",03/07/2026 09:16:48,Acute Care Symphony Support Level 1,Gareth Evans,Symphony,03/07/2026 09:16:46,29,,CS1799302,47222.0,162422.0,"13 hrs, 7 mins","1 days, 21 hrs, 7 mins"
CS1799637,Cumbria Teaching PCT,4 - Low,17/06/2026 13:00:05,Closed,Export of DEP usage,Is there a way for us to generate a report of the DEP usage for Symphony?,22/06/2026 08:44:48,Acute Care Symphony Support Level 1,Konrad Siddons,Symphony,22/06/2026 08:44:47,11,,,,,,
CS1800288,Health Service Executive,4 - Low,18/06/2026 12:35:39,Closed,"Adding ""address"" to output","Hi there, hopefully a very quick question here. I'm wondering if it is possible to add Patient Address (all lines) to the output of an e-AUDIT search (which is then exported to Excel)? As an extension to this, is it possible to add arbitrary data elements to this export? Thanks so much!",18/06/2026 16:47:19,Acute Care Symphony Support Level 1,Konrad Siddons,Symphony,18/06/2026 16:43:52,7,,CS1800288,14893.0,14893.0,"4 hrs, 8 mins","4 hrs, 8 mins"
CS1800655,North Cumbria Integrated Care NHS Foundation Trust,4 - Low,19/06/2026 09:10:50,Closed,Request for copy of Symphony DB Schema,"Currently I am unable to locate a copy of the Symphony DB Schema within our local documentation.

Is it possible for a copy to be provided please?

Thanks",26/06/2026 16:04:30,Acute Care Symphony Support Level 1,Shazad Ishaque,Symphony,26/06/2026 16:03:27,17,,,,,,
CS1801827,Swansea Bay University Health Board,4 - Low,22/06/2026 16:41:23,Closed,RemoteApp Error Message,"User (ja029123) reports remote app error message when trying to log onto thin client (screenshot attached). Sometimes takes multiple attempts to logon, other times won't let the user logon.",22/07/2026 01:01:27,Acute Care Symphony Support Level 1,Shazad Ishaque,Symphony,08/07/2026 00:59:28,21,,CS1801827,28354.0,84811.0,"7 hrs, 52 mins","23 hrs, 33 mins"
CS1802083,Tallaght University Hospital,4 - Low,23/06/2026 10:47:36,Closed,TUH REF 787347 - Missing print jobs again,"Hi,

We have received reports of missing print jobs again (Last time it was Triage print jobs). These jobs were for RATU, we remade some of the print jobs but the users are stating one is missing and we are not sure which job this is.

Can you please find this job and restore it? It may have been called ID bands, not sure

Thanks
Jason",14/07/2026 10:07:29,Acute Care Symphony Support Level 1,Gareth Evans,Symphony - Printed Output,30/06/2026 10:05:48,23,,,,,,
CS1802120,North Cumbria Integrated Care NHS Foundation Trust,4 - Low,23/06/2026 11:17:11,Closed,Attending patients at Penrith UTC with previous NHS111 attendance,"Will not allow attending patients at Penrith UTC with previous NHS111 attendance that has not been attended. 

Please refer to document attached with the screen shot of a previous NHS111 entry and the error message received when trying to attend a current attendance.

This happens within Penrith UTC around 7 times a day, where they are unable to attend patients due to this issue.",10/07/2026 14:12:53,Acute Care Symphony Support Level 1,Shazad Ishaque,Symphony,10/07/2026 14:12:52,24,,,,,,
CS1802477,Betsi Cadwaladr University Healthboard,4 - Low,23/06/2026 15:43:27,Closed,practice SS utilization ,We just want to know that all that Practices that are signed up for SS are using it and have not switched it off  ,30/06/2026 11:23:19,Acute Care Symphony Support Level 1,Shazad Ishaque,ScriptSwitch,23/06/2026 18:07:12,11,,,,,,
CS1802553,Northampton General Hospital NHS Trust,4 - Low,23/06/2026 16:59:50,Closed,Audit data request for specified patients between time period provided,"Please could you provide me with an extract containing details of who accessed and/or edited (with dates, times and action) the following records in Symphony between 01/01/2016 - 20/05/2016 .

Hosp No: 2182136
Hosp No: 2165095
Hosp No: 2152388
Hosp No: 2214133
Hosp No: 2236753

Thank you",29/06/2026 08:26:33,Acute Care Symphony Support Level 1,Shazad Ishaque,Symphony,25/06/2026 18:04:20,14,,CS1802553,57610.0,176670.0,16 hrs,"2 days, 1 hrs, 4 mins"
CS1802798,Mid Yorkshire Teaching NHS Trust,4 - Low,24/06/2026 10:47:26,Closed,Active Users for Symphony ,Are you able to provide the number of active users on Symphony for MidYorks please?,09/07/2026 14:37:27,Acute Care Symphony Support Level 1,Gareth Evans,Symphony,25/06/2026 14:36:45,14,,CS1802798,9076.0,9076.0,"2 hrs, 31 mins","2 hrs, 31 mins"
CS1802975,Kent Community Health NHS Foundation Trust,4 - Low,24/06/2026 13:27:34,Closed,GP Connect error,"One of our users is receiving the attached error when clicking onto GP Connect. 
It is happening for all patients, other users are not effected.
The PC has been restarted, and checked for updates",30/06/2026 10:10:03,Acute Care Symphony Support Level 1,Gareth Evans,Symphony,30/06/2026 10:08:05,29,,CS1802975,30861.0,30861.0,"8 hrs, 34 mins","8 hrs, 34 mins"
CS1803070,Betsi Cadwaladr University Healthboard,4 - Low,24/06/2026 14:59:47,Closed,UDDA table and mappings export request,with adding the WECDS Diagnosis table expected the 8th July-  and turning off existing UDDA look-up... would it be possible to have a copy of the UDDA look-up with the mappings preserved in the table? (excel),25/06/2026 14:43:52,Acute Care Symphony Support Level 1,Gareth Evans,Symphony,25/06/2026 14:38:16,21,,CS1803070,11290.0,68890.0,"3 hrs, 8 mins","19 hrs, 8 mins"
CS1803132,Betsi Cadwaladr University Healthboard,4 - Low,24/06/2026 16:03:07,Closed,Print mask failing to load,"Social Services (Paeds) DEP has an attached print mask. We have been trying to update to a new one (attached labelled 2025), but the print preview won't load. When reverting to the old one (attached labelled  2021) it works as expected. As a result, we cannot print the new version of the document to send these referrals.",03/07/2026 09:07:48,Acute Care Symphony Support Level 1,Gareth Evans,Symphony,03/07/2026 09:07:46,24,,CS1803132,43178.0,158378.0,"11 hrs, 59 mins","1 days, 19 hrs, 59 mins"
CS1803522,Brighton And Sussex University Hospitals NHS Trust,4 - Low,25/06/2026 10:44:05,Closed,Staff Auidtt,"I hope this email finds you well.   Can I please ask for your assistance?

 

We need an audit undertaken on Symphony system, each audit needs to provide information on what in the file has been viewed, whether anything has been added to or amended, or deleted or downloaded from the file.  This has been authorised by Heidi.

 

The audit is to be undertaken on a bank worker called Noah Hendricks, so that we can see what he has reviewed.

 

This audit has been authorised by Heidi Doubtfire-Lynn, who is cc'd into this email for clarity and confirmation.",09/07/2026 11:39:27,Acute Care Symphony Support Level 1,Sheree Chadwick,Symphony,25/06/2026 11:39:05,9,,CS1803522,3300.0,3300.0,55 mins,55 mins
CS1803872,Betsi Cadwaladr University Healthboard,4 - Low,25/06/2026 14:41:22,Closed,3 unknown items in checkout zone,"again seeing x3 tickets from other folks in our bucket...
not BCUHB Symhony and not members of my team team

CS1802477- Gill Boothman
CS1802698- Nicola Pritchard
CS1792472- Gill Boothman",09/07/2026 12:49:10,Acute Care Symphony Support Level 1,Shazad Ishaque,Optum Help Centre,29/06/2026 14:51:55,16,,,,,,
CS1804392,Luton And Dunstable Hospital NHS Foundation Trust,4 - Low,26/06/2026 10:50:17,Closed,URGENT - New information standard for the reasonable adjustment digital flag,"Hi Support - Bedford and Luton Site
URGENT - New information standard for the reasonable adjustment digital flag

Please see below and let us know

Please check if RADF could be implemented within Symphony

''A new information standard for the reasonable adjustment digital flag, published in December, requires all NHS, health and social care providers that are publicly-funded to be able to read, write and share reasonable adjustments via the National Care Records Service (NCRS) by 30 September 2026. Full details of actions which providers must take are detailed in the above information standard notice (ISN), its accompanying implementation guidance and this summary checklist.

Providers whose software suppliers have already completed national registration and onboarding will be able to use the software to access the reasonable adjustment digital flag (RADF). Alternatively, they can do so directly via the NCRS online portal.

All providers are advised to establish if their software supplier has registered their interest in the onboarding process for the digital flag by consulting NHS England’s national supplier interest list or Information about suppliers (NHS Futures – requires login).

If their supplier’s software isn’t registered, providers should ask them to do so. Suppliers can use this link to register: Patient Flag API supplier interest form - NHS England Digital

Details of how to read and write reasonable adjustments via NCRS are here: Guide to Using the Reasonable Adjustment Flag in NCRS – NHS England Digital

This is the latest stage in the national roll-out of reasonable adjustment digital flags that will help millions of disabled people to access publicly-funded health and care services more easily.

Under the new information standard, providers must also ensure:

· all staff learn about reasonable adjustments using either their own training or the free national training developed here: Reasonable adjustment digital flag – e-Learning

· a person’s reasonable adjustment entries are identified, recorded and reviewed regularly to ensure they reflect the person’s current needs, ready for sharing via NCRS later this year.

Need more info?

More about RAs & RADF: NHS England » Reasonable adjustments.

Email NHS England’s national RADF team: england.radfproject@nhs.net''


Will this be available by EMIS
Many thanks
Zak
IT Team",13/07/2026 10:27:27,Acute Care Symphony Support Level 1,Gareth Evans,Symphony,29/06/2026 10:26:10,13,,CS1804392,128153.0,257753.0,"1 days, 11 hrs, 35 mins","2 days, 23 hrs, 35 mins"
CS1804644,Children's Health Ireland,4 - Low,26/06/2026 14:11:00,Closed,PC in UCC getting attached error message ,PC in UCC getting attached error message. tried a reinstall and still not working,28/07/2026 01:11:27,Acute Care Symphony Support Level 1,Gareth Evans,Symphony,14/07/2026 01:09:28,23,,CS1804644,58452.0,346452.0,"16 hrs, 14 mins","4 days, 14 mins"
CS1805229,Isle Of Wight NHS Trust,4 - Low,29/06/2026 11:31:55,Closed,Active users,"Hello team,

Would it be possible to get a list of all active users, with the last time they logged in?

Regards
Zach",30/06/2026 11:52:57,Acute Care Symphony Support Level 1,Shazad Ishaque,Symphony,30/06/2026 11:47:48,14,,CS1805229,29753.0,87353.0,"8 hrs, 15 mins","1 days, 15 mins"
CS1805515,North West Anglia NHS Foundation Trust,4 - Low,29/06/2026 13:21:16,Closed,Audit 26-08,Please can you complete an audit using the parameters provided in the Word doc attached,30/06/2026 13:39:01,Acute Care Symphony Support Level 1,Gareth Evans,Symphony,30/06/2026 13:31:46,13,,CS1805515,13124.0,13933.0,"3 hrs, 38 mins","3 hrs, 52 mins"
CS1805790,North West Anglia NHS Foundation Trust,4 - Low,29/06/2026 16:07:47,Closed,Audit 26-09 P1,"Good afternoon,

Please can an audit be completed using the parameters in the Word doc.

Many thanks",30/06/2026 13:15:39,Acute Care Symphony Support Level 1,Gareth Evans,Symphony,30/06/2026 13:02:22,18,,CS1805790,3209.0,5192.0,53 mins,"1 hrs, 26 mins"
CS1806209,Luton And Dunstable Hospital NHS Foundation Trust,4 - Low,30/06/2026 11:01:18,Closed,There is a problem with HL7 interface between Symphony luton TEST and TIE TEST,"Hi Support

There is a problem with HL7 interface between Symphony luton TEST and TIE TEST Luton 

There is no connectivity 
 
We restarted the server but still no messages on the TIE 
 
Please kindly check

Many thanks
Zak
IT Team",22/07/2026 13:15:27,Acute Care Symphony Support Level 1,Shazad Ishaque,Symphony,08/07/2026 13:14:19,22,,CS1806209,36113.0,79313.0,"10 hrs, 1 mins","22 hrs, 1 mins"
CS1806557,Aneurin Bevan University Healthboard,4 - Low,30/06/2026 14:48:40,Closed,Error trying to perform batch print,"Hi, 

Staff at our RGH site are having issues trying to perform the batch print of GP discharge letters. Please see picture of error message attached.",07/07/2026 09:33:22,Acute Care Symphony Support Level 1,Gareth Evans,Symphony,07/07/2026 09:33:20,15,,CS1806557,613.0,613.0,10 mins,10 mins
CS1807286,North Cumbria Integrated Care NHS Foundation Trust,4 - Low,01/07/2026 13:50:13,Closed,Printing not working since failover at the weekend,"Reported by Andy Turnbull 07838 773071

NCIC failed over to the secondary SQL server at the weekend and have since failed back. Since then, print jobs have not worked.

Copies of print jobs are going to the repository, but not to the printers. Can print from other apps.

Usually when this happens, the printers eventually come back online, but not this time.

eg CAS card printing from CIC.

As well as getting this fixed, we'd like to know what the process is behind the scenes, and understand what else to do following a failover.",08/07/2026 15:45:33,Acute Care Symphony Support Level 1,Shazad Ishaque,Symphony,08/07/2026 13:00:51,28,,CS1807286,132312.0,261912.0,"1 days, 12 hrs, 45 mins","3 days, 45 mins"
CS1807322,Luton And Dunstable Hospital NHS Foundation Trust,4 - Low,01/07/2026 14:28:31,Closed,Luton - Query about using Majax,"Hi Support,

Please can you let me know what and how our Majax is configured at Luton?

Do we have pre-generated numbers?

Many thanks
Jo",09/07/2026 20:40:38,Acute Care Symphony Support Level 1,Gareth Evans,Symphony,09/07/2026 16:12:04,26,,CS1807322,32861.0,32861.0,"9 hrs, 7 mins","9 hrs, 7 mins"
CS1807879,Bedford Hospital NHS Trust,4 - Low,02/07/2026 11:40:27,Closed,Audit request,"Hi,

Could you kindly produce an audit report for all user activity on patient V019939 from 22/06/2026 to present please?

Thank you.

Kind regards,
Kahlil",03/07/2026 12:16:50,Acute Care Symphony Support Level 1,Gareth Evans,Symphony,02/07/2026 15:13:01,22,,CS1807879,8396.0,8396.0,"2 hrs, 19 mins","2 hrs, 19 mins"
CS1808325,Norfolk and Norwich University Hospitals NHS Foundation Trust,4 - Low,02/07/2026 17:38:11,Closed,"Audit of access to patient record, plus any & all changes made to the record","a Parent has made a GDPR Subject access request for audit logs of all access (edit/view, change, delete etc) of their daughters records in Symphony between 14/01/2026 to 25/01/2026. Patient hospital number is 1793922
They have also asked for details of any changes and additions, removals of information and any markers that have been set - showing the details (words) of the changes including but not limited to;
Safeguarding markers
mentions of ""Domestic Violence""
and/or ""No contact for family / Father""
Any Reed coding
Metadata footprint.",20/07/2026 16:57:28,Acute Care Symphony Support Level 1,Shazad Ishaque,Symphony,06/07/2026 16:57:04,15,,CS1808325,57424.0,343133.0,"15 hrs, 57 mins","3 days, 23 hrs, 18 mins"
CS1809123,Wye Valley NHS Trust,4 - Low,06/07/2026 09:22:41,Closed,TIE interface failure,Speciality referrals from EEMAC not being processed and rejected,23/07/2026 08:51:29,Acute Care Symphony Support Level 1,Gareth Evans,Symphony,09/07/2026 08:50:20,15,,CS1809123,9044.0,10285.0,"2 hrs, 30 mins","2 hrs, 51 mins"
CS1809595,Betsi Cadwaladr University Healthboard,4 - Low,06/07/2026 14:58:55,Closed,question about replicated  (aka-: rep1),"from colleague- Mr Dafydd Horan (builds and maintains or SQL reporting in BCU Symphony) 

 Can you ask them why not all of the Replicated server tables have data in them, even though there is data in the Live server tables? One example is the dbo.Aud_Attendance_Details table. 

It would be good to get both servers matching as I only really use the Replicated server. As an example, with the above dbo.Aud_Attendance_Details table if I used the Replicated server then it wouldn’t show any records stored in it, whereas if I used Live it would. Hope that makes sense.",07/07/2026 15:22:02,Acute Care Symphony Support Level 1,Shazad Ishaque,Symphony,07/07/2026 15:21:59,20,,CS1809595,17624.0,75224.0,"4 hrs, 53 mins","20 hrs, 53 mins"
CS1809663,North West Anglia NHS Foundation Trust,4 - Low,06/07/2026 15:53:51,Closed,Audit 26-10 P1,Please can you complete an audit using the parameters in the Word doc,09/07/2026 12:41:14,Acute Care Symphony Support Level 1,Shazad Ishaque,Symphony,07/07/2026 18:07:02,15,,CS1809663,32769.0,94391.0,"9 hrs, 6 mins","1 days, 2 hrs, 13 mins"
CS1809667,North West Anglia NHS Foundation Trust,4 - Low,06/07/2026 15:54:56,Closed,Audit 26-10 P2,Please can you complete an audit using the parameters in the Word doc,09/07/2026 12:38:32,Acute Care Symphony Support Level 1,Shazad Ishaque,Symphony,07/07/2026 17:02:15,8,,CS1809667,32704.0,90439.0,"9 hrs, 5 mins","1 days, 1 hrs, 7 mins"
CS1809668,North West Anglia NHS Foundation Trust,4 - Low,06/07/2026 15:56:02,Closed,Audit 26-10 P3,Please can you complete an audit using the parameters in the Word doc,09/07/2026 12:38:50,Acute Care Symphony Support Level 1,Gareth Evans,Symphony,07/07/2026 09:02:20,12,,CS1809668,3978.0,61578.0,"1 hrs, 6 mins","17 hrs, 6 mins"
CS1809681,North West Anglia NHS Foundation Trust,4 - Low,06/07/2026 16:04:54,Closed,Audit 26-11,Please complete an audit for the patient - use the Word doc attached for parameters,09/07/2026 14:14:48,Acute Care Symphony Support Level 1,Gareth Evans,Symphony,07/07/2026 09:21:11,13,,CS1809681,4577.0,62177.0,"1 hrs, 16 mins","17 hrs, 16 mins"
CS1810209,North Cumbria Integrated Care NHS Foundation Trust,4 - Low,07/07/2026 12:58:33,Closed,cannot launch ICE from Symphony,"User cannot launch ICE from Symphony, see error message attached",15/07/2026 11:58:37,Acute Care Symphony Support Level 2,Sheree Chadwick,Symphony,15/07/2026 11:58:35,54,,,,,,
CS1810327,Norfolk and Norwich University Hospitals NHS Foundation Trust,4 - Low,07/07/2026 14:40:24,Closed,Audit of access to a patient record,Provide a full audit trail of every staff member who accessed record on Symphony.  (HN 1793922)  hospital stay on CAU on 15th-16th January 2026:,23/07/2026 16:11:27,Acute Care Symphony Support Level 1,Shazad Ishaque,Symphony,09/07/2026 16:10:21,17,,CS1810327,62997.0,178197.0,"17 hrs, 29 mins","2 days, 1 hrs, 29 mins"
CS1810742,North West Anglia NHS Foundation Trust,4 - Low,08/07/2026 10:52:46,Closed,Printing template - QR query,"Morning,
I've been asked by pathology to look at QR codes or 2D barcodes to meet a national project. I know the print template is a 'me' thing, I've dabbled but cant get word to autogenerateQR or see how a font would work (like we currently use the old flat barcodes)
They have told me Leeds/other symphony place as this - which is sort of helpful, it is possible (possibly?)

Are you aware of anyone i can contact or have a copy of a template from somewhere that i can dabble with to test if it meets their needs

Sorry, appreciate its a very random question and not really a problem with symphony
(essentially this path project is getting the name/number/dob to do a full match rather than just lookup a number = something haemonetics-y)",13/07/2026 10:55:29,Acute Care Symphony Support Level 1,Sheree Chadwick,Symphony,08/07/2026 12:32:17,27,,CS1810742,4689.0,4689.0,"1 hrs, 18 mins","1 hrs, 18 mins"
CS1811205,Wye Valley NHS Trust,4 - Low,09/07/2026 07:17:39,Closed,DAD Restart,"Hi

Our symphony comm point is down.

Please can you restart the DAD service for Wye Valley NHS",23/07/2026 16:09:27,Acute Care Symphony Support Level 1,Gareth Evans,Symphony - DAD,09/07/2026 16:09:19,13,,,,,,
CS1811326,Leeds Teaching Hospitals NHS Trust,4 - Low,09/07/2026 09:46:13,Closed,BRM department,Can you remove the grey team on the BRM department please.,24/07/2026 11:13:27,Acute Care Symphony Support Level 1,Shazad Ishaque,Symphony,10/07/2026 11:12:20,17,,CS1811326,48367.0,91567.0,"13 hrs, 26 mins","1 days, 1 hrs, 26 mins"
CS1811946,Norfolk and Norwich University Hospitals NHS Foundation Trust,4 - Low,09/07/2026 18:47:18,Closed,internal investigation. Audit ,"Dear Victoria,

Could you kindly request an audit of access to Symphony to support an internal investigation. Audit details as follows:

•	User LW108 for the period 19/04/2026 to 29/06/2026

Kind Regards
 
Helen 
 
Information Governance Assurance Officer",27/07/2026 12:16:52,Acute Care Symphony Support Level 1,Shazad Ishaque,Symphony,27/07/2026 12:16:47,27,,CS1811946,124057.0,578419.0,"1 days, 10 hrs, 27 mins","6 days, 16 hrs, 40 mins"
CS1812015,Norfolk and Norwich University Hospitals NHS Foundation Trust,4 - Low,10/07/2026 09:01:30,Closed,patient audit,"Dear team, please could I request details of who has accessed this patients recent attendance 1124493",13/07/2026 10:34:11,Acute Care Symphony Support Level 1,Shazad Ishaque,Symphony,10/07/2026 16:55:32,15,,CS1812015,28442.0,28442.0,"7 hrs, 54 mins","7 hrs, 54 mins"
CS1812194,Doncaster and Bassetlaw Teaching Hospitals NHS Foundation Trust,4 - Low,10/07/2026 11:04:53,Closed,Access audit request ,"Can we please have an audit on who has accessed the following 2 patient records between September 2023 and May 2024:
D0112989 MW
D1026612 NA

Many Thanks
Laura",28/07/2026 10:32:52,Acute Care Symphony Support Level 1,Shazad Ishaque,Symphony,14/07/2026 14:02:37,16,,CS1812194,67089.0,355089.0,"18 hrs, 38 mins","4 days, 2 hrs, 38 mins"
CS1812834,Wye Valley NHS Trust,4 - Low,13/07/2026 10:43:07,Closed,Please can you tell me who created and last edited Freya Hunt's log in,"I have just done a correction on Freya Hunts user log in as it was not functioning properly,  please can you tell me who created and edited Freya log in excluding me  today. Someone is not creating the log in correctly and i am trying to find out who.",29/07/2026 10:55:30,Acute Care Symphony Support Level 1,Konrad Siddons,Symphony,15/07/2026 10:53:44,17,,CS1812834,25262.0,82862.0,"7 hrs, 1 mins","23 hrs, 1 mins"
CS1812931,South Tees Hospitals NHS Foundation Trust,4 - Low,13/07/2026 11:44:35,Closed,Disk space,"Hello
This is related to case CS1804949.
STAS821, the secondary, is still using the same amount of disk as it was before the database work was carried out.
Please could this be looked into?
Thanks
Paul",15/07/2026 15:42:00,Acute Care Symphony Support Level 2,Sheree Chadwick,Symphony,15/07/2026 15:15:40,20,,CS1812931,42260.0,99860.0,"11 hrs, 44 mins","1 days, 3 hrs, 44 mins"
CS1812980,Mid Yorkshire Teaching NHS Trust,4 - Low,13/07/2026 12:26:00,Closed,Audit request,"Hi

Can you please provide audit of user access for unit number 3582130 for the last 3 months

Thanks

Farzana",29/07/2026 09:05:27,Acute Care Symphony Support Level 1,Konrad Siddons,Symphony,15/07/2026 09:04:19,17,,CS1812980,34141.0,91741.0,"9 hrs, 29 mins","1 days, 1 hrs, 29 mins"
CS1813041,Norfolk and Norwich University Hospitals NHS Foundation Trust,4 - Low,13/07/2026 13:30:50,Closed,Review of access,"There was a concern raised  that the records may have been viewed by colleagues, as they were showing on symphony and this patient works on AMU. 

Johnny discussed with Helen Hiseman and it was felt that reviewing would be appropriate.

Thank you",31/07/2026 16:53:27,Acute Care Symphony Support Level 1,Sheree Chadwick,Symphony,17/07/2026 16:53:26,27,,CS1813041,52416.0,167616.0,"14 hrs, 33 mins","1 days, 22 hrs, 33 mins"
CS1813664,Norfolk and Norwich University Hospitals NHS Foundation Trust,4 - Low,14/07/2026 12:44:23,On hold,Access,"Hello,

We have two drop down options for Cromer and ED. I need all existing ED users to be able to access Cromer.  Is there a quick way to apply this? 

Thank you
Victoria",03/08/2026 01:39:28,Acute Care Symphony Support Level 1,Konrad Siddons,Symphony,,19,,,,,,
CS1813712,Mid Yorkshire Teaching NHS Trust,4 - Low,14/07/2026 13:23:42,Closed,Remove DOD for patient ,"Hello, are you able to remove DOD for the following patient please? its been incorrectly record on Symphony.

PMI-1417887

Thank you",15/07/2026 00:17:15,Acute Care Symphony Support Level 1,Sheree Chadwick,Symphony,14/07/2026 14:38:18,14,,CS1813712,3073.0,3073.0,51 mins,51 mins
CS1815139,Northampton General Hospital NHS Trust,4 - Low,16/07/2026 11:38:31,Resolved,Data finding,"Olu called this morning as Rachel Wilson had pointed him in our direction  I asked him for an email to verify the request and identity

I am trying to find out where telephone consultation data is stored and how it can be accessed. Could you point me in the right direction?",22/07/2026 12:38:06,Acute Care Symphony Support Level 1,Sheree Chadwick,Symphony,22/07/2026 12:38:06,23,,CS1815139,43827.0,101427.0,"12 hrs, 10 mins","1 days, 4 hrs, 10 mins"
CS1815612,South Tees Hospitals NHS Foundation Trust,4 - Low,17/07/2026 09:34:48,Closed,Audit data,"Hello
Please can I request a full Symphony Audit for all access, deletions etc into the following patients Symphony records from the 7th April 2026 to present day.
Thanks
Paul",22/07/2026 13:51:13,Acute Care Symphony Support Level 1,Konrad Siddons,Symphony,22/07/2026 09:25:45,20,,CS1815612,13209.0,70809.0,"3 hrs, 40 mins","19 hrs, 40 mins"
CS1815613,North Cumbria Integrated Care NHS Foundation Trust,4 - Low,17/07/2026 09:35:09,Closed,Patient Audit,"Can you please provide an audit of all activity on the following patient's record between the following dates:
NHS No. 4004049490
Timescales: 27/02/2026 - 07/04/2026
If you require any further information please let me know.
Many Thanks 
Angela",17/07/2026 15:01:47,Acute Care Symphony Support Level 1,Sheree Chadwick,Symphony,17/07/2026 15:01:45,15,,,,,,
CS1816521,Luton And Dunstable Hospital NHS Foundation Trust,4 - Low,20/07/2026 12:42:47,Resolved,URGENT - Symphony Data - Luton Live ,"URGENT - 
Hi Support
The ED site team have raised that SHREWD System is showing the median wait time to treatment in ED since midnight is 17 days and 11 hours. It’s pulling the data from Symphony. Is there any way to check this? 

Many thanks
Zak
IT Team",24/07/2026 13:30:51,Acute Care Symphony Support Level 1,Shazad Ishaque,Symphony,24/07/2026 13:30:51,11,,CS1816521,15484.0,15484.0,"4 hrs, 18 mins","4 hrs, 18 mins"
CS1816549,Health Service Executive,4 - Low,20/07/2026 13:14:33,Resolved,Query clinic slots,WE have an existing clinic in AMAU dept with 3 slots. Today i increased up the 'maximum slots per clinic to 4 and 'maximum patients per clinic list'  from 3 to 4. When we look then at the clinic we can only see the 4 slots from Tuesday 28th July which is the first day no patients are booked in. Patients are booked in up to then already before i changed from 3 to 4 but was expecting to see the free slot. Is the system restricted that when you increase up slots you only see the new slot from when clinic is empty,21/07/2026 00:17:48,Acute Care Symphony Support Level 1,Jackie Milner,Symphony,20/07/2026 13:30:33,13,,CS1816549,757.0,757.0,12 mins,12 mins
CS1816639,South Tees Hospitals NHS Foundation Trust,4 - Low,20/07/2026 14:47:34,On hold,Connections to old STNAS1 server,"Hello
Could you check the set up of the WebICE interface from Symphony?
It looks like when users click on the WebICE DEP to log into WebICE and request tests, the system is opening a connection to S:/Shares/Symphony/Symphony/System/SML/ICE/logon.xml
Thanks
Paul",30/07/2026 02:29:29,Acute Care Symphony Support Level 1,Konrad Siddons,Symphony,,28,,,,,,
CS1817246,Mid Yorkshire Teaching NHS Trust,4 - Low,21/07/2026 12:47:32,Resolved,Audit Request,"Hi 

Can I please request an audit of who has access the record in the last 2 years for the patient below:

UNIT: 7663671
NHS: 653 431 3634

Thanks

Farzana",22/07/2026 00:16:05,Acute Care Symphony Support Level 1,Shazad Ishaque,Symphony,21/07/2026 18:00:31,9,,CS1817246,15148.0,18779.0,"4 hrs, 12 mins","5 hrs, 12 mins"
CS1817247,Mid Yorkshire Teaching NHS Trust,4 - Low,21/07/2026 12:49:08,Resolved,Audit Request,"Hi

Can I please request an audit of who has access the record from 1st April 2026 - today for the patients below:

DB 3391294
AM 7721293


Thanks

Farzana",22/07/2026 15:25:22,Acute Care Symphony Support Level 1,Shazad Ishaque,Symphony,22/07/2026 15:25:22,11,,CS1817247,38174.0,95774.0,"10 hrs, 36 mins","1 days, 2 hrs, 36 mins"
CS1817260,Mid Yorkshire Teaching NHS Trust,4 - Low,21/07/2026 13:00:57,Resolved,Audit Request,"Hi 

Can you please provide information to let me know if a Symphony record has been altered and what the alterations were and by role/whom on the 12th March 2026. 


NHS number is 637 777 7248 

Thanks

Farzana",22/07/2026 00:15:56,Acute Care Symphony Support Level 1,Shazad Ishaque,Symphony,21/07/2026 18:03:34,9,,CS1817260,14343.0,18157.0,"3 hrs, 59 mins","5 hrs, 2 mins"
CS1817925,Cumbria Teaching PCT,4 - Low,22/07/2026 13:23:29,Closed,Entry been deleted incorrectly,"A staff member contacted us to advise that an attendance for Patient hospital number: 1155700 had disappeared from Symphony.  On investigation we have found a ticket with another team requesting the deletion of the missing Symphony entry.  

Is there anyway the deleted attendance can be recovered?

Attendance number: csd-26-004514-1",03/08/2026 10:24:35,Acute Care Symphony Support Level 1,Gareth Evans,Symphony,27/07/2026 13:43:02,15,,,,,,
CS1820102,Norfolk and Norwich University Hospitals NHS Foundation Trust,4 - Low,27/07/2026 12:53:31,Closed,access log for a Coroner’s Inquest.,"MH 2295780 

 I require some audit information but have been informed that I need to request this from yourselves.
 
The information I require is access logs for reviewing patient MH 2295780 from 18 June to 20 July 2026.
 
If you need authority to provide this information, Mark Northcott is aware of the situation.
 
I look forward to hearing from you.

Kind regards
 
Sue
 
Sue Dack
Legal Secretary
Norfolk & Norwich University Hospital",31/07/2026 10:32:17,Acute Care Symphony Support Level 1,Gareth Evans,Symphony,28/07/2026 09:04:45,14,,CS1820102,2064.0,2064.0,34 mins,34 mins
CS1820584,Isle Of Wight NHS Trust,4 - Low,28/07/2026 10:10:23,Closed,incorrectly formatted attendance message,"for the attendance on episode ED-26-035447-1 on the 27/7/26 @ 19:44 the A04 message was incorrectly formatted in the PV2 segment with extra returns and the text showing as a separate segment.  i have looked at the episode and can not see why this has happened.  please investigate  and let me know the cause of the error-
PV2|||\r\n
had a fall on friday and hurt right shin- s|\r",31/07/2026 09:38:49,Acute Care Symphony Support Level 1,Konrad Siddons,Symphony,30/07/2026 13:57:00,15,,CS1820584,71197.0,186397.0,"19 hrs, 46 mins","2 days, 3 hrs, 46 mins"
CS1820586,Doncaster and Bassetlaw Teaching Hospitals NHS Foundation Trust,4 - Low,28/07/2026 10:11:31,Closed,Special Case Alert Audit,"Hi
Can you please tell me when patient D0197269 CP had the following alerts added to their Symphony record:
- Impaired Mental Status
-Patient requires a Chaperone at all times 
-Known violent/abusive",31/07/2026 13:30:04,Acute Care Symphony Support Level 1,Shazad Ishaque,Symphony,30/07/2026 10:01:08,11,,CS1820586,56977.0,172177.0,"15 hrs, 49 mins","1 days, 23 hrs, 49 mins"
CS1821217,Aneurin Bevan University Healthboard,4 - Low,29/07/2026 09:15:57,Closed,Date and time stores,"Hi,

As part of some cloud integration work that is going on in our organisation I've been asked to confirm how date and time is stored for example UTC, GMC or BST? This is to ensure that hourly data is handled consistently across our organisation.",29/07/2026 16:11:41,Acute Care Symphony Support Level 1,Shazad Ishaque,Symphony,29/07/2026 13:53:55,10,,CS1821217,16678.0,16678.0,"4 hrs, 37 mins","4 hrs, 37 mins"
CS1821247,Mid Yorkshire Teaching NHS Trust,4 - Low,29/07/2026 09:35:05,Resolved,Symphony postcode finder ,"Hello 
Our AE departments are unable to use the postcode finder, could you check the issue as its causing delays in admitting patients please?

Unable to locate GBG loqate",03/08/2026 09:40:57,Acute Care Symphony Support Level 1,Gareth Evans,Symphony,03/08/2026 09:40:57,26,,CS1821247,27206.0,28448.0,"7 hrs, 33 mins","7 hrs, 54 mins"
CS1821264,Doncaster and Bassetlaw Teaching Hospitals NHS Foundation Trust,4 - Low,29/07/2026 09:47:33,In Progress,Audit Request ,"Hi, 
A couple of weeks ago you provided an audit for the following patients: D0112989 and D10226612.
Can we please have an audit for these patients between May 2023 and November 2023 - for e-view and search as before :) 
Many Thanks
Laura",29/07/2026 15:26:47,Acute Care Symphony Support Level 1,Gareth Evans,Symphony,,12,,,,,,
CS1821332,Doncaster and Bassetlaw Teaching Hospitals NHS Foundation Trust,4 - Low,29/07/2026 10:36:26,In Progress,ICE upgrade - need change to interop ,"Hi 
I have been advised to log a call on here with the following request. 
DBTH are currently upgrading their Order Comms ICE system, for which we have an interop in Symphony. I have been asked by the ICE System Team to see if we can get the Symphony Test interop changed to match the new environment. The new test link is http://iceweb/icedesktop/dotnet/icedesktop/service_request.aspx and it needs to use IE Mode.

Many Thanks
Laura",31/07/2026 16:32:45,Acute Care Symphony Support Level 1,Shazad Ishaque,Symphony,,16,,,,,,
CS1821439,Isle Of Wight NHS Trust,4 - Low,29/07/2026 12:11:29,In Progress,Merge A40 message not processed,We have merged a record in PAS and sent an A40 message.  I can see in the DAD logs that the A40 message was received and looks correct but it has not merged the 2 records in Symphony.  Patient casenote numbers are IW408764 (the retained number) and IW467305 (the discarded number).  I know we can resolve this using SAPM bur this is the second time in a week that merged records have failed.  Please can you let me know they the A40 messages are not being processed as expected,30/07/2026 00:18:10,Acute Care Symphony Support Level 1,Shazad Ishaque,Symphony,,6,,,,,,
CS1821467,Leeds Teaching Hospitals NHS Trust,4 - Low,29/07/2026 12:34:19,Resolved,Request for Roles and Responsibilties,"Hi Team, 

Please can I request a extract of the current users on our Symphony Live environment with information of the role assigned to each user. 

Many thanks 

Megan",31/07/2026 15:47:33,Acute Care Symphony Support Level 1,Shazad Ishaque,Symphony,31/07/2026 15:47:33,14,,CS1821467,97994.0,184394.0,"1 days, 3 hrs, 13 mins","2 days, 3 hrs, 13 mins"
CS1821534,Aneurin Bevan University Healthboard,4 - Low,29/07/2026 13:50:10,Closed,Ptaient alert removed,"Hi,

patient 6702257 previously had a patient alert on their record and appears to have been removed.

Are you able to advise who removed it, when and retrieve it if possible please.",31/07/2026 13:08:49,Acute Care Symphony Support Level 1,Shazad Ishaque,Symphony,31/07/2026 13:08:47,15,,CS1821534,55117.0,170317.0,"15 hrs, 18 mins","1 days, 23 hrs, 18 mins"
CS1821905,North West Anglia NHS Foundation Trust,4 - Low,30/07/2026 10:21:05,In Progress,Audit 26-12,Please can an audit be completed using the parameters in the word document attached,30/07/2026 13:15:43,Acute Care Symphony Support Level 1,Konrad Siddons,Symphony,,11,,,,,,
CS1822011,Mid Yorkshire Teaching NHS Trust,4 - Low,30/07/2026 11:32:39,In Progress,Filters/Sort options,"We seem to be having an issue with the filtering/sort option on the generic log ons. When you log onto aepgh2 without applying any filters, this will show patients with longest in dept on top. However, when you log onto the aepgh generic log on it doesnt show this. is there any particular reason this is? We can add an advanced filter to apply for this but we shouldnt need to. please see screenshots attached",30/07/2026 12:16:27,Acute Care Symphony Support Level 1,Konrad Siddons,Symphony,,9,,,,,,
CS1822174,South Tees Hospitals NHS Foundation Trust,4 - Low,30/07/2026 13:56:14,Closed,patient audit required for IG,"Our IG department have asked for the following audit of all staff that have accessed the following patient on Symphony for the past week – 23rd July 2026 – 30th July 2026


NHS No:  4062552094 (PG)",31/07/2026 00:17:02,Acute Care Symphony Support Level 1,Konrad Siddons,Symphony,30/07/2026 15:05:43,18,,CS1822174,4169.0,4169.0,"1 hrs, 9 mins","1 hrs, 9 mins"
CS1822419,Mid Yorkshire Teaching NHS Trust,4 - Low,31/07/2026 09:08:57,Resolved,Camis DOD Mismatch With Symphony,"Good Morning,
 
There is an issue with Symphony where it is not displaying the date of death when a patient has date of death on eCamis. The attached report has flagged 50 records with a DOD on eCamis but not on Symphony and 3 records with incorrect DOD on Symphony. Please can this be investigated. Thanks.",03/08/2026 09:37:35,Acute Care Symphony Support Level 1,Gareth Evans,Symphony,03/08/2026 09:37:35,25,,CS1822419,17628.0,17688.0,"4 hrs, 53 mins","4 hrs, 54 mins"
CS1822977,North West Anglia NHS Foundation Trust,4 - Low,03/08/2026 09:12:58,On hold,Live GP Update Q1 2026,"Following test GP update in case CS1818947, Trust are ready to do the live update on Monday 10 August.",03/08/2026 11:12:00,Acute Care Symphony Support Level 1,Gareth Evans,Symphony,,13,,,,,,
CS1823066,Norfolk and Norwich University Hospitals NHS Foundation Trust,4 - Low,03/08/2026 10:06:45,On hold,text overlay,"Discharge summaries from Symphony print/are saved – areas of text are not visible due to other text overlying it. 
 
Please see attached example.  This presents a risk, with potentially important health information not being visible to us or other providers.  

Please could this be looked into",03/08/2026 11:39:40,Acute Care Symphony Support Level 1,Gareth Evans,Symphony,,10,,,,,,
