"task","start_time","pause_time","end_time","business_duration","duration","stage"
"CS1650816","16/09/2025 12:49:02","","03/06/2026 12:19:34","7717978","15799978","Completed"
"CS1638109","22/08/2025 16:13:31","06/07/2026 11:11:30","","6084449","25497024","Paused"
"CS1675692","23/10/2025 11:37:15","30/06/2026 14:41:44","","4870509","21372909","Paused"
"CS1610989","07/07/2025 08:46:37","","22/06/2026 01:51:27","4799976","21510404","Completed"
"CS1676382","24/10/2025 10:01:40","","10/07/2026 13:31:26","4413128","19124977","Completed"
"CS1730573","06/02/2026 09:48:17","","21/05/2026 14:11:22","4355340","8974140","Completed"
"CS1696946","01/12/2025 11:27:06","","08/07/2026 13:42:42","4293374","18833774","Completed"
"CS1664789","07/10/2025 10:20:57","","23/06/2026 11:33:58","4288182","18948454","Completed"
"CS1641322","01/09/2025 08:44:40","","17/03/2026 12:48:45","3908867","16729387","Completed"
"CS1668750","13/10/2025 10:48:58","10/02/2026 15:09:31","","3700901","7459301","Paused"
"CS1617195","17/07/2025 09:07:46","","01/12/2025 11:25:28","3537721","10222921","Completed"
"CS1678565","28/10/2025 15:52:09","","08/06/2026 10:51:17","3326934","14326377","Completed"
"CS1702293","10/12/2025 11:30:30","","02/07/2026 06:29:45","3200350","13689002","Completed"
"CS1692608","21/11/2025 13:27:23","","04/02/2026 10:08:28","3097673","6467273","Completed"
"CS1704051","12/12/2025 15:40:46","","29/05/2026 16:05:19","3095492","9442292","Completed"
"CS1715094","09/01/2026 15:34:18","","21/07/2026 08:18:33","3082095","13508009","Completed"
"CS1713830","08/01/2026 09:38:46","","13/07/2026 02:15:26","2878323","12781923","Completed"
"CS1650305","15/09/2025 16:13:11","","27/02/2026 02:41:26","2839081","11828281","Completed"
"CS1682639","05/11/2025 08:20:15","","21/04/2026 07:38:04","2766999","11965607","Completed"
"CS1700211","05/12/2025 14:05:59","","08/04/2026 16:01:35","2712381","8025981","Completed"
"CS1653182","19/09/2025 13:59:39","","14/04/2026 09:59:27","2698573","12033301","Completed"
"CS1634451","15/08/2025 13:58:06","","13/11/2025 00:55:26","2677272","5355672","Completed"
"CS1635912","19/08/2025 13:32:52","","19/01/2026 10:55:11","2543634","11590434","Completed"
"CS1672773","17/10/2025 19:44:19","","10/02/2026 12:00:50","2336051","9990592","Completed"
"CS1708996","24/12/2025 11:52:42","","27/05/2026 03:01:27","2226461","9855659","Completed"
"CS1669595","14/10/2025 11:03:12","","19/02/2026 18:21:26","2159528","9290113","Completed"
"CS1685633","10/11/2025 13:41:39","","13/04/2026 13:45:55","2145895","9772347","Completed"
"CS1692697","21/11/2025 14:51:14","","17/03/2026 12:45:23","2141459","9485459","Completed"
"CS1680631","31/10/2025 13:06:34","","13/02/2026 14:19:26","2033372","5997613","Completed"
"CS1699292","04/12/2025 10:51:30","","16/06/2026 08:54:59","1975594","8426794","Completed"
"CS1621560","23/07/2025 12:37:57","","11/11/2025 10:46:43","1924231","8039975","Completed"
"CS1717322","14/01/2026 13:06:55","","21/05/2026 10:57:26","1879546","8010346","Completed"
"CS1730300","05/02/2026 15:30:32","","26/05/2026 13:24:57","1863034","8371426","Completed"
"CS1721952","22/01/2026 11:29:01","","28/05/2026 08:54:22","1858975","3716575","Completed"
"CS1714116","08/01/2026 12:49:39","","14/04/2026 16:19:33","1827259","7701074","Completed"
"CS1694617","26/11/2025 10:00:36","","17/03/2026 11:45:27","1825219","7959619","Completed"
"CS1736275","16/02/2026 11:20:39","","29/05/2026 10:44:04","1798173","7928973","Completed"
"CS1763054","07/04/2026 12:24:11","","15/07/2026 12:03:54","1745065","7159802","Completed"
"CS1709562","29/12/2025 12:50:27","","09/04/2026 12:57:14","1712180","7124685","Completed"
"CS1672653","17/10/2025 16:30:23","","06/04/2026 04:01:26","1682933","7300984","Completed"
"CS1746703","06/03/2026 08:56:17","","26/05/2026 03:11:26","1680453","3361653","Completed"
"CS1685290","10/11/2025 09:49:19","","17/02/2026 02:35:26","1668437","3266837","Completed"
"CS1721978","22/01/2026 11:46:04","","25/06/2026 11:39:26","1668078","7466471","Completed"
"CS1777660","05/05/2026 13:55:01","25/07/2026 13:13:36","","1652127","6995343","Paused"
"CS1705135","16/12/2025 10:59:03","","02/07/2026 14:31:44","1641278","6883013","Completed"
"CS1739712","21/02/2026 14:35:54","","15/04/2026 11:29:26","1638234","3319434","Completed"
"CS1714045","08/01/2026 12:06:50","","16/04/2026 11:57:09","1582252","6996652","Completed"
"CS1670486","15/10/2025 11:39:36","","26/12/2025 18:19:26","1572112","3130912","Completed"
"CS1697187","01/12/2025 14:03:00","","19/03/2026 09:03:27","1569839","6790411","Completed"
"CS1726334","29/01/2026 17:56:41","","09/03/2026 10:34:37","1531327","3086527","Completed"
"CS1707884","22/12/2025 11:26:40","","24/03/2026 14:28:39","1530384","6369166","Completed"
"CS1745625","04/03/2026 14:17:44","","15/04/2026 09:32:42","1500422","3181622","Completed"
"CS1705925","17/12/2025 11:44:38","","04/02/2026 12:21:28","1487243","2956043","Completed"
"CS1716573","13/01/2026 14:36:53","","08/04/2026 14:01:27","1466636","6132236","Completed"
"CS1638520","26/08/2025 11:16:51","","12/11/2025 15:56:21","1449944","5948224","Completed"
"CS1717638","15/01/2026 08:40:12","","08/04/2026 12:47:28","1424792","5976380","Completed"
"CS1697004","01/12/2025 12:00:05","","20/02/2026 10:54:41","1423236","6290436","Completed"
"CS1610682","04/07/2025 12:51:58","","26/09/2025 08:59:27","1397282","6033934","Completed"
"CS1706495","18/12/2025 09:51:16","","28/05/2026 00:15:26","1393075","6004046","Completed"
"CS1780924","11/05/2026 17:16:16","19/07/2026 14:12:34","","1382400","5950578","Paused"
"CS1732155","09/02/2026 15:31:52","","04/05/2026 16:09:29","1378177","6040177","Completed"
"CS1689475","17/11/2025 11:36:21","","30/01/2026 10:21:16","1372447","5722000","Completed"
"CS1751337","16/03/2026 13:06:07","","09/06/2026 10:16:01","1343881","5602681","Completed"
"CS1751565","16/03/2026 15:47:54","","01/06/2026 16:56:29","1327899","5791888","Completed"
"CS1703383","11/12/2025 14:45:06","","31/03/2026 09:45:10","1284604","5863804","Completed"
"CS1698249","02/12/2025 16:31:57","","15/04/2026 10:33:19","1283680","5696799","Completed"
"CS1761879","02/04/2026 08:22:30","","24/06/2026 12:39:27","1266617","5300581","Completed"
"CS1782813","14/05/2026 12:10:59","","15/07/2026 13:42:38","1243628","5362028","Completed"
"CS1748826","11/03/2026 09:18:42","","24/04/2026 16:31:26","1235543","2614343","Completed"
"CS1683436","06/11/2025 08:29:12","","20/01/2026 10:18:52","1221874","5457378","Completed"
"CS1691970","20/11/2025 14:19:18","","12/02/2026 10:42:42","1221001","5742601","Completed"
"CS1734122","12/02/2026 09:30:45","","15/04/2026 12:31:52","1209605","5297753","Completed"
"CS1762342","02/04/2026 14:13:42","","30/06/2026 13:39:16","1208990","5020622","Completed"
"CS1697398","01/12/2025 16:31:45","","07/01/2026 12:52:08","1199650","2582050","Completed"
"CS1734729","12/02/2026 16:56:33","","05/05/2026 10:50:18","1198077","5341677","Completed"
"CS1702228","10/12/2025 10:49:58","","11/06/2026 12:11:30","1191164","4886717","Completed"
"CS1756668","24/03/2026 09:49:46","","06/07/2026 13:34:26","1182666","5100925","Completed"
"CS1761908","02/04/2026 09:00:02","","29/05/2026 13:06:23","1157996","4844396","Completed"
"CS1761967","02/04/2026 09:34:46","","02/06/2026 10:31:36","1156232","4842632","Completed"
"CS1634376","15/08/2025 12:39:00","","15/09/2025 10:38:33","1152726","2405526","Completed"
"CS1685865","10/11/2025 16:48:15","","31/12/2025 16:20:05","1152087","3355287","Completed"
"CS1689517","17/11/2025 12:07:48","","20/01/2026 15:48:22","1142122","5087722","Completed"
"CS1638620","26/08/2025 12:35:16","","01/12/2025 12:40:14","1139499","4431690","Completed"
"CS1692902","24/11/2025 08:48:35","","12/02/2026 14:01:27","1139122","5027807","Completed"
"CS1733869","11/02/2026 14:48:22","","07/05/2026 01:45:26","1131098","4930473","Completed"
"CS1642243","01/09/2025 15:39:05","","19/12/2025 00:05:26","1126481","4815155","Completed"
"CS1620128","22/07/2025 09:47:25","","04/12/2025 10:54:05","1123416","4637775","Completed"
"CS1695790","27/11/2025 15:40:19","","18/02/2026 18:17:26","1105888","5166688","Completed"
"CS1763921","08/04/2026 15:03:27","","13/05/2026 10:31:46","1072198","2152198","Completed"
"CS1752178","17/03/2026 14:42:24","","25/04/2026 12:31:26","1040632","2073832","Completed"
"CS1772781","23/04/2026 14:17:54","","28/05/2026 09:11:27","1039963","1795963","Completed"
"CS1730625","06/02/2026 10:22:15","","07/04/2026 10:33:27","1011804","2912604","Completed"
"CS1740894","24/02/2026 12:33:35","","05/05/2026 10:35:28","1001390","4223390","Completed"
"CS1773718","27/04/2026 09:43:18","","21/05/2026 12:00:38","990978","2070978","Completed"
"CS1693861","25/11/2025 10:13:58","","20/01/2026 08:54:38","985337","4150743","Completed"
"CS1737667","18/02/2026 09:52:55","","09/04/2026 16:46:17","984379","4321579","Completed"
"CS1748820","11/03/2026 09:14:53","","13/05/2026 13:33:27","965887","4245487","Completed"
"CS1749268","11/03/2026 15:01:39","","12/05/2026 14:13:10","961612","4302412","Completed"
"CS1638724","26/08/2025 14:06:19","","13/10/2025 10:04:24","960821","3899888","Completed"
"CS1760675","31/03/2026 12:58:32","","01/06/2026 22:10:21","949421","4603553","Completed"
"CS1769293","16/04/2026 16:37:02","","05/06/2026 10:36:08","939704","3995535","Completed"
"CS1735691","13/02/2026 15:59:56","","13/04/2026 07:38:54","920467","3969667","Completed"
"CS1712892","06/01/2026 17:14:15","","17/03/2026 10:35:08","918694","3798134","Completed"
"CS1742221","26/02/2026 10:10:55","","12/05/2026 03:01:26","908130","4072530","Completed"
"CS1615460","15/07/2025 09:46:31","","28/08/2025 09:59:30","907888","2592688","Completed"
"CS1718526","16/01/2026 09:22:33","","13/05/2026 11:11:26","899999","4065544","Completed"
"CS1705087","16/12/2025 10:30:31","","25/02/2026 18:31:26","887369","4001701","Completed"
"CS1668065","10/10/2025 14:48:34","","16/12/2025 14:35:36","887172","3828381","Completed"
"CS1793095","04/06/2026 10:48:54","22/07/2026 19:07:14","","876779","3591613","Paused"
"CS1644259","04/09/2025 11:12:55","","11/12/2025 11:05:26","874481","3642881","Completed"
"CS1722749","23/01/2026 12:24:20","","07/04/2026 09:09:09","857292","3735609","Completed"
"CS1759417","27/03/2026 15:42:08","","09/06/2026 09:27:48","857075","4309688","Completed"
"CS1702506","10/12/2025 12:35:22","","28/01/2026 17:42:22","855922","3620722","Completed"
"CS1779417","07/05/2026 15:22:18","","22/06/2026 07:26:12","848498","3699698","Completed"
"CS1672632","17/10/2025 16:07:44","","09/12/2025 11:47:27","833624","2522024","Completed"
"CS1688368","13/11/2025 18:27:07","","07/01/2026 16:25:26","833113","3535086","Completed"
"CS1728579","03/02/2026 14:02:15","","21/03/2026 12:47:26","832835","1696835","Completed"
"CS1648685","11/09/2025 16:00:41","","23/10/2025 16:31:27","831202","2343202","Completed"
"CS1613452","10/07/2025 10:10:29","","22/09/2025 09:09:07","830165","3536522","Completed"
"CS1706561","18/12/2025 10:20:06","","04/02/2026 17:27:26","822166","1599766","Completed"
"CS1774762","28/04/2026 13:53:11","","02/07/2026 11:41:27","820086","3296886","Completed"
"CS1694972","26/11/2025 14:20:06","","22/01/2026 18:49:26","815994","3731354","Completed"
"CS1706831","18/12/2025 13:07:15","","11/02/2026 10:11:07","814670","3781829","Completed"
"CS1688822","14/11/2025 12:30:33","","02/02/2026 16:19:26","812825","4123277","Completed"
"CS1648555","11/09/2025 14:30:56","","31/12/2025 08:47:27","811541","3463260","Completed"
"CS1736822","17/02/2026 09:05:08","","07/04/2026 08:55:38","806826","3228751","Completed"
"CS1726491","30/01/2026 10:09:51","","17/03/2026 12:45:15","804647","3454247","Completed"
"CS1781487","12/05/2026 13:43:24","","14/07/2026 13:48:23","803684","3221798","Completed"
"CS1795130","09/06/2026 09:45:09","","11/07/2026 13:11:26","789961","1567561","Completed"
"CS1702524","10/12/2025 12:48:00","","28/01/2026 13:56:06","782316","3576447","Completed"
"CS1787387","26/05/2026 10:15:00","","21/07/2026 10:53:27","775607","3367607","Completed"
"CS1733639","11/02/2026 12:02:54","","09/04/2026 17:21:28","771813","3139731","Completed"
"CS1756755","24/03/2026 10:30:19","","05/05/2026 08:43:26","771095","2409095","Completed"
"CS1782235","13/05/2026 13:50:29","","13/07/2026 15:39:26","770986","3449386","Completed"
"CS1614297","11/07/2025 11:48:29","","14/11/2025 12:05:32","769225","3079419","Completed"
"CS1613845","10/07/2025 14:55:56","","01/09/2025 11:45:26","765667","3357667","Completed"
"CS1705384","16/12/2025 14:24:50","","28/01/2026 17:43:28","759877","3122076","Completed"
"CS1774757","28/04/2026 13:47:18","","14/07/2026 09:30:08","756901","3119805","Completed"
"CS1617700","17/07/2025 13:43:21","","15/09/2025 15:05:28","745242","3279642","Completed"
"CS1714318","08/01/2026 15:29:51","","19/03/2026 09:01:27","744068","3108683","Completed"
"CS1706127","17/12/2025 14:33:37","","05/03/2026 03:45:26","728163","3465168","Completed"
"CS1646506","09/09/2025 09:42:42","","14/11/2025 08:58:06","727476","3204913","Completed"
"CS1647847","10/09/2025 15:08:26","","11/11/2025 11:31:46","719717","3256018","Completed"
"CS1609321","02/07/2025 13:02:22","","20/08/2025 17:49:27","711777","2963701","Completed"
"CS1703555","12/12/2025 08:14:27","","03/02/2026 14:31:26","711017","3392150","Completed"
"CS1746316","05/03/2026 12:28:05","","30/04/2026 18:29:26","708529","2956789","Completed"
"CS1667411","09/10/2025 15:55:04","","23/01/2026 12:31:26","704348","2953987","Completed"
"CS1771662","21/04/2026 17:20:07","","05/07/2026 14:19:27","702312","3076232","Completed"
"CS1749193","11/03/2026 14:02:48","","15/04/2026 09:16:43","701832","2946829","Completed"
"CS1681824","04/11/2025 09:17:07","","30/12/2025 14:29:07","700953","2664104","Completed"
"CS1796772","11/06/2026 12:54:22","","07/07/2026 10:31:41","699311","1390511","Completed"
"CS1633301","14/08/2025 08:59:46","","15/10/2025 13:24:49","698620","2973834","Completed"
"CS1652164","18/09/2025 10:20:14","","30/12/2025 01:15:26","698176","3120396","Completed"
"CS1736666","16/02/2026 16:15:38","","04/04/2026 14:07:26","693862","2843457","Completed"
"CS1683272","05/11/2025 15:24:47","","22/12/2025 02:31:27","685217","1376417","Completed"
"CS1666207","08/10/2025 13:12:11","","17/11/2025 10:25:08","683353","2875753","Completed"
"CS1679410","29/10/2025 15:52:09","","02/12/2025 13:25:16","680540","2873723","Completed"
"CS1728742","03/02/2026 16:11:27","","23/03/2026 11:49:27","675429","2921829","Completed"
"CS1702053","10/12/2025 09:14:05","","19/03/2026 02:15:26","673594","2894616","Completed"
"CS1650990","16/09/2025 14:52:46","","16/03/2026 16:56:40","669571","2915971","Completed"
"CS1727785","02/02/2026 15:42:41","","25/03/2026 10:04:39","650553","2726309","Completed"
"CS1690579","18/11/2025 15:24:07","","23/01/2026 10:19:27","647529","3040499","Completed"
"CS1610842","04/07/2025 15:49:14","","21/08/2025 12:37:27","642238","2831611","Completed"
"CS1764416","09/04/2026 11:56:45","","27/05/2026 10:32:37","637816","1285816","Completed"
"CS1727559","02/02/2026 12:45:39","","17/03/2026 14:33:49","636330","1284330","Completed"
"CS1746437","05/03/2026 14:24:51","","21/04/2026 10:33:56","634135","3164935","Completed"
"CS1792138","03/06/2026 09:11:43","","04/07/2026 12:35:27","633614","1238414","Completed"
"CS1811449","09/07/2026 10:49:52","23/07/2026 19:08:16","","626985","1231785","Paused"
"CS1669420","14/10/2025 09:29:19","","16/12/2025 12:06:50","623766","2243921","Completed"
"CS1699601","04/12/2025 14:44:07","","02/02/2026 10:23:26","620708","3183908","Completed"
"CS1774266","27/04/2026 16:20:55","","24/06/2026 18:21:27","620057","2981657","Completed"
"CS1729677","05/02/2026 08:48:20","","17/03/2026 11:29:18","611647","2513147","Completed"
"CS1629231","06/08/2025 13:37:57","","19/09/2025 14:53:26","609024","2596224","Completed"
"CS1701966","09/12/2025 21:27:08","","22/01/2026 10:39:22","604800","2921891","Completed"
"CS1614456","11/07/2025 14:40:17","","04/09/2025 12:39:26","601934","2217434","Completed"
"CS1689765","17/11/2025 15:26:49","","16/12/2025 10:05:52","583346","2430141","Completed"
"CS1795793","10/06/2026 09:18:35","","25/07/2026 19:03:26","578653","2421853","Completed"
"CS1797651","12/06/2026 16:49:10","","25/07/2026 13:35:26","576650","2493877","Completed"
"CS1613750","10/07/2025 13:29:23","","28/08/2025 12:24:24","574052","2362571","Completed"
"CS1758181","26/03/2026 09:33:03","","08/05/2026 12:19:27","557154","2511954","Completed"
"CS1650078","15/09/2025 13:32:12","","15/12/2025 10:51:28","556471","2223180","Completed"
"CS1749300","11/03/2026 15:29:59","","24/04/2026 16:41:28","554305","2509105","Completed"
"CS1789457","28/05/2026 12:09:24","","24/06/2026 14:08:47","554244","2339844","Completed"
"CS1700211","05/12/2025 14:05:59","","14/01/2026 15:21:28","551477","1977077","Completed"
"CS1652049","18/09/2025 08:48:23","","29/10/2025 11:21:26","548349","2334646","Completed"
"CS1687736","13/11/2025 09:29:56","","23/12/2025 17:01:26","541787","2269787","Completed"
"CS1740340","23/02/2026 15:08:46","","03/04/2026 16:27:28","538057","2093257","Completed"
"CS1814594","15/07/2026 17:25:23","28/07/2026 10:11:20","","535557","1097157","Paused"
"CS1789227","28/05/2026 10:44:58","","06/07/2026 09:52:40","535039","2249768","Completed"
"CS1737732","18/02/2026 10:25:46","","31/03/2026 08:46:15","529838","2257838","Completed"
"CS1673465","20/10/2025 14:31:26","","21/11/2025 10:26:24","529653","2147600","Completed"
"CS1725211","28/01/2026 12:04:19","","11/02/2026 12:00:32","529400","1047800","Completed"
"CS1637082","21/08/2025 09:48:26","","14/11/2025 12:30:23","526786","2369986","Completed"
"CS1752274","17/03/2026 16:08:09","","24/04/2026 12:20:10","520316","2420667","Completed"
"CS1795674","09/06/2026 16:30:50","","13/07/2026 16:18:45","519497","2239930","Completed"
"CS1735268","13/02/2026 14:36:53","","17/03/2026 12:33:27","515409","1033809","Completed"
"CS1713469","07/01/2026 14:29:56","","06/03/2026 03:01:26","513695","2068895","Completed"
"CS1686602","11/11/2025 15:08:03","","22/12/2025 07:56:32","512913","1794028","Completed"
"CS1726012","29/01/2026 12:45:11","","26/03/2026 09:59:27","507987","2237992","Completed"
"CS1733289","11/02/2026 08:42:57","","10/03/2026 08:40:15","505491","1947252","Completed"
"CS1729629","04/02/2026 17:32:44","","30/03/2026 02:15:26","500612","2226648","Completed"
"CS1791482","02/06/2026 10:03:44","","13/07/2026 13:41:34","495832","1956666","Completed"
"CS1741997","25/02/2026 16:49:14","","23/03/2026 10:35:06","490246","2060905","Completed"
"CS1667935","10/10/2025 12:41:36","","01/12/2025 11:18:22","487138","2218672","Completed"
"CS1712469","06/01/2026 11:42:38","","02/02/2026 09:12:48","485090","1982690","Completed"
"CS1616455","16/07/2025 11:27:56","","10/09/2025 16:29:26","483098","2028178","Completed"
"CS1731656","09/02/2026 11:23:50","","12/03/2026 11:32:30","481770","1921770","Completed"
"CS1639762","28/08/2025 09:33:06","","29/09/2025 11:46:27","475315","1847073","Completed"
"CS1664243","06/10/2025 14:57:20","","30/10/2025 13:23:12","472941","1974141","Completed"
"CS1618423","18/07/2025 11:36:04","","03/10/2025 17:11:26","470762","1853162","Completed"
"CS1774103","27/04/2026 13:43:42","","18/06/2026 00:15:26","468725","1966325","Completed"
"CS1730270","05/02/2026 14:58:44","","02/03/2026 11:57:27","462527","937727","Completed"
"CS1744332","03/03/2026 07:44:45","","07/04/2026 17:27:42","460800","1849281","Completed"
"CS1680792","31/10/2025 16:02:48","","10/12/2025 15:31:28","458025","1829968","Completed"
"CS1734718","12/02/2026 16:29:01","","09/03/2026 09:02:57","457597","1973238","Completed"
"CS1747465","09/03/2026 10:31:18","","27/04/2026 02:55:26","454118","1832918","Completed"
"CS1697095","01/12/2025 12:57:34","","30/01/2026 00:31:26","452846","2007422","Completed"
"CS1623518","25/07/2025 13:28:28","","01/09/2025 11:03:26","452094","2064894","Completed"
"CS1608337","01/07/2025 10:58:20","","12/08/2025 09:41:26","451651","1778917","Completed"
"CS1764683","09/04/2026 16:01:22","","14/05/2026 12:13:24","450574","1673877","Completed"
"CS1657017","26/09/2025 10:06:37","","07/11/2025 11:09:26","447391","1887391","Completed"
"CS1777043","01/05/2026 16:37:47","","11/06/2026 15:35:26","447326","2232926","Completed"
"CS1757030","24/03/2026 13:28:13","","25/04/2026 11:57:26","445622","874022","Completed"
"CS1674281","21/10/2025 13:54:33","","04/11/2025 11:29:26","441238","920038","Completed"
"CS1650951","16/09/2025 14:27:51","","14/10/2025 14:31:37","440428","872428","Completed"
"CS1749470","12/03/2026 08:47:50","","30/04/2026 11:39:26","438082","1939000","Completed"
"CS1664452","06/10/2025 17:21:47","","28/10/2025 12:43:07","437752","1880045","Completed"
"CS1692320","21/11/2025 09:46:32","","12/12/2025 11:53:56","437310","1819710","Completed"
"CS1624684","29/07/2025 10:04:33","","05/09/2025 00:25:26","432765","864765","Completed"
"CS1618518","18/07/2025 12:45:24","","11/08/2025 11:35:58","431909","1814309","Completed"
"CS1653317","19/09/2025 16:02:03","","14/10/2025 13:19:19","427323","816123","Completed"
"CS1682215","04/11/2025 12:38:58","","27/11/2025 10:05:23","424938","1634538","Completed"
"CS1695060","26/11/2025 15:35:01","","04/12/2025 10:41:03","418896","418896","Completed"
"CS1706923","18/12/2025 14:29:22","","02/02/2026 10:57:26","413434","2170234","Completed"
"CS1713199","07/01/2026 11:09:01","","30/01/2026 17:15:26","410723","799523","Completed"
"CS1693011","24/11/2025 09:57:30","","29/12/2025 14:09:27","406315","1503626","Completed"
"CS1630420","08/08/2025 11:12:08","","19/09/2025 17:15:27","404188","1502209","Completed"
"CS1762872","07/04/2026 10:17:28","","30/04/2026 11:04:47","399945","1724745","Completed"
"CS1765565","11/04/2026 09:38:43","","22/05/2026 09:29:26","396571","742171","Completed"
"CS1754705","23/03/2026 10:27:21","","01/05/2026 18:25:26","394345","1715545","Completed"
"CS1743063","27/02/2026 11:13:55","","12/05/2026 15:55:26","392998","2093853","Completed"
"CS1770388","20/04/2026 11:15:17","","14/05/2026 10:43:33","392683","1746283","Completed"
"CS1727407","02/02/2026 11:15:12","","12/03/2026 11:35:26","388321","1713121","Completed"
"CS1624079","28/07/2025 11:30:06","","19/08/2025 13:35:31","388124","1540124","Completed"
"CS1679676","30/10/2025 09:37:18","","15/12/2025 14:39:27","386150","1653350","Completed"
"CS1723060","24/01/2026 12:14:15","","25/02/2026 16:29:42","385602","992265","Completed"
"CS1784354","18/05/2026 13:21:45","","05/07/2026 14:09:27","385048","1585696","Completed"
"CS1741460","25/02/2026 10:36:25","","09/04/2026 09:16:45","383532","1421728","Completed"
"CS1696249","28/11/2025 12:27:46","","23/12/2025 11:03:31","381330","1649849","Completed"
"CS1743425","27/02/2026 16:42:40","","16/04/2026 04:05:27","381231","1648431","Completed"
"CS1619380","21/07/2025 11:49:54","","14/08/2025 10:48:45","380772","1475172","Completed"
"CS1780631","11/05/2026 13:03:02","","05/06/2026 11:03:06","377869","1788602","Completed"
"CS1694931","26/11/2025 13:44:40","","23/12/2025 11:21:28","377819","1112219","Completed"
"CS1694237","25/11/2025 14:30:01","","22/01/2026 12:27:26","375895","1470295","Completed"
"CS1786761","22/05/2026 10:17:38","","14/07/2026 14:03:46","373710","1412246","Completed"
"CS1779996","08/05/2026 14:05:10","","26/06/2026 16:17:28","370678","1669945","Completed"
"CS1737010","17/02/2026 10:38:52","","04/03/2026 13:52:07","370226","718275","Completed"
"CS1705213","16/12/2025 11:58:04","","19/01/2026 10:38:36","366483","2065683","Completed"
"CS1690268","18/11/2025 11:29:52","","18/12/2025 17:59:26","365408","1405744","Completed"
"CS1699375","04/12/2025 11:46:38","","20/01/2026 02:21:26","364648","1631848","Completed"
"CS1710175","30/12/2025 13:12:19","","21/01/2026 09:42:06","361788","1572394","Completed"
"CS1648368","11/09/2025 11:55:00","","26/09/2025 10:42:57","361712","707312","Completed"
"CS1789658","28/05/2026 15:09:03","","12/06/2026 10:34:52","358193","703793","Completed"
"CS1725154","28/01/2026 11:35:52","","18/03/2026 10:17:26","350626","1214626","Completed"
"CS1757803","25/03/2026 13:40:48","","14/04/2026 15:48:34","350596","1729396","Completed"
"CS1682426","04/11/2025 15:05:10","","10/02/2026 11:44:21","350210","1564224","Completed"
"CS1749394","11/03/2026 16:51:39","","01/04/2026 08:35:49","347808","1611408","Completed"
"CS1657284","26/09/2025 12:35:39","","23/10/2025 14:59:47","346715","1556315","Completed"
"CS1798533","16/06/2026 09:04:41","","27/07/2026 14:49:26","346493","1325693","Completed"
"CS1679344","29/10/2025 15:00:48","","28/11/2025 17:21:27","346289","1384357","Completed"
"CS1698284","02/12/2025 17:16:01","","15/01/2026 01:05:26","345600","1381689","Completed"
"CS1665927","08/10/2025 11:07:05","","19/11/2025 12:09:26","340616","1326949","Completed"
"CS1810659","08/07/2026 09:55:05","","28/07/2026 10:34:22","340167","642567","Completed"
"CS1807739","02/07/2026 10:34:07","18/07/2026 09:34:33","","339953","1378826","Paused"
"CS1755326","23/03/2026 10:54:58","","21/04/2026 17:39:27","338702","1316573","Completed"
"CS1756626","24/03/2026 09:27:03","","13/04/2026 16:24:33","337188","1265512","Completed"
"CS1687340","12/11/2025 13:40:08","","01/12/2025 10:59:29","335860","1372660","Completed"
"CS1690503","18/11/2025 14:25:20","","12/01/2026 12:39:26","335781","1775781","Completed"
"CS1720348","20/01/2026 11:00:53","","12/03/2026 16:07:27","331449","1311035","Completed"
"CS1800742","19/06/2026 10:07:48","13/07/2026 10:20:28","","327121","1482284","Paused"
"CS1694944","26/11/2025 13:51:05","","09/01/2026 00:05:26","326697","1308181","Completed"
"CS1794269","06/06/2026 21:45:20","","11/07/2026 16:17:27","324787","1457523","Completed"
"CS1711586","05/01/2026 10:16:13","","27/01/2026 10:33:55","324780","1303980","Completed"
"CS1633854","14/08/2025 15:36:26","","04/09/2025 11:49:04","323896","1303858","Completed"
"CS1630067","07/08/2025 15:30:02","","22/09/2025 11:59:48","322844","1304237","Completed"
"CS1652958","19/09/2025 10:49:34","","20/10/2025 12:11:26","321680","1473680","Completed"
"CS1739981","23/02/2026 10:51:12","","16/03/2026 10:40:19","320673","1297700","Completed"
"CS1697352","01/12/2025 15:50:13","","31/12/2025 08:09:27","316168","1349904","Completed"
"CS1789861","29/05/2026 08:56:41","","23/06/2026 10:32:29","314021","1248546","Completed"
"CS1674026","21/10/2025 11:28:56","","24/11/2025 13:53:29","312329","1299502","Completed"
"CS1698508","03/12/2025 09:58:31","","20/01/2026 12:41:26","311966","1492766","Completed"
"CS1623088","25/07/2025 09:33:50","","22/08/2025 16:09:28","311686","1233286","Completed"
"CS1759319","27/03/2026 14:19:20","","16/04/2026 09:35:16","311475","1632675","Completed"
"CS1613855","10/07/2025 15:05:12","","11/08/2025 16:24:01","310428","1289628","Completed"
"CS1689377","17/11/2025 10:48:53","","16/12/2025 13:21:27","309848","612248","Completed"
"CS1690790","19/11/2025 09:37:38","","07/01/2026 18:09:26","308956","1460956","Completed"
"CS1627591","04/08/2025 11:25:31","","16/09/2025 16:15:26","307425","1056225","Completed"
"CS1748622","10/03/2026 15:35:53","","17/03/2026 16:51:30","306937","609337","Completed"
"CS1806921","01/07/2026 09:58:59","25/07/2026 16:23:06","","304228","1247650","Paused"
"CS1653365","19/09/2025 16:56:34","","30/09/2025 12:52:53","303898","606298","Completed"
"CS1633649","14/08/2025 12:51:00","","01/09/2025 08:51:30","302940","1312245","Completed"
"CS1670038","14/10/2025 16:02:44","","04/11/2025 16:03:27","302329","604729","Completed"
"CS1672218","17/10/2025 12:21:58","","14/11/2025 16:37:29","301760","1226960","Completed"
"CS1779329","07/05/2026 14:33:06","","16/06/2026 12:15:08","300775","1366375","Completed"
"CS1727442","02/02/2026 11:38:05","25/02/2026 10:14:07","","300507","1228641","Paused"
"CS1704576","15/12/2025 12:45:15","","22/01/2026 19:13:26","300477","775677","Completed"
"CS1758691","26/03/2026 15:29:35","","13/04/2026 10:45:55","298347","1273947","Completed"
"CS1776445","01/05/2026 08:59:19","","12/06/2026 17:47:26","298265","1306306","Completed"
"CS1734173","12/02/2026 09:51:59","","12/03/2026 12:19:26","296785","1218385","Completed"
"CS1702622","10/12/2025 14:06:12","","07/01/2026 16:25:26","296241","1217841","Completed"
"CS1686836","12/11/2025 09:00:04","","11/12/2025 15:35:30","295820","1217420","Completed"
"CS1706064","17/12/2025 13:34:28","","05/01/2026 13:31:45","291196","1269124","Completed"
"CS1617989","17/07/2025 16:56:13","","18/08/2025 12:09:27","290744","1269944","Completed"
"CS1620148","22/07/2025 09:52:41","","13/08/2025 14:55:17","289308","1153308","Completed"
"CS1784714","19/05/2026 09:24:10","","02/06/2026 09:49:41","286550","1151587","Completed"
"CS1688301","13/11/2025 16:19:26","","24/11/2025 09:05:16","286123","588523","Completed"
"CS1688643","14/11/2025 10:28:14","","07/01/2026 12:49:26","283303","1550503","Completed"
"CS1688856","14/11/2025 13:03:27","","28/11/2025 11:55:16","283271","1204871","Completed"
"CS1675637","23/10/2025 11:10:00","","26/11/2025 09:19:43","281814","973014","Completed"
"CS1797911","15/06/2026 10:08:22","","11/07/2026 14:19:26","281729","1049591","Completed"
"CS1674442","21/10/2025 15:39:28","","11/11/2025 12:58:05","281707","497707","Completed"
"CS1747961","09/03/2026 16:55:06","","30/03/2026 14:56:20","274857","1196457","Completed"
"CS1733950","11/02/2026 16:00:11","","25/03/2026 01:55:26","270909","1134983","Completed"
"CS1656743","25/09/2025 16:00:54","","29/10/2025 19:17:26","270295","1134295","Completed"
"CS1762862","07/04/2026 10:11:25","","21/04/2026 16:04:22","270082","1139206","Completed"
"CS1764140","09/04/2026 09:16:30","","13/05/2026 10:32:43","268678","527878","Completed"
"CS1656114","25/09/2025 09:11:45","","11/11/2025 10:22:41","268184","903448","Completed"
"CS1622519","24/07/2025 12:09:26","","20/08/2025 14:37:27","267987","1131987","Completed"
"CS1701789","09/12/2025 14:58:27","","06/01/2026 09:19:26","267602","1189202","Completed"
"CS1627424","04/08/2025 09:45:54","","28/08/2025 13:16:16","266053","1130053","Completed"
"CS1795291","09/06/2026 11:16:44","","28/07/2026 02:11:26","263663","947980","Completed"
"CS1722790","23/01/2026 12:59:58","","27/03/2026 02:41:26","262571","1126571","Completed"
"CS1737614","18/02/2026 09:16:45","","09/03/2026 10:08:07","262528","1126528","Completed"
"CS1718374","15/01/2026 16:48:17","","02/02/2026 09:47:33","261886","1125886","Completed"
"CS1617707","17/07/2025 13:46:48","","28/08/2025 09:18:45","261846","953307","Completed"
"CS1699302","04/12/2025 11:01:15","","15/12/2025 09:35:08","261131","520331","Completed"
"CS1711078","02/01/2026 11:47:37","","15/01/2026 13:50:51","261001","1125001","Completed"
"CS1792030","02/06/2026 16:48:25","","08/06/2026 16:04:51","256149","515349","Completed"
"CS1644107","04/09/2025 09:45:35","","01/10/2025 12:13:26","256137","892383","Completed"
"CS1614301","11/07/2025 11:50:24","","05/08/2025 11:38:28","254063","1222740","Completed"
"CS1654220","22/09/2025 16:08:35","07/11/2025 11:05:28","","253409","1177583","Paused"
"CS1707946","22/12/2025 12:08:05","","21/01/2026 10:17:51","252517","1375717","Completed"
"CS1707957","22/12/2025 12:14:41","","21/01/2026 10:23:26","252441","1375641","Completed"
"CS1707950","22/12/2025 12:10:22","","21/01/2026 10:15:26","252194","1375394","Completed"
"CS1653591","22/09/2025 09:49:48","","16/10/2025 16:51:27","251911","885511","Completed"
"CS1749654","12/03/2026 10:46:23","","01/04/2026 10:09:15","250619","942154","Completed"
"CS1711490","05/01/2026 09:25:50","","06/02/2026 17:47:27","250336","551831","Completed"
"CS1620948","22/07/2025 16:47:03","","18/08/2025 13:09:26","246128","1110128","Completed"
"CS1738585","19/02/2026 12:05:33","","09/03/2026 15:06:38","245549","1051949","Completed"
"CS1695814","27/11/2025 15:58:26","","19/12/2025 12:05:39","245352","1109352","Completed"
"CS1676037","23/10/2025 15:02:17","","01/12/2025 11:29:26","244595","704060","Completed"
"CS1748946","11/03/2026 10:27:58","","01/04/2026 18:21:26","244362","633162","Completed"
"CS1732910","10/02/2026 13:31:01","","07/03/2026 12:45:27","242939","947660","Completed"
"CS1635071","18/08/2025 12:11:43","","02/09/2025 12:19:38","242915","876515","Completed"
"CS1706973","18/12/2025 15:15:47","","05/01/2026 11:06:29","241025","1537025","Completed"
"CS1726495","30/01/2026 10:12:43","","10/02/2026 12:32:05","240372","456372","Completed"
"CS1772144","22/04/2026 14:18:42","","29/05/2026 17:17:26","238307","1046232","Completed"
"CS1696495","28/11/2025 16:41:25","","18/12/2025 11:09:26","237628","496828","Completed"
"CS1654987","23/09/2025 14:38:57","","22/10/2025 17:59:27","236962","645877","Completed"
"CS1688027","13/11/2025 12:24:00","","25/11/2025 14:17:30","236747","1043147","Completed"
"CS1612074","08/07/2025 11:37:44","","08/08/2025 13:49:27","236423","1099359","Completed"
"CS1740746","24/02/2026 10:57:22","","02/03/2026 10:03:47","236047","452047","Completed"
"CS1718262","15/01/2026 15:16:27","","28/01/2026 17:45:33","235834","1042234","Completed"
"CS1726032","29/01/2026 12:59:08","","15/03/2026 16:37:26","233418","879378","Completed"
"CS1706233","17/12/2025 15:50:38","","14/01/2026 18:05:26","232611","1214608","Completed"
"CS1730416","05/02/2026 17:23:05","","13/02/2026 10:16:15","230666","446666","Completed"
"CS1780349","11/05/2026 09:47:02","","02/06/2026 08:48:45","230641","464791","Completed"
"CS1657741","29/09/2025 08:39:43","","05/11/2025 04:51:26","230400","810499","Completed"
"CS1631145","11/08/2025 10:56:47","","15/09/2025 15:47:26","230373","862604","Completed"
"CS1784649","19/05/2026 08:34:28","","01/06/2026 14:58:25","229574","896270","Completed"
"CS1629990","07/08/2025 14:30:54","","27/08/2025 09:58:37","228312","1064299","Completed"
"CS1773397","24/04/2026 14:21:53","","21/05/2026 13:51:26","228222","1121022","Completed"
"CS1725402","28/01/2026 14:28:54","","09/02/2026 15:34:45","224921","1031321","Completed"
"CS1612090","08/07/2025 11:48:00","","04/08/2025 13:25:26","222033","1028433","Completed"
"CS1758880","27/03/2026 08:47:43","","10/04/2026 10:34:11","221700","967637","Completed"
"CS1676751","24/10/2025 15:08:17","","19/11/2025 12:41:27","221587","1031587","Completed"
"CS1635252","18/08/2025 14:18:23","","28/08/2025 15:37:23","221348","854948","Completed"
"CS1699377","04/12/2025 11:47:21","","16/12/2025 10:03:08","220359","969212","Completed"
"CS1748913","11/03/2026 10:06:21","","19/03/2026 11:01:53","219751","435751","Completed"
"CS1669530","14/10/2025 10:22:04","","06/11/2025 15:25:26","219709","795709","Completed"
"CS1680648","31/10/2025 13:23:02","","26/11/2025 14:08:39","219108","507263","Completed"
"CS1640845","29/08/2025 11:12:14","","18/09/2025 12:00:50","218949","967749","Completed"
"CS1707881","22/12/2025 11:26:15","","14/01/2026 18:09:29","218646","1226646","Completed"
"CS1641646","01/09/2025 10:36:56","","26/09/2025 13:25:26","217796","793796","Completed"
"CS1665067","07/10/2025 12:24:48","","22/10/2025 10:59:32","217433","793433","Completed"
"CS1678986","29/10/2025 11:24:59","","05/12/2025 13:31:05","215986","1079148","Completed"
"CS1654577","23/09/2025 10:28:35","","02/10/2025 14:22:54","215659","791659","Completed"
"CS1683413","05/11/2025 18:27:54","","02/12/2025 09:52:54","215616","843942","Completed"
"CS1792559","03/06/2026 13:07:53","","26/06/2026 18:11:26","215527","795753","Completed"
"CS1788919","28/05/2026 09:45:01","","29/06/2026 09:24:27","215333","951285","Completed"
"CS1733111","10/02/2026 16:20:12","","26/02/2026 10:36:39","214313","847913","Completed"
"CS1662229","02/10/2025 15:09:09","","07/11/2025 07:52:45","212717","790447","Completed"
"CS1649306","12/09/2025 14:00:18","","07/10/2025 17:09:28","212382","961642","Completed"
"CS1691633","20/11/2025 10:37:18","","30/12/2025 16:41:27","211573","674966","Completed"
"CS1744401","03/03/2026 09:18:16","","02/04/2026 12:43:27","211419","787419","Completed"
"CS1654664","23/09/2025 11:19:25","","30/10/2025 03:25:26","211083","784456","Completed"
"CS1679806","30/10/2025 11:00:18","","25/11/2025 12:40:29","211074","959874","Completed"
"CS1624805","29/07/2025 11:32:15","","03/09/2025 17:19:26","209856","558622","Completed"
"CS1629341","06/08/2025 15:07:13","","12/08/2025 10:09:42","209295","425295","Completed"
"CS1615371","15/07/2025 08:46:21","","05/08/2025 12:09:13","209265","786084","Completed"
"CS1762412","02/04/2026 15:02:53","","14/05/2026 11:27:10","209134","734510","Completed"
"CS1627383","04/08/2025 09:25:13","","18/08/2025 12:14:32","209024","785024","Completed"
"CS1679435","29/10/2025 16:15:33","","13/11/2025 10:59:40","208708","1015108","Completed"
"CS1771767","22/04/2026 09:30:53","","04/06/2026 10:41:27","208314","784314","Completed"
"CS1758729","26/03/2026 15:57:39","","31/03/2026 12:44:21","204197","416597","Completed"
"CS1702327","10/12/2025 11:52:48","","23/12/2025 10:44:12","203791","825184","Completed"
"CS1706877","18/12/2025 13:49:31","","30/12/2025 13:15:06","203783","952583","Completed"
"CS1808987","03/07/2026 17:20:59","","27/07/2026 11:16:18","203661","434520","Completed"
"CS1769268","16/04/2026 16:24:11","","28/04/2026 12:44:57","201787","950587","Completed"
"CS1690001","18/11/2025 09:19:11","","10/12/2025 17:35:28","200449","720938","Completed"
"CS1645230","05/09/2025 13:38:47","","30/09/2025 13:15:26","200153","948953","Completed"
"CS1614336","11/07/2025 12:19:57","","05/08/2025 11:49:29","199666","948466","Completed"
"CS1676718","24/10/2025 14:34:07","","07/11/2025 10:49:01","199220","951620","Completed"
"CS1797966","15/06/2026 10:52:44","","20/07/2026 09:55:37","198937","774937","Completed"
"CS1702809","10/12/2025 16:41:02","","02/01/2026 17:07:27","198556","774556","Completed"
"CS1699258","04/12/2025 10:26:11","","17/12/2025 09:19:54","197875","716275","Completed"
"CS1652395","18/09/2025 13:03:10","","06/10/2025 13:54:21","197179","663221","Completed"
"CS1714184","08/01/2026 13:40:08","","04/03/2026 09:26:42","196936","600136","Completed"
"CS1633859","14/08/2025 15:40:40","","26/08/2025 13:59:58","194894","1030094","Completed"
"CS1725412","28/01/2026 14:41:07","","09/02/2026 13:23:35","192976","408976","Completed"
"CS1622572","24/07/2025 12:54:55","","07/08/2025 10:36:47","191230","940030","Completed"
"CS1656661","25/09/2025 14:55:46","","16/10/2025 10:52:07","190818","884523","Completed"
"CS1693331","24/11/2025 12:48:10","","29/12/2025 11:13:26","189563","763160","Completed"
"CS1760642","31/03/2026 12:29:35","","13/04/2026 07:29:38","189025","952397","Completed"
"CS1806098","30/06/2026 10:02:05","","22/07/2026 16:05:26","188702","707102","Completed"
"CS1757185","24/03/2026 15:34:34","","08/04/2026 08:37:40","188272","580672","Completed"
"CS1760655","31/03/2026 12:43:47","","20/04/2026 14:15:01","188173","946987","Completed"
"CS1759255","27/03/2026 12:52:36","","01/04/2026 16:45:27","187517","356717","Completed"
"CS1615874","15/07/2025 14:59:33","","08/08/2025 11:42:18","187282","648197","Completed"
"CS1780736","11/05/2026 14:30:05","","02/06/2026 09:32:52","187133","879046","Completed"
"CS1718916","16/01/2026 13:38:50","","30/01/2026 11:57:12","187129","878329","Completed"
"CS1732740","10/02/2026 11:46:15","","05/03/2026 10:15:26","186501","704901","Completed"
"CS1667099","09/10/2025 12:18:52","","31/10/2025 16:47:26","186299","704699","Completed"
"CS1774546","28/04/2026 11:00:54","","14/05/2026 10:55:05","185425","703825","Completed"
"CS1676670","24/10/2025 13:49:35","","10/11/2025 12:00:22","185264","935262","Completed"
"CS1657373","26/09/2025 13:58:50","","03/12/2025 02:25:26","184559","706728","Completed"
"CS1639496","27/08/2025 15:04:48","","19/09/2025 09:39:27","182038","758038","Completed"
"CS1726389","30/01/2026 08:59:00","","23/02/2026 15:15:26","182009","873269","Completed"
"CS1745003","03/03/2026 15:50:37","","01/04/2026 18:31:26","181436","705302","Completed"
"CS1815399","16/07/2026 15:09:00","25/07/2026 18:02:43","","179460","788023","Paused"
"CS1714165","08/01/2026 13:24:14","","16/01/2026 16:03:43","179298","697698","Completed"
"CS1620247","22/07/2025 10:29:58","","30/07/2025 13:15:25","179061","642843","Completed"
"CS1715716","12/01/2026 13:07:09","","23/01/2026 12:27:17","178168","696568","Completed"
"CS1624279","28/07/2025 14:07:59","","05/08/2025 15:12:23","176432","694832","Completed"
"CS1615011","14/07/2025 12:42:43","","01/08/2025 13:41:26","176251","349051","Completed"
"CS1615307","14/07/2025 17:03:11","","06/08/2025 09:57:33","176201","752010","Completed"
"CS1666862","09/10/2025 10:17:26","","14/10/2025 15:32:00","175434","348234","Completed"
"CS1771120","21/04/2026 10:13:22","","29/04/2026 12:50:59","175186","583081","Completed"
"CS1626547","31/07/2025 15:30:00","","22/08/2025 15:59:28","174507","692907","Completed"
"CS1672611","17/10/2025 15:53:34","","31/10/2025 08:45:38","173168","925568","Completed"
"CS1695067","26/11/2025 15:38:44","","18/12/2025 11:50:15","172076","690476","Completed"
"CS1663401","06/10/2025 08:19:52","","06/11/2025 08:56:25","171536","465573","Completed"
"CS1737906","18/02/2026 12:13:20","","05/03/2026 10:44:01","171378","689778","Completed"
"CS1693913","25/11/2025 10:46:05","","17/12/2025 10:41:26","171235","689635","Completed"
"CS1672358","17/10/2025 14:29:43","","06/11/2025 10:58:39","169775","864575","Completed"
"CS1702225","10/12/2025 10:47:51","","16/12/2025 10:04:50","168354","168354","Completed"
"CS1633220","13/08/2025 17:06:42","","01/09/2025 10:34:42","167682","685680","Completed"
"CS1614036","11/07/2025 08:35:31","","14/08/2025 15:57:27","166272","861658","Completed"
"CS1665892","08/10/2025 10:53:37","","22/10/2025 16:38:47","165983","631430","Completed"
"CS1657888","29/09/2025 09:49:21","","02/02/2026 09:49:54","165772","804519","Completed"
"CS1796956","11/06/2026 15:36:38","","11/07/2026 15:25:26","165712","865545","Completed"
"CS1770489","20/04/2026 12:09:31","","12/05/2026 10:09:26","165573","683973","Completed"
"CS1730903","06/02/2026 13:16:01","","16/03/2026 00:41:26","165243","856443","Completed"
"CS1669408","14/10/2025 09:21:02","","04/11/2025 15:13:29","165113","625913","Completed"
"CS1666681","09/10/2025 09:22:44","","21/10/2025 09:33:13","164759","625559","Completed"
"CS1797671","12/06/2026 17:04:53","","25/07/2026 14:29:26","164754","688248","Completed"
"CS1787116","22/05/2026 16:31:18","","30/06/2026 02:11:26","164191","941791","Completed"
"CS1809577","06/07/2026 14:38:26","","17/07/2026 11:52:17","163250","681650","Completed"
"CS1752900","18/03/2026 14:04:26","","14/04/2026 09:51:26","163237","505237","Completed"
"CS1624287","28/07/2025 14:16:54","","15/09/2025 09:53:26","162843","741301","Completed"
"CS1629893","07/08/2025 13:02:50","","12/08/2025 10:12:33","162627","335427","Completed"
"CS1763959","08/04/2026 15:38:09","","30/04/2026 12:19:15","161990","349363","Completed"
"CS1683019","05/11/2025 11:58:30","","19/11/2025 10:02:55","161288","622088","Completed"
"CS1746456","05/03/2026 14:42:09","","16/03/2026 11:24:48","161203","679603","Completed"
"CS1747298","09/03/2026 08:21:59","","30/03/2026 13:35:27","160437","623518","Completed"
"CS1618842","18/07/2025 16:49:35","","05/08/2025 10:35:54","160304","505904","Completed"
"CS1720968","21/01/2026 09:45:51","","09/02/2026 14:27:10","159755","673479","Completed"
"CS1730289","05/02/2026 15:20:55","","13/02/2026 12:34:53","159386","637090","Completed"
"CS1678139","28/10/2025 10:30:46","","06/11/2025 12:23:22","157684","618484","Completed"
"CS1737744","18/02/2026 10:34:40","","11/03/2026 14:17:26","157330","618130","Completed"
"CS1641475","01/09/2025 09:39:05","","15/09/2025 12:07:18","156721","559921","Completed"
"CS1679925","30/10/2025 12:42:43","","20/11/2025 16:31:27","156462","617262","Completed"
"CS1636791","20/08/2025 15:22:34","","10/09/2025 15:02:31","156416","761216","Completed"
"CS1641000","29/08/2025 13:37:30","","19/09/2025 17:23:26","156150","618311","Completed"
"CS1679011","29/10/2025 11:36:04","","06/11/2025 15:55:50","155836","616680","Completed"
"CS1772074","22/04/2026 12:59:09","","29/04/2026 16:19:04","155681","616481","Completed"
"CS1653856","22/09/2025 12:02:09","","15/10/2025 11:03:26","155547","443547","Completed"
"CS1702038","10/12/2025 09:08:21","","01/01/2026 11:45:27","154438","617081","Completed"
"CS1770573","20/04/2026 12:54:07","","29/04/2026 12:12:12","153807","614726","Completed"
"CS1715010","09/01/2026 14:29:22","","27/01/2026 14:57:30","153038","616199","Completed"
"CS1716470","13/01/2026 13:07:40","","30/01/2026 10:38:18","152242","386166","Completed"
"CS1711265","02/01/2026 14:57:04","","23/01/2026 17:33:28","151376","614081","Completed"
"CS1706025","17/12/2025 13:06:13","","28/01/2026 12:53:28","150516","784116","Completed"
"CS1773509","24/04/2026 16:33:18","","28/05/2026 11:08:08","149613","979944","Completed"
"CS1729782","05/02/2026 09:45:55","","26/02/2026 11:17:27","149484","610284","Completed"
"CS1705961","17/12/2025 12:19:50","","21/01/2026 01:55:26","148687","609487","Completed"
"CS1776869","01/05/2026 13:26:00","","09/06/2026 02:25:26","148652","616772","Completed"
"CS1692701","21/11/2025 14:55:53","","12/12/2025 16:01:26","147943","277543","Completed"
"CS1741277","25/02/2026 08:46:52","","18/03/2026 09:41:26","146466","608054","Completed"
"CS1711072","02/01/2026 11:43:39","","16/01/2026 10:44:17","146242","607042","Completed"
"CS1651283","17/09/2025 09:09:30","","24/09/2025 10:00:06","145923","606723","Completed"
"CS1641459","01/09/2025 09:34:37","15/09/2025 12:45:55","","145843","275443","Paused"
"CS1626009","31/07/2025 09:12:41","","29/08/2025 17:27:26","145364","550135","Completed"
"CS1672732","17/10/2025 17:47:39","","04/11/2025 10:09:27","145299","318099","Completed"
"CS1673829","21/10/2025 09:39:20","","26/11/2025 16:51:48","145073","838068","Completed"
"CS1757029","24/03/2026 13:27:53","","30/03/2026 09:21:13","144966","274566","Completed"
"CS1716051","13/01/2026 08:53:09","","10/02/2026 12:15:59","144071","496871","Completed"
"CS1621821","23/07/2025 14:58:13","","01/09/2025 13:46:56","143000","776600","Completed"
"CS1712017","05/01/2026 15:32:53","","26/01/2026 15:13:26","142813","603613","Completed"
"CS1761836","01/04/2026 17:07:20","","22/04/2026 14:35:41","142598","604506","Completed"
"CS1786403","21/05/2026 13:46:34","","29/05/2026 15:55:48","142459","603259","Completed"
"CS1762811","07/04/2026 09:40:13","","08/05/2026 16:37:27","141507","437965","Completed"
"CS1781398","12/05/2026 12:30:38","","29/05/2026 07:52:26","141475","375817","Completed"
"CS1750230","13/03/2026 09:21:03","","17/03/2026 14:32:21","141104","270704","Completed"
"CS1619635","21/07/2025 14:04:05","","08/08/2025 14:41:26","139873","374988","Completed"
"CS1800363","18/06/2026 13:43:26","","25/06/2026 12:33:46","139820","600620","Completed"
"CS1786776","22/05/2026 10:24:27","","05/06/2026 11:37:15","138933","856311","Completed"
"CS1659939","01/10/2025 08:20:22","","22/10/2025 17:19:26","138509","544087","Completed"
"CS1701441","09/12/2025 10:34:37","","29/12/2025 13:36:34","137715","540915","Completed"
"CS1686482","11/11/2025 13:39:37","","04/12/2025 15:42:33","137390","541725","Completed"
"CS1669108","13/10/2025 14:34:22","","21/10/2025 11:16:51","137044","597844","Completed"
"CS1731611","09/02/2026 11:00:11","","20/02/2026 09:40:40","136789","369422","Completed"
"CS1621315","23/07/2025 10:43:37","","12/08/2025 16:41:27","136628","539828","Completed"
"CS1714336","08/01/2026 15:45:01","","19/01/2026 13:18:54","136619","539819","Completed"
"CS1781268","12/05/2026 11:05:59","","01/06/2026 17:49:27","136441","542583","Completed"
"CS1716910","14/01/2026 09:36:14","","21/01/2026 09:49:42","136251","539451","Completed"
"CS1680007","30/10/2025 14:09:59","","23/11/2025 16:01:26","135933","539133","Completed"
"CS1816414","20/07/2026 11:15:40","","27/07/2026 16:01:42","135860","451940","Completed"
"CS1732730","10/02/2026 11:40:15","","03/03/2026 09:23:27","135731","596531","Completed"
"CS1629850","07/08/2025 12:31:14","","09/09/2025 15:25:54","134542","825742","Completed"
"CS1654707","23/09/2025 11:40:03","","30/09/2025 14:57:18","134397","541172","Completed"
"CS1642911","02/09/2025 13:13:36","","10/09/2025 09:47:10","133672","594413","Completed"
"CS1676558","24/10/2025 12:00:47","","13/11/2025 18:31:26","133153","545404","Completed"
"CS1730676","06/02/2026 10:47:33","","11/02/2026 18:43:06","132577","434977","Completed"
"CS1655589","24/09/2025 12:00:15","","15/10/2025 10:03:27","132284","535484","Completed"
"CS1669811","14/10/2025 13:23:39","","17/10/2025 15:13:32","132230","261830","Completed"
"CS1709217","28/12/2025 15:14:19","","16/01/2026 18:18:08","132051","659442","Completed"
"CS1625014","29/07/2025 14:04:35","","05/08/2025 10:55:18","132008","592808","Completed"
"CS1707076","18/12/2025 17:14:40","","13/01/2026 08:09:26","131618","991607","Completed"
"CS1747295","09/03/2026 08:10:40","","16/03/2026 13:07:49","130833","536993","Completed"
"CS1677031","24/10/2025 17:29:08","","11/11/2025 11:21:34","129930","535596","Completed"
"CS1725366","28/01/2026 14:03:35","","04/02/2026 13:49:14","129150","589950","Completed"
"CS1690803","19/11/2025 09:45:57","","25/12/2025 10:07:26","128293","589093","Completed"
"CS1807016","01/07/2026 10:51:23","","18/07/2026 10:29:26","128179","257779","Completed"
"CS1745603","04/03/2026 14:00:27","","11/03/2026 09:40:38","127911","588711","Completed"
"CS1771774","22/04/2026 09:39:35","","05/05/2026 09:22:38","127792","530992","Completed"
"CS1797394","12/06/2026 12:16:04","","22/06/2026 15:28:18","127372","373370","Completed"
"CS1797425","12/06/2026 12:40:57","","27/07/2026 12:23:36","126869","301855","Completed"
"CS1763780","08/04/2026 12:54:48","","15/04/2026 12:22:53","126857","587657","Completed"
"CS1720228","20/01/2026 10:01:50","","22/02/2026 16:47:26","126606","529806","Completed"
"CS1767493","14/04/2026 14:33:40","","23/04/2026 10:02:54","126444","414444","Completed"
"CS1732465","10/02/2026 09:23:48","","17/02/2026 08:56:14","126222","529422","Completed"
"CS1767405","14/04/2026 13:29:48","","27/05/2026 00:55:26","125880","474347","Completed"
"CS1669587","14/10/2025 10:59:01","","29/10/2025 10:27:16","125640","360019","Completed"
"CS1774571","28/04/2026 11:18:46","","22/05/2026 09:52:51","124924","355324","Completed"
"CS1763986","08/04/2026 16:04:44","","15/04/2026 08:13:55","124569","419769","Completed"
"CS1733947","11/02/2026 15:56:26","","24/02/2026 09:46:07","124475","585275","Completed"
"CS1810278","07/07/2026 14:06:36","","28/07/2026 09:24:56","124072","469672","Completed"
"CS1618520","18/07/2025 12:46:54","","01/08/2025 10:52:57","123748","356891","Completed"
"CS1750588","13/03/2026 14:37:00","","17/03/2026 16:51:05","123702","210102","Completed"
"CS1621121","23/07/2025 09:26:16","","14/08/2025 14:42:34","123004","525794","Completed"
"CS1753441","19/03/2026 11:33:29","","25/03/2026 16:19:29","122782","525982","Completed"
"CS1682383","04/11/2025 14:41:59","","02/12/2025 09:17:15","122404","525604","Completed"
"CS1667303","09/10/2025 14:43:20","","16/10/2025 07:07:11","122179","477384","Completed"
"CS1816445","20/07/2026 11:39:32","","27/07/2026 11:45:36","121581","372897","Completed"
"CS1709712","29/12/2025 15:49:45","","23/01/2026 17:19:27","121367","356291","Completed"
"CS1758424","26/03/2026 11:57:43","","02/04/2026 13:59:33","121117","520717","Completed"
"CS1805737","29/06/2026 15:25:03","","18/07/2026 12:11:26","120897","420305","Completed"
"CS1801749","22/06/2026 15:26:07","","08/07/2026 09:54:56","120833","434319","Completed"
"CS1736071","16/02/2026 09:37:37","","20/03/2026 12:07:53","120808","295284","Completed"
"CS1671098","16/10/2025 09:38:38","","22/10/2025 11:42:52","119613","364413","Completed"
"CS1745041","03/03/2026 16:28:22","","24/03/2026 14:12:17","119432","428670","Completed"
"CS1679723","30/10/2025 10:09:58","","18/11/2025 10:26:03","119363","466049","Completed"
"CS1671633","16/10/2025 15:02:23","","05/11/2025 15:47:27","117795","520995","Completed"
"CS1675812","23/10/2025 12:40:21","","28/10/2025 10:50:32","117393","423393","Completed"
"CS1752153","17/03/2026 14:18:49","","26/03/2026 11:20:43","116265","519465","Completed"
"CS1809839","07/07/2026 09:20:42","","16/07/2026 10:36:30","115239","360256","Completed"
"CS1805874","29/06/2026 17:16:40","","07/07/2026 10:42:11","115200","411805","Completed"
"CS1809778","07/07/2026 08:24:04","","13/07/2026 13:41:18","115200","356721","Completed"
"CS1654232","22/09/2025 16:14:39","","10/10/2025 16:15:26","115199","345599","Completed"
"CS1691038","19/11/2025 12:09:13","","27/11/2025 17:03:11","115098","518298","Completed"
"CS1685992","11/11/2025 09:08:27","","28/11/2025 18:23:26","114693","292440","Completed"
"CS1664100","06/10/2025 13:43:31","","28/10/2025 13:25:26","114533","517733","Completed"
"CS1647477","10/09/2025 10:50:20","","15/10/2025 04:21:26","114140","243740","Completed"
"CS1632301","12/08/2025 15:51:55","","05/09/2025 08:07:26","113697","516897","Completed"
"CS1801949","23/06/2026 09:30:23","","11/07/2026 11:59:26","113377","354530","Completed"
"CS1680699","31/10/2025 14:21:01","","07/11/2025 11:34:45","113152","459824","Completed"
"CS1686789","12/11/2025 07:54:03","","15/12/2025 15:07:26","112711","462268","Completed"
"CS1704709","15/12/2025 14:46:17","","30/12/2025 09:11:06","112642","570930","Completed"
"CS1806059","30/06/2026 09:45:38","","06/07/2026 09:53:20","112462","443750","Completed"
"CS1654421","23/09/2025 09:04:00","","15/10/2025 11:09:28","112217","515417","Completed"
"CS1766440","13/04/2026 13:38:29","","13/05/2026 09:25:28","112131","400131","Completed"
"CS1638373","26/08/2025 09:51:19","","02/09/2025 13:01:48","112121","288162","Completed"
"CS1802306","23/06/2026 13:23:43","","30/06/2026 14:59:49","112084","357137","Completed"
"CS1730130","05/02/2026 13:21:31","","19/02/2026 10:30:36","111950","241687","Completed"
"CS1778083","06/05/2026 10:03:00","","14/05/2026 11:42:09","111420","459228","Completed"
"CS1818027","22/07/2026 15:06:03","25/07/2026 18:54:36","","111237","272913","Paused"
"CS1730380","05/02/2026 16:38:13","","16/02/2026 14:57:02","111180","514380","Completed"
"CS1687347","12/11/2025 13:48:54","","18/12/2025 16:35:26","110538","515438","Completed"
"CS1678320","28/10/2025 12:24:17","","11/12/2025 14:11:26","110526","340911","Completed"
"CS1794396","08/06/2026 09:44:32","","15/06/2026 09:03:47","110501","283301","Completed"
"CS1683899","06/11/2025 13:05:16","","19/11/2025 15:01:29","110176","513376","Completed"
"CS1779578","07/05/2026 17:44:48","","26/05/2026 12:15:26","109726","412126","Completed"
"CS1739248","20/02/2026 10:38:59","","04/03/2026 09:06:46","109486","455347","Completed"
"CS1749842","12/03/2026 12:42:27","","18/03/2026 11:02:29","109202","512402","Completed"
"CS1647504","10/09/2025 11:02:23","","06/10/2025 12:11:26","108811","195211","Completed"
"CS1724178","27/01/2026 10:31:58","","02/02/2026 17:20:09","108732","281532","Completed"
"CS1678407","28/10/2025 13:34:33","","13/11/2025 17:37:26","108147","187347","Completed"
"CS1767361","14/04/2026 12:53:33","","22/04/2026 12:51:04","107799","288201","Completed"
"CS1681617","03/11/2025 15:40:48","","27/11/2025 17:15:26","107223","224838","Completed"
"CS1754233","20/03/2026 13:38:32","","01/04/2026 12:13:26","106921","510121","Completed"
"CS1659535","30/09/2025 14:23:46","","10/10/2025 09:01:51","106833","510033","Completed"
"CS1806245","30/06/2026 11:19:38","","18/07/2026 12:45:26","106822","350644","Completed"
"CS1732503","10/02/2026 09:38:56","","13/02/2026 15:14:55","106559","279359","Completed"
"CS1634363","15/08/2025 12:29:10","","18/08/2025 11:43:39","106149","192549","Completed"
"CS1682980","05/11/2025 11:37:50","","16/11/2025 21:09:10","106014","349614","Completed"
"CS1701539","09/12/2025 11:34:17","","26/12/2025 18:09:26","105943","282828","Completed"
"CS1693945","25/11/2025 11:03:49","","12/12/2025 17:15:26","105942","192342","Completed"
"CS1796746","11/06/2026 12:28:46","","01/07/2026 09:51:27","105715","508915","Completed"
"CS1813571","14/07/2026 11:40:52","","28/07/2026 09:26:10","105548","342888","Completed"
"CS1711555","05/01/2026 10:05:21","","15/01/2026 10:41:55","105458","278258","Completed"
"CS1721248","21/01/2026 12:18:13","","28/01/2026 14:26:58","104901","191301","Completed"
"CS1813158","13/07/2026 15:34:02","","20/07/2026 13:42:13","104879","287941","Completed"
"CS1786173","21/05/2026 10:23:27","","02/06/2026 13:53:12","104795","226552","Completed"
"CS1665398","07/10/2025 15:26:14","","27/10/2025 12:41:30","104584","507784","Completed"
"CS1679992","30/10/2025 13:50:15","","06/11/2025 08:35:57","104448","507648","Completed"
"CS1817178","21/07/2026 12:06:47","25/07/2026 13:44:13","","103993","351446","Paused"
"CS1728415","03/02/2026 12:12:38","","20/02/2026 17:55:27","103642","279736","Completed"
"CS1745599","04/03/2026 13:57:31","","11/03/2026 12:41:19","103509","277263","Completed"
"CS1713193","07/01/2026 11:03:41","","12/01/2026 10:58:12","102882","102882","Completed"
"CS1738244","19/02/2026 08:11:31","","03/03/2026 07:59:21","102875","451384","Completed"
"CS1723788","26/01/2026 16:05:05","","19/02/2026 17:26:16","102527","289653","Completed"
"CS1755427","23/03/2026 10:58:05","","26/03/2026 15:57:12","102418","275218","Completed"
"CS1624875","29/07/2025 12:13:11","","01/08/2025 16:35:56","102165","274965","Completed"
"CS1728458","03/02/2026 12:41:18","","11/02/2026 10:58:24","101922","447744","Completed"
"CS1756138","23/03/2026 12:46:38","","30/03/2026 09:19:40","101602","274843","Completed"
"CS1767370","14/04/2026 13:00:31","","20/04/2026 10:21:03","100769","275673","Completed"
"CS1748481","10/03/2026 13:27:06","","16/03/2026 16:53:41","99174","342666","Completed"
"CS1800786","19/06/2026 10:39:39","","24/06/2026 16:24:23","98724","444324","Completed"
"CS1725013","28/01/2026 10:18:57","","17/02/2026 10:36:41","98561","141761","Completed"
"CS1678407","28/10/2025 13:34:33","","13/11/2025 17:37:26","97347","187347","Completed"
"CS1799436","17/06/2026 10:30:58","","06/07/2026 17:33:26","97226","367966","Completed"
"CS1633823","14/08/2025 15:10:46","","03/09/2025 10:07:26","96999","500199","Completed"
"CS1733076","10/02/2026 15:57:41","","13/02/2026 10:21:19","96953","183353","Completed"
"CS1689312","17/11/2025 10:21:04","","18/11/2025 14:09:20","96629","96629","Completed"
"CS1711558","05/01/2026 10:05:50","","15/01/2026 10:43:01","96332","269132","Completed"
"CS1633382","14/08/2025 09:52:34","","17/09/2025 02:51:26","96321","270386","Completed"
"CS1742926","27/02/2026 09:42:14","","12/03/2026 10:38:02","96257","499457","Completed"
"CS1683165","05/11/2025 13:55:56","","19/11/2025 10:51:37","95824","441424","Completed"
"CS1759322","27/03/2026 14:23:11","","02/04/2026 09:11:03","95809","440842","Completed"
"CS1740191","23/02/2026 13:13:18","","06/03/2026 11:33:34","95728","268528","Completed"
"CS1762274","02/04/2026 13:09:03","","14/04/2026 09:51:13","95327","440927","Completed"
"CS1662140","02/10/2025 14:22:00","","27/10/2025 17:11:26","94886","383472","Completed"
"CS1642009","01/09/2025 12:55:35","","18/09/2025 16:03:27","94594","267394","Completed"
"CS1700638","08/12/2025 10:05:08","","24/12/2025 09:22:04","94586","267386","Completed"
"CS1712436","06/01/2026 11:19:10","","09/01/2026 15:21:45","94359","267159","Completed"
"CS1818008","22/07/2026 14:52:12","28/07/2026 18:50:05","","94216","358873","Paused"
"CS1672963","20/10/2025 09:17:39","","17/12/2025 04:11:27","94170","173370","Completed"
"CS1679871","30/10/2025 11:49:52","","07/11/2025 09:06:57","94040","269391","Completed"
"CS1705441","16/12/2025 15:12:24","","12/01/2026 12:57:27","93762","154480","Completed"
"CS1734879","13/02/2026 09:45:31","","18/02/2026 12:02:32","93756","439356","Completed"
"CS1711971","05/01/2026 14:59:30","","22/01/2026 18:37:27","93630","272235","Completed"
"CS1738423","19/02/2026 10:33:46","","21/02/2026 14:24:41","92916","179316","Completed"
"CS1703526","11/12/2025 17:56:04","","29/12/2025 11:22:22","91559","491395","Completed"
"CS1694825","26/11/2025 12:02:44","","09/12/2025 11:56:22","91492","437092","Completed"
"CS1768423","15/04/2026 15:28:33","","21/04/2026 11:23:48","91440","437040","Completed"
"CS1753462","19/03/2026 11:48:38","","07/04/2026 14:41:26","91325","436925","Completed"
"CS1761841","01/04/2026 17:25:35","","15/04/2026 14:44:38","90933","665398","Completed"
"CS1681366","03/11/2025 12:49:05","","11/11/2025 17:51:05","89970","262770","Completed"
"CS1699159","04/12/2025 09:24:14","","01/01/2026 09:01:26","89610","266766","Completed"
"CS1671863","17/10/2025 08:37:03","22/10/2025 09:46:42","","89202","436179","Paused"
"CS1734958","13/02/2026 10:29:45","","17/02/2026 08:51:30","88999","175399","Completed"
"CS1662843","03/10/2025 12:11:46","","08/10/2025 13:18:22","88747","434347","Completed"
"CS1696855","01/12/2025 10:38:23","","05/12/2025 10:29:02","88454","261254","Completed"
"CS1732525","10/02/2026 09:51:51","","27/02/2026 18:01:26","87859","206712","Completed"
"CS1613436","10/07/2025 10:00:43","","07/08/2025 13:37:52","87758","433358","Completed"
"CS1751753","17/03/2026 09:21:53","","31/03/2026 17:28:23","87621","130821","Completed"
"CS1773564","25/04/2026 09:19:48","","28/04/2026 14:17:32","87536","173936","Completed"
"CS1813910","14/07/2026 16:38:30","17/07/2026 17:09:41","","87524","260905","Paused"
"CS1757907","25/03/2026 15:04:59","","13/04/2026 09:35:04","87511","318126","Completed"
"CS1631752","12/08/2025 09:34:56","","19/08/2025 13:34:46","87324","204995","Completed"
"CS1729264","04/02/2026 12:04:44","","06/02/2026 12:28:46","87067","173467","Completed"
"CS1792690","03/06/2026 14:57:18","","09/06/2026 12:22:58","86912","259712","Completed"
"CS1691403","19/11/2025 17:23:53","","09/12/2025 08:29:26","86400","486266","Completed"
"CS1748727","10/03/2026 18:32:16","","28/03/2026 13:53:26","86400","328777","Completed"
"CS1633094","13/08/2025 15:16:14","","26/08/2025 07:15:52","86336","431936","Completed"
"CS1802608","24/06/2026 08:25:48","","11/07/2026 10:45:26","86316","267432","Completed"
"CS1720041","20/01/2026 08:09:14","","18/02/2026 18:33:26","85895","204141","Completed"
"CS1674621","22/10/2025 09:12:05","","07/11/2025 08:14:55","85675","206629","Completed"
"CS1695870","27/11/2025 16:36:24","","16/12/2025 09:55:49","84554","430154","Completed"
"CS1735006","13/02/2026 11:02:51","","12/03/2026 09:39:31","84551","372551","Completed"
"CS1795707","09/06/2026 17:11:00","","22/06/2026 09:15:19","84421","271699","Completed"
"CS1784821","19/05/2026 10:36:59","","22/05/2026 10:03:02","84132","256932","Completed"
"CS1673180","20/10/2025 11:11:11","","27/10/2025 08:23:24","83602","256402","Completed"
"CS1737660","18/02/2026 09:47:52","","23/02/2026 08:16:33","83528","199230","Completed"
"CS1700328","05/12/2025 16:00:34","","10/12/2025 15:10:53","83419","429019","Completed"
"CS1664618","07/10/2025 09:19:01","","27/10/2025 16:59:26","83205","371205","Completed"
"CS1757552","25/03/2026 10:49:31","","30/03/2026 09:57:30","83152","425152","Completed"
"CS1712809","06/01/2026 15:59:43","","03/02/2026 15:38:12","82970","428570","Completed"
"CS1631821","12/08/2025 10:11:50","","23/09/2025 00:45:26","82852","200058","Completed"
"CS1666911","09/10/2025 10:41:10","30/10/2025 18:47:32","","82668","149475","Paused"
"CS1774409","28/04/2026 09:35:30","","12/05/2026 11:37:26","82592","370592","Completed"
"CS1771090","21/04/2026 10:03:59","","04/05/2026 12:37:39","82561","198784","Completed"
"CS1645838","08/09/2025 11:25:50","","18/09/2025 10:44:24","82555","197755","Completed"
"CS1682880","05/11/2025 10:47:20","","21/11/2025 17:25:28","82158","168558","Completed"
"CS1718809","16/01/2026 12:03:53","","21/01/2026 15:04:33","81808","427408","Completed"
"CS1729250","04/02/2026 11:55:39","","18/02/2026 08:46:05","81362","426962","Completed"
"CS1682268","04/11/2025 13:20:44","","21/11/2025 17:23:27","81251","254051","Completed"
"CS1736268","16/02/2026 11:18:45","","23/02/2026 10:52:49","81216","254016","Completed"
"CS1638634","26/08/2025 12:59:42","","26/09/2025 09:17:27","81135","196335","Completed"
"CS1703390","11/12/2025 14:57:12","","29/12/2025 13:35:01","81079","426679","Completed"
"CS1795110","09/06/2026 09:36:03","","11/06/2026 16:18:55","80996","196196","Completed"
"CS1762950","07/04/2026 11:15:16","","25/04/2026 10:25:26","80971","258842","Completed"
"CS1817683","22/07/2026 10:33:24","25/07/2026 12:45:03","","80796","267099","Paused"
"CS1669632","14/10/2025 11:26:21","","31/10/2025 18:15:26","80711","253511","Completed"
"CS1663039","03/10/2025 14:32:45","","14/10/2025 14:46:43","80596","426196","Completed"
"CS1729404","04/02/2026 13:45:27","","10/02/2026 15:33:45","80441","268502","Completed"
"CS1639032","27/08/2025 09:16:03","","29/08/2025 15:45:12","80407","195607","Completed"
"CS1757535","25/03/2026 10:39:54","","01/04/2026 13:19:12","80406","199623","Completed"
"CS1687028","12/11/2025 10:40:30","","17/11/2025 08:23:54","80370","197662","Completed"
"CS1630192","08/08/2025 07:29:58","","26/09/2025 17:21:26","80368","428313","Completed"
"CS1642865","02/09/2025 12:38:24","","18/09/2025 12:04:48","80096","252896","Completed"
"CS1694668","26/11/2025 10:31:59","","02/12/2025 11:55:55","80081","195281","Completed"
"CS1641042","29/08/2025 14:22:08","","03/09/2025 17:09:41","79314","424914","Completed"
"CS1614566","11/07/2025 17:02:10","","30/07/2025 15:01:26","79182","424652","Completed"
"CS1763391","08/04/2026 08:37:34","","10/04/2026 14:51:29","78823","179623","Completed"
"CS1644190","04/09/2025 10:30:19","","16/09/2025 12:10:05","78671","366671","Completed"
"CS1754242","20/03/2026 13:47:41","","31/03/2026 09:24:38","78583","424183","Completed"
"CS1632719","13/08/2025 11:11:59","","16/09/2025 12:15:26","78303","193503","Completed"
"CS1778189","06/05/2026 11:15:03","","14/05/2026 10:55:54","78297","194121","Completed"
"CS1809289","06/07/2026 11:07:57","","16/07/2026 15:46:35","77905","121105","Completed"
"CS1651538","17/09/2025 11:18:43","","25/09/2025 10:05:51","77616","192816","Completed"
"CS1759213","27/03/2026 12:24:55","","01/04/2026 15:37:47","76984","418984","Completed"
"CS1643575","03/09/2025 12:01:45","","18/09/2025 09:25:27","76941","76941","Completed"
"CS1680283","31/10/2025 08:47:58","","14/11/2025 10:34:20","76895","365617","Completed"
"CS1759298","27/03/2026 13:55:45","","15/04/2026 11:17:28","76879","418879","Completed"
"CS1785591","20/05/2026 11:26:59","","10/06/2026 11:17:00","76635","191835","Completed"
"CS1662976","03/10/2025 13:48:45","","08/10/2025 11:30:51","76416","422016","Completed"
"CS1763702","08/04/2026 11:49:18","","15/04/2026 14:44:15","76242","195101","Completed"
"CS1745455","04/03/2026 11:50:27","","09/03/2026 09:08:36","76173","266572","Completed"
"CS1763705","08/04/2026 11:50:38","","13/04/2026 10:21:26","76162","193771","Completed"
"CS1689185","17/11/2025 08:49:40","","21/11/2025 09:36:23","75950","162350","Completed"
"CS1760159","30/03/2026 15:28:50","","16/04/2026 12:33:28","75862","248662","Completed"
"CS1767157","14/04/2026 11:11:38","","17/04/2026 08:43:48","75352","190552","Completed"
"CS1794650","08/06/2026 12:06:38","","24/06/2026 17:57:26","75202","193789","Completed"
"CS1655602","24/09/2025 12:08:59","","30/09/2025 14:21:49","75061","191962","Completed"
"CS1752933","18/03/2026 14:33:11","","11/04/2026 11:55:27","75053","258319","Completed"
"CS1654641","23/09/2025 11:07:19","","25/09/2025 15:56:26","74947","190147","Completed"
"CS1721652","22/01/2026 08:29:38","","03/02/2026 14:37:17","74871","364693","Completed"
"CS1722757","23/01/2026 12:31:07","","03/02/2026 14:37:10","74731","451399","Completed"
"CS1794054","05/06/2026 14:27:31","","24/06/2026 11:13:26","74697","420297","Completed"
"CS1635566","19/08/2025 09:34:28","","12/09/2025 08:53:26","74436","189150","Completed"
"CS1816055","17/07/2026 16:39:37","","20/07/2026 10:56:12","74058","160458","Completed"
"CS1694317","25/11/2025 15:22:19","","02/12/2025 15:48:16","73510","476710","Completed"
"CS1635436","18/08/2025 17:14:20","","26/08/2025 11:15:52","73508","244062","Completed"
"CS1678836","29/10/2025 09:59:52","","13/11/2025 18:23:26","73390","116590","Completed"
"CS1690414","18/11/2025 12:54:58","","26/11/2025 10:28:09","73308","246108","Completed"
"CS1642608","02/09/2025 10:19:14","","04/09/2025 15:01:53","73161","188361","Completed"
"CS1641267","31/08/2025 14:49:23","","08/09/2025 09:35:22","73120","196157","Completed"
"CS1753363","19/03/2026 10:41:49","","31/03/2026 08:45:08","72970","357122","Completed"
"CS1690962","19/11/2025 11:21:22","","09/12/2025 15:21:26","72718","187918","Completed"
"CS1775421","29/04/2026 12:48:40","","06/05/2026 14:45:13","72680","192247","Completed"
"CS1643743","03/09/2025 14:06:32","","09/09/2025 13:54:11","72576","158976","Completed"
"CS1704689","15/12/2025 14:28:12","","21/12/2025 10:48:34","72264","245064","Completed"
"CS1743357","27/02/2026 15:25:42","","04/03/2026 11:36:42","72049","417649","Completed"
"CS1693401","24/11/2025 13:38:34","","03/12/2025 10:37:04","71965","158365","Completed"
"CS1684120","06/11/2025 16:13:24","","14/11/2025 10:53:07","71914","417514","Completed"
"CS1727426","02/02/2026 11:27:41","","18/02/2026 15:47:27","71825","187025","Completed"
"CS1792556","03/06/2026 13:05:09","","08/06/2026 10:37:46","71691","188401","Completed"
"CS1718879","16/01/2026 13:06:15","","22/01/2026 07:44:18","71625","362177","Completed"
"CS1724873","28/01/2026 08:32:50","","30/01/2026 13:55:24","71253","188083","Completed"
"CS1763138","07/04/2026 13:40:34","","10/04/2026 15:00:48","71156","189314","Completed"
"CS1653133","19/09/2025 12:56:39","","24/09/2025 08:19:33","71085","359085","Completed"
"CS1784406","18/05/2026 14:14:28","","21/05/2026 11:03:36","70563","243363","Completed"
"CS1807261","01/07/2026 13:24:00","","14/07/2026 10:33:06","70560","198889","Completed"
"CS1716477","13/01/2026 13:13:15","","16/01/2026 10:46:41","70415","70415","Completed"
"CS1698286","02/12/2025 17:18:32","","19/12/2025 13:05:26","70357","242045","Completed"
"CS1669192","13/10/2025 15:42:09","","16/10/2025 14:58:42","69770","242570","Completed"
"CS1758196","26/03/2026 09:40:38","","30/03/2026 16:01:08","69722","354122","Completed"
"CS1815510","16/07/2026 17:10:19","","22/07/2026 09:17:59","69486","414712","Completed"
"CS1700841","08/12/2025 11:59:31","","10/12/2025 16:56:19","69479","184679","Completed"
"CS1697389","01/12/2025 16:26:45","","04/12/2025 12:18:30","69329","184529","Completed"
"CS1661631","02/10/2025 10:31:45","","20/10/2025 13:45:27","69157","357157","Completed"
"CS1628439","05/08/2025 13:07:51","","11/08/2025 08:39:38","69156","184356","Completed"
"CS1721386","21/01/2026 13:49:55","","26/01/2026 08:13:05","69005","184940","Completed"
"CS1773896","27/04/2026 11:17:50","","01/05/2026 16:00:39","68942","184142","Completed"
"CS1775498","29/04/2026 13:52:09","","04/05/2026 12:36:20","68871","185403","Completed"
"CS1727763","02/02/2026 15:30:29","","04/02/2026 13:30:05","68741","155141","Completed"
"CS1732574","10/02/2026 10:15:46","","12/02/2026 13:19:11","68605","183805","Completed"
"CS1623540","25/07/2025 14:00:09","","12/08/2025 16:59:26","68309","289162","Completed"
"CS1799701","17/06/2026 14:04:20","","23/06/2026 10:06:09","68140","344551","Completed"
"CS1722431","23/01/2026 08:50:09","","10/02/2026 11:53:27","67902","356493","Completed"
"CS1686033","11/11/2025 09:27:57","","14/11/2025 16:16:03","67894","183094","Completed"
"CS1631488","11/08/2025 15:18:16","","18/08/2025 09:14:13","67691","240491","Completed"
"CS1778172","06/05/2026 11:07:32","","20/05/2026 13:02:00","67616","182816","Completed"
"CS1721502","21/01/2026 15:19:48","","26/01/2026 13:50:54","67568","186762","Completed"
"CS1622553","24/07/2025 12:36:38","","24/09/2025 11:07:45","67523","125599","Completed"
"CS1667445","09/10/2025 16:23:24","","29/10/2025 12:49:38","67390","189809","Completed"
"CS1811675","09/07/2026 13:16:51","","17/07/2026 13:20:00","67389","199182","Completed"
"CS1772150","22/04/2026 14:22:52","","27/04/2026 09:22:52","67241","182573","Completed"
"CS1768109","15/04/2026 11:54:54","29/04/2026 16:40:06","","67036","182236","Paused"
"CS1799728","17/06/2026 14:32:04","","24/06/2026 16:24:32","66476","338136","Completed"
"CS1675495","23/10/2025 09:47:19","","13/11/2025 17:33:27","66339","302320","Completed"
"CS1798287","15/06/2026 14:35:11","","29/06/2026 08:28:18","66289","184613","Completed"
"CS1798295","15/06/2026 14:38:23","","01/07/2026 17:25:27","66097","182790","Completed"
"CS1781482","12/05/2026 13:37:54","","20/05/2026 08:52:42","65770","180970","Completed"
"CS1756748","24/03/2026 10:25:21","","31/03/2026 11:03:46","65563","125470","Completed"
"CS1638342","26/08/2025 09:33:29","","28/08/2025 11:43:25","65396","180596","Completed"
"CS1673496","20/10/2025 14:56:50","","27/10/2025 17:05:47","65383","238183","Completed"
"CS1799751","17/06/2026 14:54:45","","04/07/2026 12:49:26","65115","251631","Completed"
"CS1747969","09/03/2026 17:02:24","","13/03/2026 10:16:51","64814","151214","Completed"
"CS1767215","14/04/2026 11:35:58","","30/04/2026 15:43:26","63948","179148","Completed"
"CS1699974","05/12/2025 10:36:25","","09/12/2025 15:13:15","63411","351411","Completed"
"CS1718350","15/01/2026 16:21:49","","16/01/2026 10:46:40","63408","63408","Completed"
"CS1722561","23/01/2026 10:18:32","","10/02/2026 11:51:26","63138","351138","Completed"
"CS1693379","24/11/2025 13:20:50","","10/12/2025 14:49:26","62842","178042","Completed"
"CS1758409","26/03/2026 11:49:59","","13/04/2026 14:25:27","62707","347107","Completed"
"CS1666497","08/10/2025 16:37:04","","31/10/2025 17:59:27","62560","408160","Completed"
"CS1751551","16/03/2026 15:40:16","","19/03/2026 08:06:28","62384","184384","Completed"
"CS1646278","08/09/2025 16:11:56","","11/09/2025 09:56:38","62316","235116","Completed"
"CS1721128","21/01/2026 11:11:46","","26/01/2026 08:54:41","62291","181013","Completed"
"CS1699963","05/12/2025 10:33:27","","09/12/2025 15:13:30","62150","350150","Completed"
"CS1676489","24/10/2025 11:11:15","","28/10/2025 13:12:01","62127","353727","Completed"
"CS1660066","01/10/2025 09:16:02","","03/10/2025 13:41:34","62082","177282","Completed"
"CS1722562","23/01/2026 10:18:37","","10/02/2026 15:41:26","62014","119614","Completed"
"CS1794032","05/06/2026 14:03:48","","12/06/2026 15:50:44","61719","349719","Completed"
"CS1778797","07/05/2026 10:52:14","","22/05/2026 18:03:26","61666","112244","Completed"
"CS1622978","25/07/2025 08:00:39","","05/08/2025 10:33:33","61651","352284","Completed"
"CS1741043","24/02/2026 14:43:38","","09/03/2026 10:07:13","61611","176811","Completed"
"CS1754378","20/03/2026 15:56:27","","08/04/2026 08:37:26","61413","405610","Completed"
"CS1680293","31/10/2025 08:59:46","","18/11/2025 11:13:48","61372","294756","Completed"
"CS1648412","11/09/2025 12:34:21","","15/09/2025 14:24:25","61349","349349","Completed"
"CS1786220","21/05/2026 11:03:00","","28/05/2026 10:13:08","61173","104373","Completed"
"CS1652285","18/09/2025 11:46:13","","22/09/2025 15:59:56","61117","104317","Completed"
"CS1693672","25/11/2025 07:56:08","","17/12/2025 14:49:27","60920","126240","Completed"
"CS1762471","02/04/2026 16:00:47","","22/04/2026 16:55:27","60845","521645","Completed"
"CS1787773","26/05/2026 16:19:21","","29/05/2026 10:12:34","60776","233576","Completed"
"CS1704167","14/12/2025 11:40:44","","29/12/2025 08:30:06","60668","307167","Completed"
"CS1771033","21/04/2026 09:36:29","","28/04/2026 09:20:28","60556","233356","Completed"
"CS1701495","09/12/2025 11:10:32","","18/12/2025 10:36:17","60449","175649","Completed"
"CS1639553","27/08/2025 15:52:49","","29/08/2025 16:55:34","60417","175617","Completed"
"CS1765803","13/04/2026 09:24:53","","15/04/2026 14:06:31","60006","175206","Completed"
"CS1727440","02/02/2026 11:34:58","","05/02/2026 14:56:04","59867","175067","Completed"
"CS1749366","11/03/2026 16:24:53","","24/03/2026 14:12:08","59707","178600","Completed"
"CS1811128","08/07/2026 16:25:04","","21/07/2026 10:36:19","59696","270795","Completed"
"CS1796316","10/06/2026 16:16:34","","27/06/2026 14:11:26","59640","251033","Completed"
"CS1695119","26/11/2025 16:25:48","","12/12/2025 17:45:27","59622","177133","Completed"
"CS1653586","22/09/2025 09:46:30","","10/10/2025 17:45:26","59335","173769","Completed"
"CS1672516","17/10/2025 15:19:21","","21/11/2025 10:43:23","59169","291346","Completed"
"CS1624090","28/07/2025 11:37:06","","25/08/2025 15:53:27","58894","172518","Completed"
"CS1764018","08/04/2026 16:41:47","","25/04/2026 11:13:27","58693","239473","Completed"
"CS1807485","01/07/2026 16:43:13","","13/07/2026 09:26:23","58607","325781","Completed"
"CS1754176","20/03/2026 12:38:59","","30/03/2026 13:11:52","58567","120280","Completed"
"CS1782797","14/05/2026 12:02:42","","18/05/2026 17:08:00","58519","346519","Completed"
"CS1759626","30/03/2026 09:23:17","","01/04/2026 15:37:42","58389","173589","Completed"
"CS1727452","02/02/2026 11:41:49","","04/02/2026 12:07:18","58216","173416","Completed"
"CS1784561","18/05/2026 16:30:44","","21/05/2026 08:50:17","58201","173821","Completed"
"CS1796325","10/06/2026 16:28:35","","26/06/2026 16:39:27","58135","173335","Completed"
"CS1737050","17/02/2026 10:51:46","","27/02/2026 10:42:02","57965","173165","Completed"
"CS1754067","20/03/2026 11:06:26","","08/04/2026 12:38:22","57805","173005","Completed"
"CS1701575","09/12/2025 11:56:48","","18/12/2025 10:36:16","57676","172876","Completed"
"CS1703243","11/12/2025 12:33:31","07/01/2026 09:09:39","","57660","462473","Paused"
"CS1732362","10/02/2026 07:42:08","","12/02/2026 09:23:31","57600","127629","Completed"
"CS1807573","02/07/2026 08:59:47","","15/07/2026 16:50:16","57600","270940","Completed"
"CS1799973","18/06/2026 08:45:48","","23/06/2026 12:19:13","57600","176748","Completed"
"CS1631320","11/08/2025 12:39:33","","13/08/2025 12:42:13","57597","172797","Completed"
"CS1699135","04/12/2025 09:00:37","","09/12/2025 11:12:26","57563","117536","Completed"
"CS1695984","28/11/2025 09:09:41","","02/12/2025 10:18:10","57484","345484","Completed"
"CS1717639","15/01/2026 08:41:37","","12/02/2026 09:33:26","57132","115835","Completed"
"CS1672522","17/10/2025 15:20:27","","04/12/2025 09:17:09","56987","346256","Completed"
"CS1725010","28/01/2026 10:18:27","","30/01/2026 12:27:52","56886","172086","Completed"
"CS1760431","31/03/2026 10:18:41","","02/04/2026 10:10:23","56748","171948","Completed"
"CS1646165","08/09/2025 14:52:15","","25/09/2025 09:37:27","56652","171852","Completed"
"CS1770269","20/04/2026 10:17:33","","22/04/2026 10:48:47","56446","171646","Completed"
"CS1814687","16/07/2026 09:19:50","","23/07/2026 16:34:25","56410","269587","Completed"
"CS1661933","02/10/2025 12:43:16","","06/10/2025 12:30:11","56358","344358","Completed"
"CS1728023","03/02/2026 09:20:49","04/02/2026 19:00:44","","56351","121195","Paused"
"CS1711274","02/01/2026 15:05:58","","07/01/2026 08:09:16","56125","344125","Completed"
"CS1729268","04/02/2026 12:09:30","","06/02/2026 11:52:27","56119","171319","Completed"
"CS1639803","28/08/2025 09:47:51","","09/09/2025 09:16:43","56100","344100","Completed"
"CS1705145","16/12/2025 11:06:57","","18/12/2025 12:00:45","56042","171242","Completed"
"CS1713807","08/01/2026 09:26:35","","15/01/2026 12:01:23","56005","117545","Completed"
"CS1759633","30/03/2026 09:27:17","","01/04/2026 11:39:12","55963","114451","Completed"
"CS1618542","18/07/2025 13:05:24","","04/08/2025 08:39:26","55941","243141","Completed"
"CS1784208","18/05/2026 11:17:29","","03/06/2026 10:49:27","55845","171045","Completed"
"CS1731475","09/02/2026 09:47:55","","10/02/2026 14:56:57","55543","98743","Completed"
"CS1705222","16/12/2025 12:03:56","","22/12/2025 09:11:42","55181","170088","Completed"
"CS1700213","05/12/2025 14:07:49","","23/12/2025 15:47:27","54585","342585","Completed"
"CS1654556","23/09/2025 10:18:13","","25/09/2025 09:53:16","54571","169771","Completed"
"CS1628931","06/08/2025 09:51:59","","08/08/2025 10:44:16","54481","169497","Completed"
"CS1771251","21/04/2026 11:18:24","","01/05/2026 09:11:30","54295","169495","Completed"
"CS1740030","23/02/2026 11:22:20","","25/02/2026 17:23:15","54212","116282","Completed"
"CS1816913","21/07/2026 09:57:17","22/07/2026 18:09:57","","54163","115960","Paused"
"CS1679950","30/10/2025 13:13:54","","04/11/2025 14:25:27","54147","342147","Completed"
"CS1739810","23/02/2026 09:24:11","","10/03/2026 16:27:26","54095","111695","Completed"
"CS1816961","21/07/2026 10:23:25","","23/07/2026 09:23:17","53992","169192","Completed"
"CS1732962","10/02/2026 14:17:37","","26/02/2026 13:09:28","53450","168650","Completed"
"CS1684067","06/11/2025 15:18:49","","12/11/2025 11:29:49","53252","341252","Completed"
"CS1723670","26/01/2026 14:30:40","","11/02/2026 13:35:26","53250","168450","Completed"
"CS1675189","22/10/2025 15:05:54","","10/11/2025 15:33:46","53249","110849","Completed"
"CS1721492","21/01/2026 15:12:19","","06/02/2026 14:01:26","53230","168430","Completed"
"CS1630906","11/08/2025 08:24:37","","26/08/2025 15:45:28","53097","112820","Completed"
"CS1654074","22/09/2025 14:31:28","","10/10/2025 13:27:29","53076","168276","Completed"
"CS1624626","29/07/2025 09:32:30","","08/08/2025 14:57:29","52980","114175","Completed"
"CS1733832","11/02/2026 14:17:17","","16/02/2026 11:10:54","52862","168062","Completed"
"CS1818301","23/07/2026 09:54:53","","27/07/2026 08:35:38","52812","174411","Completed"
"CS1680177","30/10/2025 16:06:22","","18/11/2025 14:47:28","52810","111457","Completed"
"CS1793053","04/06/2026 10:26:07","","19/06/2026 17:05:26","52433","110268","Completed"
"CS1717474","14/01/2026 14:55:58","","03/02/2026 07:55:22","52353","167553","Completed"
"CS1642805","02/09/2025 11:57:45","","08/09/2025 10:19:20","52295","95495","Completed"
"CS1622906","24/07/2025 16:33:42","","05/08/2025 11:41:49","51843","273336","Completed"
"CS1681082","03/11/2025 10:05:11","","18/11/2025 16:57:27","51591","109191","Completed"
"CS1697867","02/12/2025 12:22:48","","04/12/2025 10:46:07","51326","166526","Completed"
"CS1650447","16/09/2025 08:58:58","","17/09/2025 15:19:01","51178","108840","Completed"
"CS1673963","21/10/2025 10:48:14","","03/11/2025 12:50:01","51106","109727","Completed"
"CS1629348","06/08/2025 15:11:52","","11/08/2025 14:15:13","51066","114509","Completed"
"CS1698753","03/12/2025 12:53:45","","08/12/2025 10:32:58","51025","113905","Completed"
"CS1667154","09/10/2025 12:52:37","","14/10/2025 18:02:22","50763","338763","Completed"
"CS1725861","29/01/2026 10:55:26","","14/02/2026 17:55:27","50674","197993","Completed"
"CS1763735","08/04/2026 12:10:33","","14/04/2026 14:05:50","50630","395275","Completed"
"CS1691422","19/11/2025 19:16:30","","01/12/2025 10:59:31","50623","160238","Completed"
"CS1699411","04/12/2025 12:11:27","","17/12/2025 13:42:21","50442","55471","Completed"
"CS1662029","02/10/2025 13:35:04","","09/10/2025 15:59:07","50122","93322","Completed"
"CS1652910","19/09/2025 10:17:10","","23/09/2025 11:50:32","50074","280474","Completed"
"CS1640122","28/08/2025 13:26:28","","02/09/2025 12:59:46","50054","338054","Completed"
"CS1820697","28/07/2026 11:13:02","29/07/2026 17:09:41","","49618","107799","Paused"
"CS1768901","16/04/2026 11:15:48","","17/04/2026 17:22:30","49452","107934","Completed"
"CS1731590","09/02/2026 10:45:17","","25/02/2026 08:19:26","49146","161797","Completed"
"CS1712440","06/01/2026 11:23:01","","19/01/2026 09:45:12","49019","111991","Completed"
"CS1769277","16/04/2026 16:26:15","","21/05/2026 10:15:26","48945","343373","Completed"
"CS1796215","10/06/2026 14:30:17","","15/06/2026 09:57:26","48919","181433","Completed"
"CS1709246","29/12/2025 08:32:43","","20/01/2026 12:05:26","48896","110666","Completed"
"CS1622050","24/07/2025 08:17:57","","05/09/2025 08:09:26","48768","169456","Completed"
"CS1644238","04/09/2025 11:01:12","","19/09/2025 16:31:26","48550","106150","Completed"
"CS1719560","19/01/2026 11:30:53","","03/02/2026 17:37:27","48547","108289","Completed"
"CS1767363","14/04/2026 12:57:36","","16/04/2026 13:43:00","48385","163585","Completed"
"CS1658961","30/09/2025 10:20:45","","20/10/2025 10:53:31","48180","105780","Completed"
"CS1815812","17/07/2026 12:36:10","27/07/2026 13:05:20","","47398","90598","Paused"
"CS1669370","14/10/2025 08:57:08","","20/10/2025 08:41:06","47291","106239","Completed"
"CS1671641","16/10/2025 15:07:21","","20/10/2025 14:54:10","47275","335275","Completed"
"CS1739065","20/02/2026 09:22:33","","09/03/2026 10:31:26","47239","263239","Completed"
"CS1815167","16/07/2026 11:53:54","18/07/2026 11:57:28","","47166","173014","Paused"
"CS1763713","08/04/2026 11:55:11","","10/04/2026 09:48:07","47089","106249","Completed"
"CS1632320","12/08/2025 16:04:51","","14/08/2025 15:31:45","47074","162274","Completed"
"CS1721242","21/01/2026 12:14:21","","23/01/2026 12:52:39","46980","90180","Completed"
"CS1640164","28/08/2025 14:09:55","","02/09/2025 13:01:18","46887","334887","Completed"
"CS1718427","15/01/2026 19:12:55","","16/01/2026 10:48:36","46841","46841","Completed"
"CS1715038","09/01/2026 14:51:27","","13/01/2026 12:58:57","46706","334706","Completed"
"CS1651046","16/09/2025 15:25:27","","02/10/2025 12:23:26","46655","161855","Completed"
"CS1747760","09/03/2026 13:49:40","","13/03/2026 11:06:56","46576","89776","Completed"
"CS1738582","19/02/2026 12:05:25","","23/02/2026 16:43:10","46486","106214","Completed"
"CS1743026","27/02/2026 10:50:12","","14/03/2026 11:45:26","46449","89649","Completed"
"CS1736187","16/02/2026 10:37:25","","06/03/2026 17:23:26","46335","89535","Completed"
"CS1772016","22/04/2026 12:09:20","","07/05/2026 18:37:28","46240","109674","Completed"
"CS1669717","14/10/2025 12:10:13","","16/10/2025 08:09:51","46187","107954","Completed"
"CS1703589","12/12/2025 09:01:47","","12/01/2026 05:51:26","45824","276224","Completed"
"CS1707214","19/12/2025 10:11:29","","05/01/2026 11:07:26","45745","261745","Completed"
"CS1680730","31/10/2025 14:45:20","","04/11/2025 14:00:19","45422","333097","Completed"
"CS1802419","23/06/2026 14:57:14","","06/07/2026 13:53:08","45272","160472","Completed"
"CS1726926","30/01/2026 16:02:14","","24/02/2026 10:31:26","45250","333683","Completed"
"CS1662207","02/10/2025 14:55:26","","03/11/2025 00:15:26","45153","333153","Completed"
"CS1803738","25/06/2026 12:28:36","","29/06/2026 16:33:31","45084","162789","Completed"
"CS1721178","21/01/2026 11:43:38","","26/01/2026 08:07:34","45068","102668","Completed"
"CS1655690","24/09/2025 13:04:18","","26/09/2025 11:58:56","45009","160209","Completed"
"CS1673512","20/10/2025 15:07:39","","03/11/2025 15:57:30","44869","336469","Completed"
"CS1758056","25/03/2026 17:03:21","","27/03/2026 12:49:04","44807","88007","Completed"
"CS1721947","22/01/2026 11:26:45","","07/02/2026 12:03:26","44713","44713","Completed"
"CS1620095","22/07/2025 09:34:25","","07/08/2025 10:53:54","44275","98333","Completed"
"CS1665649","08/10/2025 09:09:53","","15/10/2025 08:17:27","44115","87315","Completed"
"CS1804421","26/06/2026 11:06:38","","29/06/2026 10:36:03","44013","87213","Completed"
"CS1667860","10/10/2025 11:42:06","","27/10/2025 15:55:26","43958","274358","Completed"
"CS1632043","12/08/2025 12:24:29","","16/08/2025 11:13:03","43868","101468","Completed"
"CS1792460","03/06/2026 11:57:40","","04/06/2026 16:10:27","43659","101259","Completed"
"CS1743456","27/02/2026 17:12:33","","03/03/2026 16:24:54","43591","330838","Completed"
"CS1733402","11/02/2026 09:44:37","","23/02/2026 09:41:13","43322","100922","Completed"
"CS1818572","23/07/2026 12:53:48","","27/07/2026 08:35:33","43281","164276","Completed"
"CS1625435","30/07/2025 10:35:51","","04/08/2025 10:10:20","43279","100879","Completed"
"CS1625660","30/07/2025 13:06:55","","04/08/2025 16:22:30","43273","158473","Completed"
"CS1627409","04/08/2025 09:38:50","","08/08/2025 14:55:19","42811","100411","Completed"
"CS1754179","20/03/2026 12:43:09","","30/03/2026 11:43:51","42338","272738","Completed"
"CS1780100","08/05/2026 15:46:23","","26/05/2026 11:44:40","42155","330155","Completed"
"CS1785585","20/05/2026 11:19:56","","04/06/2026 15:03:26","42143","99743","Completed"
"CS1717567","14/01/2026 16:27:52","","16/01/2026 16:11:06","41930","157130","Completed"
"CS1740816","24/02/2026 11:40:25","","02/03/2026 09:38:40","41867","99467","Completed"
"CS1645730","08/09/2025 10:28:28","","11/09/2025 11:48:33","41807","85007","Completed"
"CS1654570","23/09/2025 10:23:58","","08/10/2025 13:59:28","41619","99219","Completed"
"CS1658007","29/09/2025 10:33:51","","14/10/2025 10:07:26","41608","84808","Completed"
"CS1618845","18/07/2025 16:54:15","","05/08/2025 12:27:29","41508","329508","Completed"
"CS1615828","15/07/2025 14:25:02","","30/07/2025 13:55:29","41396","84596","Completed"
"CS1789544","28/05/2026 13:17:26","","12/06/2026 16:47:27","41292","98892","Completed"
"CS1742176","26/02/2026 09:44:51","","13/03/2026 13:09:26","41014","98614","Completed"
"CS1746392","05/03/2026 13:39:58","","12/03/2026 16:20:07","40802","100162","Completed"
"CS1785754","20/05/2026 13:41:23","","04/06/2026 18:13:27","40717","102721","Completed"
"CS1695485","27/11/2025 11:50:42","","01/12/2025 10:50:56","40682","98282","Completed"
"CS1695118","26/11/2025 16:24:44","","02/12/2025 09:35:48","40182","155382","Completed"
"CS1631073","11/08/2025 10:12:52","","13/08/2025 09:39:23","40155","97755","Completed"
"CS1686787","12/11/2025 07:28:16","","27/11/2025 12:01:27","39675","102779","Completed"
"CS1818631","23/07/2026 13:59:17","25/07/2026 14:42:10","","39643","175373","Paused"
"CS1772838","23/04/2026 15:05:46","","16/05/2026 12:21:26","39543","111398","Completed"
"CS1703718","12/12/2025 10:27:07","","29/12/2025 13:27:27","39218","269618","Completed"
"CS1656987","26/09/2025 09:52:20","","13/10/2025 12:43:26","39061","269461","Completed"
"CS1741736","25/02/2026 12:45:17","","09/03/2026 09:32:13","39035","96635","Completed"
"CS1687944","13/11/2025 11:33:50","","17/11/2025 10:37:44","38778","99882","Completed"
"CS1683378","05/11/2025 16:45:44","","07/11/2025 11:42:08","38668","153868","Completed"
"CS1730738","06/02/2026 11:14:54","","09/02/2026 15:34:54","38487","268887","Completed"
"CS1622546","24/07/2025 12:28:47","","18/09/2025 13:26:49","38304","96945","Completed"
"CS1673554","20/10/2025 15:33:20","","21/10/2025 14:51:52","38285","81485","Completed"
"CS1738720","19/02/2026 14:22:46","","24/02/2026 10:44:42","38234","160297","Completed"
"CS1706151","17/12/2025 14:50:53","","14/01/2026 17:55:27","37868","95468","Completed"
"CS1729470","04/02/2026 14:34:22","","12/02/2026 10:50:26","37538","102069","Completed"
"CS1817358","21/07/2026 14:35:30","","27/07/2026 15:56:28","37470","101821","Completed"
"CS1734671","12/02/2026 15:48:05","","17/02/2026 14:43:12","37420","95020","Completed"
"CS1663088","03/10/2025 14:58:19","","21/10/2025 09:23:27","37394","325394","Completed"
"CS1820991","28/07/2026 14:41:26","","30/07/2026 10:58:45","37377","152577","Completed"
"CS1721330","21/01/2026 13:07:46","","25/01/2026 15:17:17","37342","80542","Completed"
"CS1667942","10/10/2025 12:49:50","","15/10/2025 14:34:31","37327","325327","Completed"
"CS1748371","10/03/2026 12:04:57","","13/03/2026 15:37:19","37289","80489","Completed"
"CS1793648","05/06/2026 09:09:53","","12/06/2026 17:12:13","37137","267537","Completed"
"CS1647087","09/09/2025 15:43:07","","22/09/2025 11:01:23","36916","152116","Completed"
"CS1682751","05/11/2025 09:38:24","","07/11/2025 12:58:30","36722","36722","Completed"
"CS1747933","09/03/2026 16:22:07","","11/03/2026 11:15:13","36507","151707","Completed"
"CS1799664","17/06/2026 13:26:26","","24/06/2026 16:24:41","36487","94087","Completed"
"CS1776563","01/05/2026 09:57:29","","05/05/2026 12:15:35","36481","353281","Completed"
"CS1806099","30/06/2026 10:02:34","","08/07/2026 15:07:51","36395","92187","Completed"
"CS1821004","28/07/2026 14:53:25","29/07/2026 18:55:58","","36395","100953","Paused"
"CS1623667","25/07/2025 16:09:29","","07/08/2025 10:53:36","36364","324364","Completed"
"CS1695015","26/11/2025 14:55:45","","09/12/2025 11:32:06","36255","95905","Completed"
"CS1655725","24/09/2025 13:30:50","","26/09/2025 11:12:43","36244","39546","Completed"
"CS1635088","18/08/2025 12:16:54","","27/08/2025 12:00:55","36215","93815","Completed"
"CS1622137","24/07/2025 09:17:58","","08/08/2025 17:19:26","36020","93620","Completed"
"CS1768417","15/04/2026 15:18:08","","20/04/2026 10:52:17","36013","99244","Completed"
"CS1680840","31/10/2025 17:01:25","","11/11/2025 15:18:41","35860","266431","Completed"
"CS1719846","19/01/2026 15:07:23","","28/01/2026 10:36:29","35706","93306","Completed"
"CS1653851","22/09/2025 11:58:54","","03/10/2025 11:39:04","35660","93260","Completed"
"CS1693450","24/11/2025 14:17:56","","10/12/2025 15:41:27","35638","93238","Completed"
"CS1818329","23/07/2026 10:07:52","","27/07/2026 09:30:07","35633","112123","Completed"
"CS1742100","26/02/2026 09:01:41","","02/03/2026 09:03:29","35511","93111","Completed"
"CS1761905","02/04/2026 08:57:27","","16/04/2026 14:25:47","35457","35610","Completed"
"CS1688282","13/11/2025 16:04:37","","19/11/2025 09:17:40","35216","323216","Completed"
"CS1751481","16/03/2026 14:52:19","","17/03/2026 14:32:02","35085","78285","Completed"
"CS1674407","21/10/2025 15:15:25","","05/11/2025 17:39:26","35075","95033","Completed"
"CS1667428","09/10/2025 16:07:28","","14/10/2025 09:27:12","35011","323011","Completed"
"CS1624446","28/07/2025 16:25:08","","27/08/2025 12:55:26","34976","207776","Completed"
"CS1719869","19/01/2026 15:17:57","","03/02/2026 17:21:26","34923","93715","Completed"
"CS1783016","14/05/2026 15:19:19","","18/05/2026 15:57:24","34841","94657","Completed"
"CS1736453","16/02/2026 13:29:37","","20/02/2026 09:42:33","34732","92332","Completed"
"CS1788381","27/05/2026 15:45:59","","12/06/2026 14:57:27","34481","91379","Completed"
"CS1740361","23/02/2026 15:27:23","","11/03/2026 08:55:26","34357","147505","Completed"
"CS1771623","21/04/2026 16:14:58","","23/04/2026 17:28:03","33999","149199","Completed"
"CS1681116","03/11/2025 10:27:10","","04/11/2025 11:56:56","33975","91575","Completed"
"CS1676735","24/10/2025 14:49:56","","12/11/2025 09:37:26","33975","93315","Completed"
"CS1775709","29/04/2026 17:34:36","","12/05/2026 10:18:50","33705","146829","Completed"
"CS1763905","08/04/2026 14:43:14","","10/04/2026 08:37:04","33647","92262","Completed"
"CS1708591","23/12/2025 12:51:16","","24/12/2025 11:26:37","33606","76806","Completed"
"CS1761824","01/04/2026 16:53:54","","05/04/2026 16:39:19","33562","76762","Completed"
"CS1613865","10/07/2025 15:11:00","11/07/2025 16:29:58","","33538","91138","Paused"
"CS1769947","17/04/2026 15:41:03","","21/04/2026 11:24:07","33537","267151","Completed"
"CS1667694","10/10/2025 10:17:48","","20/10/2025 10:35:38","33457","33457","Completed"
"CS1640180","28/08/2025 14:30:57","","12/09/2025 16:51:04","33432","91032","Completed"
"CS1645510","06/09/2025 12:56:14","","25/09/2025 15:59:27","33354","33515","Completed"
"CS1795956","10/06/2026 10:53:57","","11/06/2026 15:59:06","33330","90930","Completed"
"CS1760302","31/03/2026 08:32:49","","01/04/2026 10:38:27","33294","92525","Completed"
"CS1757954","25/03/2026 15:48:28","","26/03/2026 18:04:08","33092","92612","Completed"
"CS1658712","30/09/2025 08:22:47","","15/10/2025 10:11:28","32803","92636","Completed"
"CS1773523","24/04/2026 16:54:00","","05/05/2026 11:14:03","32750","320750","Completed"
"CS1769339","16/04/2026 18:00:35","","23/04/2026 11:23:44","32717","165163","Completed"
"CS1730305","05/02/2026 15:33:40","","10/02/2026 08:58:55","32643","90243","Completed"
"CS1772199","22/04/2026 15:01:56","","07/05/2026 13:41:39","32531","94598","Completed"
"CS1719866","19/01/2026 15:14:32","","21/01/2026 11:32:14","32190","71790","Completed"
"CS1674476","21/10/2025 16:03:53","","19/11/2025 11:32:16","32167","91011","Completed"
"CS1740414","23/02/2026 16:04:14","","10/03/2026 17:47:26","32146","92476","Completed"
"CS1818238","23/07/2026 09:22:46","","29/07/2026 12:09:01","32126","36762","Completed"
"CS1676118","23/10/2025 16:05:14","","07/11/2025 18:29:26","32086","94961","Completed"
"CS1684893","07/11/2025 14:26:38","","24/11/2025 15:19:27","31906","262306","Completed"
"CS1654890","23/09/2025 13:22:35","","29/09/2025 10:46:36","31673","89273","Completed"
"CS1744105","02/03/2026 14:23:05","","12/03/2026 09:39:25","31414","89014","Completed"
"CS1622895","24/07/2025 16:20:24","","08/08/2025 18:01:27","31176","92362","Completed"
"CS1649336","12/09/2025 14:28:32","","01/10/2025 17:19:28","31171","262710","Completed"
"CS1670340","15/10/2025 10:11:46","","16/10/2025 10:49:16","31050","88650","Completed"
"CS1681803","04/11/2025 08:59:19","","26/11/2025 12:11:26","31023","88664","Completed"
"CS1762854","07/04/2026 10:08:17","","13/04/2026 08:12:20","30953","88553","Completed"
"CS1800550","18/06/2026 16:24:25","","23/06/2026 13:02:22","30935","155995","Completed"
"CS1674447","21/10/2025 15:42:15","","05/11/2025 16:17:28","30796","88396","Completed"
"CS1638381","26/08/2025 09:59:10","","28/08/2025 10:59:59","30636","88236","Completed"
"CS1760545","31/03/2026 11:22:21","","01/04/2026 17:51:13","30531","90540","Completed"
"CS1758095","25/03/2026 18:46:46","","07/04/2026 09:00:09","30287","139081","Completed"
"CS1803636","25/06/2026 11:34:26","","30/06/2026 10:34:45","30129","92358","Completed"
"CS1792841","03/06/2026 18:38:03","","15/06/2026 13:19:06","30061","81846","Completed"
"CS1782245","13/05/2026 13:58:47","","14/05/2026 14:29:34","30009","87609","Completed"
"CS1724727","27/01/2026 15:49:20","","05/02/2026 09:51:59","29897","145097","Completed"
"CS1785724","20/05/2026 13:13:35","","01/06/2026 10:54:39","29850","87450","Completed"
"CS1758643","26/03/2026 14:48:43","","08/04/2026 16:02:37","29766","29766","Completed"
"CS1754286","20/03/2026 14:27:33","","24/03/2026 09:12:19","29746","87882","Completed"
"CS1800571","18/06/2026 16:44:29","","24/06/2026 15:13:07","29731","149917","Completed"
"CS1699017","03/12/2025 16:45:13","","21/12/2025 11:37:26","29687","90781","Completed"
"CS1691017","19/11/2025 11:52:39","","21/11/2025 11:52:08","29658","72858","Completed"
"CS1723686","26/01/2026 14:44:58","03/02/2026 13:13:55","","29518","83905","Paused"
"CS1701404","09/12/2025 10:19:58","","11/12/2025 11:16:52","29326","86926","Completed"
"CS1795125","09/06/2026 09:43:49","10/06/2026 09:52:16","","29307","86907","Paused"
"CS1711647","05/01/2026 10:58:55","","23/01/2026 18:06:10","29245","86845","Completed"
"CS1791153","01/06/2026 15:06:32","","05/06/2026 09:07:18","29208","86808","Completed"
"CS1786105","21/05/2026 09:33:22","","05/06/2026 09:37:26","28925","86525","Completed"
"CS1795124","09/06/2026 09:43:45","","24/06/2026 09:47:27","28906","86506","Completed"
"CS1788071","27/05/2026 11:13:24","","29/05/2026 15:59:34","28855","72055","Completed"
"CS1727935","03/02/2026 08:22:44","","04/02/2026 09:19:11","28801","88637","Completed"
"CS1689975","18/11/2025 08:58:51","","02/12/2025 17:03:28","28800","29071","Completed"
"CS1791339","02/06/2026 08:39:44","","03/06/2026 10:03:08","28800","30598","Completed"
"CS1819044","24/07/2026 08:33:59","","28/07/2026 10:33:23","28800","97060","Completed"
"CS1750143","12/03/2026 17:26:57","","16/03/2026 13:35:04","28800","158530","Completed"
"CS1718362","15/01/2026 16:36:03","","26/01/2026 08:55:15","28772","86372","Completed"
"CS1713322","07/01/2026 12:21:56","","15/01/2026 10:43:22","28759","86359","Completed"
"CS1624118","28/07/2025 11:53:46","","12/08/2025 08:36:43","28726","29047","Completed"
"CS1795144","09/06/2026 09:49:33","","24/06/2026 09:47:27","28623","86223","Completed"
"CS1726132","29/01/2026 14:26:51","","30/01/2026 14:53:11","28605","86205","Completed"
"CS1753891","20/03/2026 09:04:56","","03/04/2026 17:29:27","28504","30223","Completed"
"CS1804701","26/06/2026 14:49:34","","18/07/2026 12:29:26","28488","28488","Completed"
"CS1820474","28/07/2026 09:05:24","28/07/2026 18:22:41","","28476","33437","Paused"
"CS1768661","16/04/2026 09:05:39","","24/04/2026 11:12:04","28461","28672","Completed"
"CS1710744","31/12/2025 14:45:02","","02/01/2026 15:44:36","28411","172411","Completed"
"CS1698991","03/12/2025 16:26:02","","18/12/2025 16:19:26","28294","85894","Completed"
"CS1770255","20/04/2026 10:12:10","","05/05/2026 17:59:26","28285","28285","Completed"
"CS1746630","05/03/2026 16:56:21","","18/03/2026 10:49:19","28068","85668","Completed"
"CS1820486","28/07/2026 09:13:26","28/07/2026 18:20:47","","27994","32841","Paused"
"CS1646974","09/09/2025 14:04:58","","10/09/2025 14:41:20","27805","85405","Completed"
"CS1699151","04/12/2025 09:17:31","","16/12/2025 14:33:39","27749","84954","Completed"
"CS1766240","13/04/2026 11:50:51","","28/04/2026 10:45:12","27529","28358","Completed"
"CS1785326","20/05/2026 07:43:44","","21/05/2026 08:34:59","27482","32058","Completed"
"CS1697532","02/12/2025 09:01:01","","12/12/2025 10:07:44","27280","27280","Completed"
"CS1714592","09/01/2026 09:37:36","","12/01/2026 09:52:58","27255","257655","Completed"
"CS1800682","19/06/2026 09:27:09","","04/07/2026 09:29:26","27171","86458","Completed"
"CS1812100","10/07/2026 10:02:06","","17/07/2026 13:48:42","27128","27128","Completed"
"CS1699981","05/12/2025 10:39:33","","08/12/2025 10:42:17","27021","257421","Completed"
"CS1779651","08/05/2026 09:38:48","","11/05/2026 11:00:07","26778","257178","Completed"
"CS1631860","12/08/2025 10:34:47","","27/08/2025 16:21:26","26458","26458","Completed"
"CS1720456","20/01/2026 12:11:11","","28/01/2026 17:28:23","26349","83949","Completed"
"CS1748664","10/03/2026 16:14:50","","12/03/2026 11:19:38","26160","69360","Completed"
"CS1757658","25/03/2026 11:54:38","","09/04/2026 11:09:27","26073","83673","Completed"
"CS1646261","08/09/2025 15:54:01","","11/09/2025 11:03:31","25984","83584","Completed"
"CS1765350","10/04/2026 14:28:57","","14/04/2026 08:48:32","25961","79961","Completed"
"CS1751269","16/03/2026 12:18:57","","18/03/2026 15:06:06","25954","83554","Completed"
"CS1735008","13/02/2026 11:04:06","","16/02/2026 10:22:53","25934","256334","Completed"
"CS1786713","22/05/2026 09:47:57","","05/06/2026 17:15:26","25923","26812","Completed"
"CS1695295","27/11/2025 09:55:37","","28/11/2025 14:44:41","25838","28490","Completed"
"CS1732806","10/02/2026 12:21:52","","25/02/2026 11:33:27","25836","83436","Completed"
"CS1786661","22/05/2026 09:06:31","","26/05/2026 23:57:48","25827","28490","Completed"
"CS1753460","19/03/2026 11:48:04","","24/03/2026 10:02:03","25800","25800","Completed"
"CS1771319","21/04/2026 12:04:32","","05/05/2026 14:44:30","25721","25721","Completed"
"CS1719272","19/01/2026 09:13:22","","03/02/2026 09:15:27","25580","25580","Completed"
"CS1678645","28/10/2025 17:23:32","","29/10/2025 17:53:55","25494","81682","Completed"
"CS1799132","16/06/2026 15:24:56","","01/07/2026 12:59:26","25464","77664","Completed"
"CS1776557","01/05/2026 09:56:12","","30/05/2026 00:11:26","25428","92515","Completed"
"CS1714722","09/01/2026 10:42:03","","15/01/2026 11:29:01","25374","255774","Completed"
"CS1810242","07/07/2026 13:28:25","","23/07/2026 11:07:27","25314","82914","Completed"
"CS1701901","09/12/2025 16:28:07","","25/12/2025 13:39:27","25304","82904","Completed"
"CS1760471","31/03/2026 10:42:52","","15/04/2026 10:35:26","25297","82897","Completed"
"CS1736457","16/02/2026 13:33:25","","24/02/2026 17:45:27","25287","82887","Completed"
"CS1692016","20/11/2025 14:48:41","","28/11/2025 11:03:21","25252","84926","Completed"
"CS1732980","10/02/2026 14:32:19","","17/04/2026 04:45:27","25247","82847","Completed"
"CS1668623","13/10/2025 09:39:47","","04/11/2025 12:33:27","25175","27057","Completed"
"CS1733844","11/02/2026 14:28:53","","26/02/2026 12:03:12","24996","30808","Completed"
"CS1748668","10/03/2026 16:21:41","","13/03/2026 10:16:25","24833","68033","Completed"
"CS1685471","10/11/2025 11:33:37","","25/11/2025 11:13:28","24581","82181","Completed"
"CS1632676","13/08/2025 10:53:26","","19/08/2025 13:35:51","24516","82116","Completed"
"CS1654215","22/09/2025 16:04:16","","23/09/2025 16:52:04","24329","67529","Completed"
"CS1752023","17/03/2026 12:12:07","","15/04/2026 03:41:26","24268","81868","Completed"
"CS1647429","10/09/2025 10:25:09","","11/09/2025 10:50:18","24260","24260","Completed"
"CS1776586","01/05/2026 10:16:31","","04/05/2026 12:36:10","24209","26228","Completed"
"CS1676412","24/10/2025 10:17:13","","07/11/2025 18:01:26","24167","27749","Completed"
"CS1682826","05/11/2025 10:19:30","","11/11/2025 08:28:36","24030","26339","Completed"
"CS1631088","11/08/2025 10:20:07","","25/08/2025 17:17:26","23993","25012","Completed"
"CS1701762","09/12/2025 14:32:31","10/12/2025 13:12:19","","23988","81588","Paused"
"CS1702179","10/12/2025 10:21:39","","16/12/2025 14:35:13","23901","25699","Completed"
"CS1791029","01/06/2026 13:19:18","","03/06/2026 14:47:53","23814","23814","Completed"
"CS1761883","02/04/2026 08:26:13","","23/04/2026 10:07:26","23612","27821","Completed"
"CS1793751","05/06/2026 10:27:39","","19/06/2026 18:03:26","23541","27320","Completed"
"CS1733387","11/02/2026 09:37:52","","25/02/2026 11:25:35","23524","23524","Completed"
"CS1696086","28/11/2025 10:29:42","","21/12/2025 11:39:26","23418","26293","Completed"
"CS1693954","25/11/2025 11:06:57","","04/12/2025 13:16:52","23281","24309","Completed"
"CS1814492","15/07/2026 15:15:24","","16/07/2026 09:42:38","23234","66434","Completed"
"CS1804692","26/06/2026 14:44:00","","14/07/2026 14:01:26","23227","23227","Completed"
"CS1658301","29/09/2025 13:12:32","","07/10/2025 09:55:13","23158","66358","Completed"
"CS1692479","21/11/2025 11:28:34","","10/12/2025 15:35:26","23072","253472","Completed"
"CS1635948","19/08/2025 14:10:47","","20/08/2025 13:14:29","22980","23441","Completed"
"CS1721276","21/01/2026 12:32:42","","06/02/2026 10:57:27","22703","80303","Completed"
"CS1800627","19/06/2026 08:42:02","","03/07/2026 15:01:26","22658","22658","Completed"
"CS1800627","19/06/2026 08:42:02","","03/07/2026 15:01:26","22658","22658","Completed"
"CS1645975","08/09/2025 12:45:26","","09/09/2025 11:26:34","22654","80254","Completed"
"CS1774712","28/04/2026 13:02:31","","13/05/2026 11:21:27","22629","80229","Completed"
"CS1748333","10/03/2026 11:33:29","","11/03/2026 10:08:58","22609","26490","Completed"
"CS1773766","27/04/2026 10:08:14","","01/05/2026 10:37:00","22490","22490","Completed"
"CS1773766","27/04/2026 10:08:14","","01/05/2026 10:37:00","22490","22490","Completed"
"CS1717477","14/01/2026 15:01:53","","15/01/2026 10:18:01","22455","65655","Completed"
"CS1793772","05/06/2026 10:46:26","","08/06/2026 11:02:55","22414","23526","Completed"
"CS1780084","08/05/2026 15:34:38","","25/05/2026 13:53:27","22356","252756","Completed"
"CS1751152","16/03/2026 11:38:02","","02/04/2026 12:37:27","22220","22220","Completed"
"CS1707679","22/12/2025 08:47:18","","22/12/2025 15:19:22","22154","22154","Completed"
"CS1690626","18/11/2025 16:02:19","","04/12/2025 16:03:26","22150","79750","Completed"
"CS1620919","22/07/2025 16:30:33","","06/08/2025 10:43:26","22130","61730","Completed"
"CS1674880","22/10/2025 11:44:34","","13/11/2025 17:03:26","21960","79560","Completed"
"CS1702798","10/12/2025 16:33:59","","11/12/2025 14:59:49","21918","79518","Completed"
"CS1782619","14/05/2026 10:02:16","","21/05/2026 10:32:36","21761","21761","Completed"
"CS1683831","06/11/2025 12:19:53","","11/11/2025 10:36:31","21704","79304","Completed"
"CS1702128","10/12/2025 09:53:07","","24/12/2025 15:53:26","21529","21529","Completed"
"CS1819431","24/07/2026 14:44:30","","27/07/2026 14:00:21","21475","21475","Completed"
"CS1730708","06/02/2026 11:02:14","","21/02/2026 12:51:27","21466","92852","Completed"
"CS1754412","20/03/2026 16:44:20","","24/03/2026 14:12:00","21454","251854","Completed"
"CS1775595","29/04/2026 15:09:29","","08/05/2026 16:14:35","21453","22188","Completed"
"CS1691257","19/11/2025 14:55:25","","12/12/2025 08:49:26","21058","135377","Completed"
"CS1631445","11/08/2025 14:45:55","","02/09/2025 13:13:26","21051","78249","Completed"
"CS1687287","12/11/2025 13:02:49","","13/11/2025 14:21:05","21014","75762","Completed"
"CS1690230","18/11/2025 11:10:26","","19/11/2025 15:52:12","20974","21243","Completed"
"CS1637256","21/08/2025 11:43:06","","05/09/2025 09:33:26","20904","78504","Completed"
"CS1646749","09/09/2025 11:47:44","","24/09/2025 10:33:09","20858","78458","Completed"
"CS1786930","22/05/2026 12:40:17","","26/05/2026 10:27:50","20853","337653","Completed"
"CS1680519","31/10/2025 11:19:23","","10/11/2025 10:47:53","20836","20836","Completed"
"CS1680385","31/10/2025 10:04:28","","03/11/2025 10:36:58","20798","21741","Completed"
"CS1645079","05/09/2025 11:49:51","","15/09/2025 10:36:35","20710","21380","Completed"
"CS1768786","16/04/2026 10:10:25","","16/04/2026 16:59:23","20519","20519","Completed"
"CS1635175","18/08/2025 13:16:16","","19/08/2025 12:28:56","20504","78104","Completed"
"CS1710962","02/01/2026 10:21:45","","23/01/2026 10:19:26","20501","20501","Completed"
"CS1819231","24/07/2026 11:18:40","25/07/2026 16:56:49","","20480","106689","Paused"
"CS1645985","08/09/2025 12:50:58","","23/09/2025 11:45:26","20468","23470","Completed"
"CS1667058","09/10/2025 11:57:27","","22/10/2025 08:28:32","20106","21528","Completed"
"CS1717816","15/01/2026 10:16:51","","20/01/2026 14:27:52","20070","20070","Completed"
"CS1667007","09/10/2025 11:25:50","","16/10/2025 10:52:09","20050","21487","Completed"
"CS1703719","12/12/2025 10:27:27","","22/12/2025 10:37:26","20048","20048","Completed"
"CS1799517","17/06/2026 11:27:03","","18/06/2026 07:39:57","19977","26042","Completed"
"CS1689811","17/11/2025 16:02:42","","02/12/2025 17:03:27","19865","20106","Completed"
"CS1789916","29/05/2026 09:35:06","","12/06/2026 15:07:26","19859","19859","Completed"
"CS1697585","02/12/2025 09:35:28","","03/12/2025 17:44:28","19816","19816","Completed"
"CS1699355","04/12/2025 11:34:25","","19/12/2025 09:23:26","19727","22088","Completed"
"CS1717826","15/01/2026 10:20:36","","16/01/2026 16:53:51","19713","19713","Completed"
"CS1779849","08/05/2026 11:34:17","","11/05/2026 08:17:30","19543","21055","Completed"
"CS1728052","03/02/2026 09:30:50","","04/02/2026 14:08:55","19508","19508","Completed"
"CS1789647","28/05/2026 14:55:34","","01/06/2026 10:46:20","19460","77060","Completed"
"CS1649150","12/09/2025 11:38:26","","26/09/2025 17:11:27","19294","19936","Completed"
"CS1809168","06/07/2026 09:56:33","","06/07/2026 15:50:46","19149","19149","Completed"
"CS1686110","11/11/2025 10:03:35","","12/11/2025 12:21:18","19141","19141","Completed"
"CS1751543","16/03/2026 15:35:22","","17/03/2026 14:07:26","19101","76701","Completed"
"CS1773247","24/04/2026 11:32:56","","24/04/2026 16:58:47","19092","19092","Completed"
"CS1689965","18/11/2025 08:40:32","","21/11/2025 16:44:25","19037","77805","Completed"
"CS1761460","01/04/2026 11:43:36","","02/04/2026 15:29:22","18984","19157","Completed"
"CS1704644","15/12/2025 13:43:11","","31/12/2025 17:29:27","18946","19006","Completed"
"CS1751547","16/03/2026 15:37:52","","17/03/2026 14:07:35","18912","76512","Completed"
"CS1778927","07/05/2026 11:44:59","","21/05/2026 18:49:26","18901","25415","Completed"
"CS1738697","19/02/2026 13:59:48","","25/02/2026 17:23:35","18885","76485","Completed"
"CS1710852","02/01/2026 08:46:10","","16/01/2026 14:45:26","18857","19687","Completed"
"CS1629105","06/08/2025 11:51:34","","07/08/2025 11:07:31","18815","18815","Completed"
"CS1800864","19/06/2026 11:46:32","","23/06/2026 13:02:36","18808","83820","Completed"
"CS1780518","11/05/2026 11:40:28","","12/05/2026 13:15:26","18727","75684","Completed"
"CS1626915","01/08/2025 11:48:05","","18/08/2025 08:59:26","18715","248971","Completed"
"CS1800867","19/06/2026 11:48:22","","23/06/2026 12:57:33","18698","86836","Completed"
"CS1801284","22/06/2026 09:25:33","","06/07/2026 14:35:28","18579","18579","Completed"
"CS1635279","18/08/2025 14:34:58","","19/08/2025 11:46:33","18566","76166","Completed"
"CS1697799","02/12/2025 11:40:26","","10/12/2025 09:04:51","18506","74461","Completed"
"CS1778961","07/05/2026 11:51:37","","11/05/2026 14:31:27","18503","22518","Completed"
"CS1780133","08/05/2026 16:19:36","","11/05/2026 13:51:48","18500","248900","Completed"
"CS1773227","24/04/2026 11:13:53","","27/04/2026 08:48:59","18400","18400","Completed"
"CS1711470","05/01/2026 09:18:03","","19/01/2026 08:49:27","18328","18328","Completed"
"CS1790808","01/06/2026 11:16:17","","15/06/2026 16:23:26","18326","18326","Completed"
"CS1632245","12/08/2025 15:08:50","","14/08/2025 16:10:16","18308","75908","Completed"
"CS1639047","27/08/2025 09:26:17","","09/09/2025 09:16:54","18089","18089","Completed"
"CS1809753","06/07/2026 17:27:08","","15/07/2026 11:40:41","18045","74017","Completed"
"CS1776864","01/05/2026 13:21:20","","08/05/2026 11:05:47","17954","334754","Completed"
"CS1704815","15/12/2025 16:00:20","","30/12/2025 16:37:27","17916","75516","Completed"
"CS1661851","02/10/2025 12:01:27","","03/10/2025 08:42:03","17913","74436","Completed"
"CS1810489","07/07/2026 16:57:23","","15/07/2026 16:50:04","17888","75488","Completed"
"CS1715406","12/01/2026 09:56:47","","12/01/2026 15:53:33","17827","17827","Completed"
"CS1670912","15/10/2025 16:38:41","","18/10/2025 12:37:52","17638","60838","Completed"
"CS1629594","07/08/2025 09:40:03","","13/08/2025 15:44:27","17608","17608","Completed"
"CS1764439","09/04/2026 12:06:35","","16/04/2026 09:06:43","17605","21889","Completed"
"CS1656221","25/09/2025 10:09:47","","06/10/2025 09:56:43","17586","17586","Completed"
"CS1704628","15/12/2025 13:32:25","","30/12/2025 10:23:27","17431","75031","Completed"
"CS1641699","01/09/2025 10:52:43","","15/09/2025 15:43:29","17389","17389","Completed"
"CS1687950","13/11/2025 11:38:41","","14/11/2025 09:31:02","17295","74895","Completed"
"CS1716558","13/01/2026 14:22:13","","14/01/2026 12:07:19","17200","74800","Completed"
"CS1659267","30/09/2025 12:15:37","","01/10/2025 08:43:40","17063","17744","Completed"
"CS1686677","11/11/2025 15:55:35","","12/11/2025 13:44:12","16987","16987","Completed"
"CS1813628","14/07/2026 12:18:22","","20/07/2026 09:59:29","16898","19760","Completed"
"CS1674945","22/10/2025 12:20:06","","05/11/2025 17:31:27","16794","18591","Completed"
"CS1722740","23/01/2026 12:19:06","","26/01/2026 14:22:59","16732","16732","Completed"
"CS1624372","28/07/2025 15:30:47","","01/08/2025 10:51:03","16708","74308","Completed"
"CS1797254","12/06/2026 10:49:52","","16/06/2026 10:49:56","16666","16666","Completed"
"CS1665333","07/10/2025 14:52:38","","08/10/2025 12:06:43","16654","74254","Completed"
"CS1682231","04/11/2025 12:49:00","","13/11/2025 14:53:19","16652","16786","Completed"
"CS1690275","18/11/2025 11:34:34","","19/11/2025 10:15:55","16571","16571","Completed"
"CS1619657","21/07/2025 14:17:00","","04/08/2025 16:42:34","16570","74170","Completed"
"CS1693220","24/11/2025 11:47:10","","26/11/2025 16:45:31","16562","16562","Completed"
"CS1811316","09/07/2026 09:39:39","","23/07/2026 14:15:26","16465","16465","Completed"
"CS1718077","15/01/2026 12:47:24","","30/01/2026 09:21:28","16424","74024","Completed"
"CS1639002","27/08/2025 08:54:29","","10/09/2025 13:33:27","16375","16706","Completed"
"CS1723125","26/01/2026 08:49:36","","09/02/2026 13:31:28","16247","16871","Completed"
"CS1736961","17/02/2026 10:05:19","","20/02/2026 09:40:28","16165","16165","Completed"
"CS1659814","30/09/2025 17:01:33","","16/10/2025 14:11:27","16089","73849","Completed"
"CS1780622","11/05/2026 12:53:25","","14/05/2026 10:52:07","16071","16071","Completed"
"CS1756814","24/03/2026 11:06:25","","07/04/2026 15:33:33","15990","15990","Completed"
"CS1738647","19/02/2026 12:58:31","","09/03/2026 16:25:29","15968","73568","Completed"
"CS1760544","31/03/2026 11:20:36","","08/04/2026 08:37:57","15967","15967","Completed"
"CS1818350","23/07/2026 10:19:51","","23/07/2026 15:17:27","15937","15937","Completed"
"CS1700204","05/12/2025 14:00:18","","08/12/2025 10:27:51","15908","246308","Completed"
"CS1684848","07/11/2025 13:52:05","","24/11/2025 10:17:28","15889","246289","Completed"
"CS1689497","17/11/2025 11:52:25","","18/11/2025 10:24:58","15885","18637","Completed"
"CS1752329","17/03/2026 17:27:50","","01/04/2026 13:25:26","15869","63137","Completed"
"CS1713183","07/01/2026 10:57:52","","07/01/2026 15:47:20","15784","15784","Completed"
"CS1684639","07/11/2025 12:04:34","","10/11/2025 14:08:30","15677","15677","Completed"
"CS1816698","20/07/2026 15:47:14","","27/07/2026 15:56:32","15667","73267","Completed"
"CS1668937","13/10/2025 12:39:54","","14/10/2025 08:00:40","15606","69646","Completed"
"CS1683860","06/11/2025 12:40:08","","20/11/2025 17:33:26","15592","17542","Completed"
"CS1662543","03/10/2025 09:20:03","","17/10/2025 13:41:26","15573","15573","Completed"
"CS1687242","12/11/2025 12:31:59","","03/12/2025 10:59:26","15554","72924","Completed"
"CS1687259","12/11/2025 12:41:10","","26/11/2025 17:13:26","15530","16292","Completed"
"CS1690867","19/11/2025 10:09:35","","03/12/2025 14:35:27","15509","15509","Completed"
"CS1626980","01/08/2025 12:41:33","","07/08/2025 10:45:23","15507","245086","Completed"
"CS1624954","29/07/2025 13:02:52","","27/08/2025 09:57:28","15481","124522","Completed"
"CS1809876","07/07/2026 09:39:08","","15/07/2026 11:40:42","15334","15334","Completed"
"CS1716452","13/01/2026 12:53:53","20/01/2026 10:50:40","","15234","16316","Paused"
"CS1641933","01/09/2025 12:20:31","","04/09/2025 10:58:52","15204","15204","Completed"
"CS1812166","10/07/2026 10:40:30","","24/07/2026 14:51:26","14990","14990","Completed"
"CS1805103","29/06/2026 10:19:45","","30/06/2026 14:53:38","14955","14955","Completed"
"CS1690409","18/11/2025 12:51:37","","25/11/2025 12:05:42","14903","15002","Completed"
"CS1753822","19/03/2026 17:35:34","","23/03/2026 10:10:39","14887","70353","Completed"
"CS1627683","04/08/2025 12:36:38","","07/08/2025 10:38:54","14882","14882","Completed"
"CS1670551","15/10/2025 12:21:13","","15/10/2025 16:31:27","14854","14854","Completed"
"CS1761345","01/04/2026 10:37:05","","15/04/2026 14:45:27","14799","14799","Completed"
"CS1779983","08/05/2026 13:44:55","","18/05/2026 13:28:18","14702","14702","Completed"
"CS1779983","08/05/2026 13:44:55","","18/05/2026 13:28:18","14702","14702","Completed"
"CS1633488","14/08/2025 11:04:32","","28/08/2025 15:23:26","14573","14573","Completed"
"CS1731020","06/02/2026 15:04:12","","16/02/2026 10:26:47","14549","17477","Completed"
"CS1737693","18/02/2026 10:04:34","","18/02/2026 14:06:46","14532","14532","Completed"
"CS1656137","25/09/2025 09:29:08","","02/10/2025 11:03:17","14525","14525","Completed"
"CS1812327","10/07/2026 12:57:35","","15/07/2026 11:40:48","14392","79200","Completed"
"CS1712716","06/01/2026 14:59:16","","23/01/2026 14:17:28","14382","71982","Completed"
"CS1809884","07/07/2026 09:41:42","","28/07/2026 08:15:20","14296","14296","Completed"
"CS1661605","02/10/2025 10:26:02","","09/10/2025 10:51:36","14289","14289","Completed"
"CS1652062","18/09/2025 09:04:25","","02/10/2025 13:01:27","14182","14182","Completed"
"CS1638533","26/08/2025 11:26:56","","08/09/2025 11:46:47","14133","14133","Completed"
"CS1689271","17/11/2025 09:51:55","","03/12/2025 10:51:27","14064","14064","Completed"
"CS1632659","13/08/2025 10:42:41","","13/08/2025 14:55:10","14060","14060","Completed"
"CS1751874","17/03/2026 10:33:15","","24/03/2026 12:15:43","13965","13965","Completed"
"CS1661056","01/10/2025 15:17:19","","07/10/2025 16:32:59","13958","71558","Completed"
"CS1795307","09/06/2026 11:29:35","","23/06/2026 15:21:27","13850","13850","Completed"
"CS1646671","09/09/2025 10:59:35","","16/09/2025 09:26:18","13802","13802","Completed"
"CS1667317","09/10/2025 14:53:24","","10/10/2025 10:51:32","13767","71367","Completed"
"CS1798315","15/06/2026 15:03:31","","30/06/2026 11:57:26","13756","64570","Completed"
"CS1788041","27/05/2026 10:50:16","","01/06/2026 10:36:00","13693","71293","Completed"
"CS1652572","18/09/2025 15:21:45","","22/09/2025 11:51:49","13655","71255","Completed"
"CS1643533","03/09/2025 11:34:19","","17/09/2025 15:21:26","13625","13625","Completed"
"CS1733537","11/02/2026 11:04:40","","11/02/2026 15:31:42","13604","13604","Completed"
"CS1820711","28/07/2026 11:20:49","28/07/2026 15:04:57","","13448","13448","Paused"
"CS1625151","29/07/2025 15:44:26","","14/08/2025 15:53:27","13372","13372","Completed"
"CS1739483","20/02/2026 13:17:25","","07/03/2026 11:25:26","13355","79657","Completed"
"CS1632648","13/08/2025 10:38:08","","13/08/2025 16:41:53","13354","13354","Completed"
"CS1812648","13/07/2026 08:39:18","","28/07/2026 08:57:26","13338","15189","Completed"
"CS1634862","18/08/2025 09:55:44","","20/08/2025 10:56:24","13335","13335","Completed"
"CS1625730","30/07/2025 14:20:38","","31/07/2025 11:27:22","13295","70895","Completed"
"CS1653353","19/09/2025 16:46:31","","02/10/2025 10:43:07","13272","246896","Completed"
"CS1692646","21/11/2025 14:03:05","","02/12/2025 11:40:58","13249","243649","Completed"
"CS1624901","29/07/2025 12:33:54","","12/08/2025 16:15:26","13235","13235","Completed"
"CS1698765","03/12/2025 13:06:39","","08/12/2025 14:57:53","13161","70761","Completed"
"CS1750760","15/03/2026 11:59:30","","29/03/2026 15:39:26","13103","13103","Completed"
"CS1702730","10/12/2025 15:33:22","","16/12/2025 08:52:44","13089","13089","Completed"
"CS1762041","02/04/2026 10:18:51","","02/04/2026 15:39:54","13085","13085","Completed"
"CS1695320","27/11/2025 10:06:32","","28/11/2025 10:12:06","13060","13060","Completed"
"CS1804702","26/06/2026 14:51:17","","30/06/2026 12:57:53","13019","243419","Completed"
"CS1777723","05/05/2026 14:50:37","","11/05/2026 14:35:30","12984","70584","Completed"
"CS1758305","26/03/2026 10:39:40","","26/03/2026 14:18:42","12980","12980","Completed"
"CS1643738","03/09/2025 13:59:57","","05/09/2025 13:27:30","12861","12861","Completed"
"CS1620344","22/07/2025 11:03:30","","13/08/2025 08:29:26","12836","12836","Completed"
"CS1784151","18/05/2026 10:42:30","","19/05/2026 11:43:52","12825","12825","Completed"
"CS1641743","01/09/2025 11:06:42","","02/09/2025 12:07:32","12788","12788","Completed"
"CS1696285","28/11/2025 12:52:38","","01/12/2025 09:14:23","12776","12776","Completed"
"CS1723496","26/01/2026 12:11:40","","27/01/2026 09:22:26","12743","12743","Completed"
"CS1729669","05/02/2026 08:41:44","","06/02/2026 11:01:29","12706","13802","Completed"
"CS1705212","16/12/2025 11:57:51","","17/12/2025 08:30:11","12651","12651","Completed"
"CS1716015","13/01/2026 08:12:08","","27/01/2026 16:43:27","12650","15522","Completed"
"CS1650452","16/09/2025 09:00:11","","25/09/2025 10:15:04","12640","12640","Completed"
"CS1716838","14/01/2026 09:08:44","","19/01/2026 12:15:11","12567","12567","Completed"
"CS1774400","28/04/2026 09:31:22","","28/04/2026 13:01:18","12484","12484","Completed"
"CS1634405","15/08/2025 13:00:51","","19/08/2025 09:55:17","12392","12392","Completed"
"CS1728330","03/02/2026 11:34:47","","04/02/2026 19:00:18","12391","12391","Completed"
"CS1705627","17/12/2025 08:57:06","","01/01/2026 16:59:27","12385","12559","Completed"
"CS1758104","26/03/2026 08:06:20","","26/03/2026 15:02:43","12381","15601","Completed"
"CS1791406","02/06/2026 09:29:16","","08/06/2026 10:48:24","12359","12359","Completed"
"CS1690451","18/11/2025 13:37:37","","19/11/2025 08:59:30","12143","12493","Completed"
"CS1788232","27/05/2026 13:39:44","","03/06/2026 10:35:19","12016","16120","Completed"
"CS1666890","09/10/2025 10:29:52","","09/10/2025 16:28:02","11994","11994","Completed"
"CS1779516","07/05/2026 16:20:09","","22/05/2026 09:39:26","11954","62354","Completed"
"CS1759583","30/03/2026 08:49:07","","01/04/2026 13:05:27","11827","12480","Completed"
"CS1723744","26/01/2026 15:29:57","","10/02/2026 15:09:26","11758","11758","Completed"
"CS1788158","27/05/2026 12:25:50","","03/06/2026 18:56:28","11746","11746","Completed"
"CS1787734","26/05/2026 15:35:15","","27/05/2026 11:46:28","11724","67510","Completed"
"CS1658211","29/09/2025 12:15:55","","06/10/2025 10:40:30","11703","11703","Completed"
"CS1759188","27/03/2026 11:58:36","","31/03/2026 09:12:16","11668","11668","Completed"
"CS1740952","24/02/2026 13:29:53","","06/03/2026 11:42:42","11610","11610","Completed"
"CS1646257","08/09/2025 15:50:12","","07/10/2025 00:51:26","11587","69187","Completed"
"CS1764530","09/04/2026 13:27:09","","10/04/2026 11:25:44","11573","11573","Completed"
"CS1662424","02/10/2025 17:58:40","","06/10/2025 12:15:43","11523","65603","Completed"
"CS1628615","05/08/2025 15:23:24","","20/08/2025 10:35:26","11461","69061","Completed"
"CS1691064","19/11/2025 12:25:32","","20/11/2025 15:20:24","11409","11409","Completed"
"CS1786970","22/05/2026 13:20:16","","26/05/2026 09:04:33","11354","11354","Completed"
"CS1750046","12/03/2026 15:28:35","","13/03/2026 10:45:39","11324","68924","Completed"
"CS1685281","10/11/2025 09:46:01","","17/11/2025 10:51:51","11289","11289","Completed"
"CS1649175","12/09/2025 12:02:29","","18/09/2025 12:01:01","11285","12487","Completed"
"CS1747255","07/03/2026 09:35:32","","17/03/2026 14:34:30","11266","11266","Completed"
"CS1713375","07/01/2026 12:54:40","","14/01/2026 11:40:04","11262","11262","Completed"
"CS1671538","16/10/2025 13:53:43","","31/10/2025 08:11:28","11177","65744","Completed"
"CS1820926","28/07/2026 13:54:38","28/07/2026 17:14:00","","11122","11962","Paused"
"CS1698309","02/12/2025 20:32:38","","10/12/2025 11:14:40","11108","55950","Completed"
"CS1697103","01/12/2025 13:01:43","","18/12/2025 17:45:27","11083","11083","Completed"
"CS1731581","09/02/2026 10:41:35","","22/05/2026 09:53:39","11075","11075","Completed"
"CS1656124","25/09/2025 09:20:48","","09/10/2025 12:25:28","11052","11052","Completed"
"CS1700441","07/12/2025 08:46:24","","21/12/2025 11:51:26","11050","11050","Completed"
"CS1715079","09/01/2026 15:21:42","","12/01/2026 10:54:37","11046","241446","Completed"
"CS1801848","22/06/2026 17:19:57","","03/07/2026 16:41:54","11038","13488","Completed"
"CS1693609","24/11/2025 16:40:02","25/11/2025 12:08:00","","10962","10962","Paused"
"CS1747449","09/03/2026 10:20:23","","23/03/2026 13:23:29","10889","10889","Completed"
"CS1748632","10/03/2026 15:43:32","","30/03/2026 11:46:01","10880","12307","Completed"
"CS1810711","08/07/2026 10:32:03","","09/07/2026 14:43:02","10877","10877","Completed"
"CS1691223","19/11/2025 14:25:37","","20/11/2025 10:43:26","10825","68425","Completed"
"CS1740975","24/02/2026 13:53:19","","24/02/2026 16:56:07","10791","10791","Completed"
"CS1683973","06/11/2025 14:00:18","","07/11/2025 11:56:47","10789","14869","Completed"
"CS1743267","27/02/2026 14:00:15","","27/02/2026 17:15:23","10785","11708","Completed"
"CS1789113","28/05/2026 10:19:42","","28/05/2026 14:45:06","10736","10736","Completed"
"CS1708695","23/12/2025 14:44:40","","05/01/2026 15:37:38","10728","68328","Completed"
"CS1692498","21/11/2025 11:46:23","","21/11/2025 16:02:19","10725","10725","Completed"
"CS1658261","29/09/2025 12:44:29","","29/09/2025 15:59:55","10710","10710","Completed"
"CS1745208","04/03/2026 09:43:50","","18/03/2026 12:43:28","10697","10697","Completed"
"CS1801468","22/06/2026 11:18:48","","22/06/2026 15:00:22","10697","10697","Completed"
"CS1653049","19/09/2025 11:51:32","","19/09/2025 14:55:02","10674","10674","Completed"
"CS1759727","30/03/2026 10:15:52","","14/04/2026 14:47:27","10590","10590","Completed"
"CS1693049","24/11/2025 10:15:49","","08/12/2025 13:13:26","10575","10575","Completed"
"CS1690288","18/11/2025 11:40:14","","02/12/2025 09:21:53","10552","10552","Completed"
"CS1809104","06/07/2026 09:13:00","","21/07/2026 08:29:26","10536","66229","Completed"
"CS1658102","29/09/2025 11:11:38","","13/10/2025 17:35:27","10458","10458","Completed"
"CS1759089","27/03/2026 11:12:21","","10/04/2026 14:55:26","10451","10451","Completed"
"CS1733032","10/02/2026 15:20:19","","17/02/2026 09:21:43","10450","68050","Completed"
"CS1641693","01/09/2025 10:51:45","","08/09/2025 11:46:34","10405","68005","Completed"
"CS1646443","09/09/2025 09:12:09","","09/09/2025 17:29:53","10370","10370","Completed"
"CS1725375","28/01/2026 14:07:18","","28/01/2026 21:16:15","10362","11148","Completed"
"CS1626996","01/08/2025 12:53:33","","15/08/2025 15:47:26","10344","10344","Completed"
"CS1639521","27/08/2025 15:27:17","","28/08/2025 14:28:16","10312","11640","Completed"
"CS1639359","27/08/2025 12:47:33","","10/09/2025 15:39:26","10283","10283","Completed"
"CS1721395","21/01/2026 14:03:26","","22/01/2026 14:02:45","10248","11396","Completed"
"CS1717565","14/01/2026 16:26:59","","30/01/2026 09:23:27","10247","60647","Completed"
"CS1757638","25/03/2026 11:38:23","","26/03/2026 09:51:38","10239","10239","Completed"
"CS1763126","07/04/2026 13:27:01","","10/04/2026 11:24:46","10212","10212","Completed"
"CS1738259","19/02/2026 08:38:11","","19/02/2026 12:04:27","10189","11498","Completed"
"CS1668217","10/10/2025 17:35:36","","13/10/2025 11:49:37","10177","238441","Completed"
"CS1796840","11/06/2026 14:03:19","","25/06/2026 17:15:27","10162","11002","Completed"
"CS1652196","18/09/2025 10:40:35","","02/10/2025 13:31:26","10158","10158","Completed"
"CS1762122","02/04/2026 11:09:08","","15/04/2026 10:56:23","10133","10133","Completed"
"CS1682045","04/11/2025 10:59:13","","04/11/2025 14:03:26","10131","10131","Completed"
"CS1630950","11/08/2025 09:12:29","","11/08/2025 15:30:18","10129","10129","Completed"
"CS1708682","23/12/2025 14:31:35","","12/01/2026 10:33:26","10093","11078","Completed"
"CS1767797","15/04/2026 09:11:20","","01/05/2026 18:09:26","10088","10088","Completed"
"CS1640002","28/08/2025 11:42:21","","28/08/2025 14:29:52","9984","9984","Completed"
"CS1733780","11/02/2026 13:34:26","","26/02/2026 18:03:27","9951","9951","Completed"
"CS1709599","29/12/2025 13:32:26","","12/01/2026 10:58:21","9904","12092","Completed"
"CS1720183","20/01/2026 09:40:08","","20/01/2026 12:29:35","9865","9865","Completed"
"CS1819410","24/07/2026 14:16:47","25/07/2026 18:30:28","","9793","101621","Paused"
"CS1645934","08/09/2025 12:26:24","","11/09/2025 10:37:44","9773","9773","Completed"
"CS1738613","19/02/2026 12:29:08","","05/03/2026 16:57:28","9733","9733","Completed"
"CS1621020","23/07/2025 08:14:11","","11/08/2025 14:23:26","9714","12463","Completed"
"CS1793435","04/06/2026 14:51:56","","19/06/2026 09:33:27","9684","67284","Completed"
"CS1629094","06/08/2025 11:41:11","","07/08/2025 09:14:17","9669","9669","Completed"
"CS1722009","22/01/2026 12:09:54","","11/03/2026 01:55:26","9653","9653","Completed"
"CS1662000","02/10/2025 13:20:09","","16/10/2025 16:01:26","9653","9653","Completed"
"CS1807799","02/07/2026 10:59:54","","19/07/2026 15:15:26","9621","9621","Completed"
"CS1706699","18/12/2025 11:35:03","","29/12/2025 13:35:29","9465","9465","Completed"
"CS1819419","24/07/2026 14:23:32","25/07/2026 14:02:46","","9388","85154","Paused"
"CS1694974","26/11/2025 14:23:32","","27/11/2025 09:30:04","9388","10336","Completed"
"CS1719085","16/01/2026 16:13:06","","26/01/2026 11:04:59","9382","239782","Completed"
"CS1670413","15/10/2025 10:57:26","","15/10/2025 14:31:31","9376","9376","Completed"
"CS1694976","26/11/2025 14:24:16","","27/11/2025 13:05:44","9344","12659","Completed"
"CS1639707","28/08/2025 09:13:02","","28/08/2025 11:51:46","9316","9316","Completed"
"CS1727925","03/02/2026 08:13:29","","03/02/2026 11:57:53","9277","12068","Completed"
"CS1623872","28/07/2025 09:32:51","","11/08/2025 12:07:31","9210","9210","Completed"
"CS1781249","12/05/2026 10:54:02","","12/05/2026 13:32:17","9180","9180","Completed"
"CS1681330","03/11/2025 12:24:37","","05/11/2025 08:58:45","9176","9176","Completed"
"CS1814136","15/07/2026 10:24:11","","20/07/2026 10:55:41","9138","9138","Completed"
"CS1642071","01/09/2025 13:46:35","","02/09/2025 09:45:10","9087","9087","Completed"
"CS1643920","03/09/2025 16:19:21","","04/09/2025 16:27:09","9061","11812","Completed"
"CS1715610","12/01/2026 11:55:42","","13/01/2026 08:53:13","9014","9014","Completed"
"CS1681961","04/11/2025 10:16:45","","11/11/2025 12:42:54","8969","8985","Completed"
"CS1699098","04/12/2025 07:57:25","","18/12/2025 11:29:27","8967","12722","Completed"
"CS1706659","18/12/2025 11:15:27","","18/12/2025 14:10:46","8939","8939","Completed"
"CS1616158","16/07/2025 09:21:53","","30/07/2025 17:27:26","8902","8902","Completed"
"CS1658996","30/09/2025 10:37:16","","14/10/2025 13:05:26","8867","8867","Completed"
"CS1652435","18/09/2025 13:49:58","","18/09/2025 16:49:14","8853","8853","Completed"
"CS1704138","13/12/2025 08:47:38","","18/12/2025 10:58:10","8831","182373","Completed"
"CS1759574","30/03/2026 08:42:01","","31/03/2026 12:22:57","8819","9898","Completed"
"CS1716579","13/01/2026 14:44:00","","27/01/2026 09:15:26","8773","66373","Completed"
"CS1750779","16/03/2026 07:42:54","","16/03/2026 11:48:51","8741","13367","Completed"
"CS1716823","14/01/2026 09:02:50","","19/01/2026 08:48:05","8705","8705","Completed"
"CS1786029","21/05/2026 08:29:24","","21/05/2026 11:24:29","8669","10505","Completed"
"CS1734957","13/02/2026 10:29:11","","13/03/2026 02:01:26","8566","8566","Completed"
"CS1693374","24/11/2025 13:18:50","","05/12/2025 11:20:32","8560","8560","Completed"
"CS1784704","19/05/2026 09:20:36","","02/06/2026 11:43:26","8559","8559","Completed"
"CS1637305","21/08/2025 12:14:02","","04/09/2025 15:25:27","8544","8544","Completed"
"CS1634887","18/08/2025 10:08:33","","18/08/2025 12:49:22","8399","8399","Completed"
"CS1746098","05/03/2026 09:52:40","","05/03/2026 12:19:20","8393","8393","Completed"
"CS1763393","08/04/2026 08:38:30","","07/05/2026 10:42:57","8386","8386","Completed"
"CS1775109","29/04/2026 09:36:13","","29/04/2026 14:35:37","8369","8369","Completed"
"CS1690459","18/11/2025 13:46:08","","02/12/2025 09:38:08","8365","8365","Completed"
"CS1694096","25/11/2025 12:33:13","","26/11/2025 08:59:18","8335","8335","Completed"
"CS1673704","21/10/2025 07:39:58","","21/10/2025 11:17:51","8271","13073","Completed"
"CS1691728","20/11/2025 11:28:06","","20/11/2025 14:07:19","8232","8232","Completed"
"CS1725889","29/01/2026 11:15:11","","30/01/2026 10:44:16","8189","8189","Completed"
"CS1771894","22/04/2026 10:50:56","","06/05/2026 13:07:29","8180","8180","Completed"
"CS1723698","26/01/2026 14:59:44","","10/02/2026 09:17:28","8176","65776","Completed"
"CS1634901","18/08/2025 10:17:37","","19/08/2025 11:00:14","8147","8147","Completed"
"CS1677585","27/10/2025 12:22:11","","10/11/2025 14:37:26","8058","8058","Completed"
"CS1749040","11/03/2026 11:44:03","","11/03/2026 14:37:30","8043","8043","Completed"
"CS1657140","26/09/2025 11:20:43","","26/09/2025 13:52:46","8041","8041","Completed"
"CS1773662","27/04/2026 09:11:46","","30/04/2026 13:37:36","8010","8010","Completed"
"CS1762912","07/04/2026 10:50:16","","08/04/2026 10:26:05","7983","7983","Completed"
"CS1753394","19/03/2026 10:57:33","","20/03/2026 08:13:38","7917","10679","Completed"
"CS1742711","26/02/2026 15:54:38","","09/03/2026 10:53:31","7914","65514","Completed"
"CS1749948","12/03/2026 14:10:28","","24/03/2026 09:25:21","7888","7888","Completed"
"CS1697876","02/12/2025 12:30:33","","22/12/2025 09:57:02","7861","7861","Completed"
"CS1629762","07/08/2025 11:24:44","","21/08/2025 13:28:21","7816","7816","Completed"
"CS1807745","02/07/2026 10:38:21","","16/07/2026 13:17:27","7790","7790","Completed"
"CS1652941","19/09/2025 10:39:54","","19/09/2025 15:26:50","7767","7767","Completed"
"CS1693367","24/11/2025 13:11:20","","25/11/2025 12:58:50","7762","8402","Completed"
"CS1645014","05/09/2025 11:05:37","","19/09/2025 14:05:27","7754","7754","Completed"
"CS1667744","10/10/2025 10:38:55","","13/10/2025 11:56:58","7703","7703","Completed"
"CS1787681","26/05/2026 14:39:01","","26/05/2026 16:49:46","7694","7694","Completed"
"CS1707443","19/12/2025 13:43:21","","06/01/2026 09:37:27","7662","9149","Completed"
"CS1661164","01/10/2025 16:09:47","","03/10/2025 11:09:15","7614","65214","Completed"
"CS1692051","20/11/2025 15:19:42","","21/11/2025 11:46:48","7600","7600","Completed"
"CS1758627","26/03/2026 14:35:00","","26/03/2026 16:57:35","7588","7588","Completed"
"CS1706892","18/12/2025 14:01:34","","29/12/2025 10:36:18","7584","7584","Completed"
"CS1802645","24/06/2026 09:05:35","","29/06/2026 08:48:44","7571","7571","Completed"
"CS1726416","30/01/2026 09:18:09","","30/01/2026 11:31:52","7560","7560","Completed"
"CS1651815","17/09/2025 14:43:38","","03/10/2025 16:59:26","7530","7530","Completed"
"CS1786739","22/05/2026 10:02:28","","26/05/2026 09:03:22","7512","7512","Completed"
"CS1778327","06/05/2026 13:06:07","","18/05/2026 10:32:57","7503","7503","Completed"
"CS1634341","15/08/2025 12:10:05","","19/08/2025 13:35:03","7478","7478","Completed"
"CS1709851","30/12/2025 08:56:59","","30/12/2025 13:15:51","7470","7651","Completed"
"CS1672427","17/10/2025 14:55:50","","31/10/2025 17:25:26","7450","8880","Completed"
"CS1703432","11/12/2025 15:37:00","","12/12/2025 09:39:56","7376","64976","Completed"
"CS1786426","21/05/2026 14:05:34","","21/05/2026 16:50:03","7318","7318","Completed"
"CS1723228","26/01/2026 09:47:48","","26/01/2026 12:06:54","7317","7317","Completed"
"CS1667324","09/10/2025 14:58:31","","23/10/2025 17:01:28","7289","7317","Completed"
"CS1630033","07/08/2025 14:59:36","","14/08/2025 15:39:39","7224","8170","Completed"
"CS1772828","23/04/2026 14:59:53","","08/05/2026 16:55:27","7207","8905","Completed"
"CS1740162","23/02/2026 12:54:53","","23/02/2026 14:57:58","7199","7199","Completed"
"CS1708876","24/12/2025 09:34:56","","05/01/2026 09:01:09","7182","7182","Completed"
"CS1721270","21/01/2026 12:31:02","","21/01/2026 14:54:16","7176","7176","Completed"
"CS1754310","20/03/2026 14:46:15","","20/03/2026 16:53:34","7170","7170","Completed"
"CS1815964","17/07/2026 15:01:08","18/07/2026 12:13:47","","7132","76359","Paused"
"CS1660151","01/10/2025 09:39:53","","05/12/2025 03:31:27","7117","7117","Completed"
"CS1707665","22/12/2025 08:28:17","","05/01/2026 10:27:27","7113","7113","Completed"
"CS1707665","22/12/2025 08:28:17","","05/01/2026 10:27:27","7113","7113","Completed"
"CS1801456","22/06/2026 11:09:47","","06/07/2026 13:09:26","7089","7089","Completed"
"CS1801456","22/06/2026 11:09:47","","06/07/2026 13:09:26","7089","7089","Completed"
"CS1690118","18/11/2025 10:12:17","","18/11/2025 15:24:43","7020","7020","Completed"
"CS1690205","18/11/2025 10:54:09","","28/11/2025 10:53:35","7011","7011","Completed"
"CS1798550","16/06/2026 09:16:00","","23/06/2026 10:37:00","6954","6954","Completed"
"CS1664125","06/10/2025 13:57:00","","06/10/2025 16:55:22","6946","6946","Completed"
"CS1727444","02/02/2026 11:38:47","","02/02/2026 15:38:23","6903","6903","Completed"
"CS1694958","26/11/2025 14:07:12","","28/11/2025 11:15:02","6880","6880","Completed"
"CS1668207","10/10/2025 17:16:46","","27/10/2025 10:55:27","6875","236269","Completed"
"CS1671108","16/10/2025 09:44:13","","16/10/2025 15:18:17","6857","6857","Completed"
"CS1799115","16/06/2026 15:07:11","","17/06/2026 09:57:12","6769","63281","Completed"
"CS1753519","19/03/2026 12:33:06","","19/03/2026 14:27:37","6734","6734","Completed"
"CS1767258","14/04/2026 11:58:32","","14/04/2026 15:36:18","6716","6716","Completed"
"CS1680716","31/10/2025 14:34:53","","04/11/2025 09:21:17","6711","6711","Completed"
"CS1746180","05/03/2026 10:46:38","","19/03/2026 13:09:28","6682","6682","Completed"
"CS1771212","21/04/2026 10:52:53","","05/05/2026 14:43:29","6669","6669","Completed"
"CS1630462","08/08/2025 11:36:11","","11/08/2025 14:49:32","6645","6645","Completed"
"CS1719421","19/01/2026 10:20:10","","22/01/2026 11:26:03","6623","6623","Completed"
"CS1752212","17/03/2026 15:09:59","","02/04/2026 16:27:26","6601","11120","Completed"
"CS1784524","18/05/2026 15:57:04","","20/05/2026 18:24:58","6562","64162","Completed"
"CS1687278","12/11/2025 12:54:53","","12/11/2025 15:27:02","6560","6560","Completed"
"CS1713160","07/01/2026 10:42:54","","07/01/2026 15:24:45","6529","6529","Completed"
"CS1785884","20/05/2026 15:30:03","","04/06/2026 11:01:28","6515","64115","Completed"
"CS1816821","21/07/2026 08:39:20","","21/07/2026 11:12:46","6496","7736","Completed"
"CS1674413","21/10/2025 15:17:48","","21/10/2025 17:17:38","6491","6491","Completed"
"CS1687872","13/11/2025 10:54:50","","28/11/2025 10:41:27","6484","6484","Completed"
"CS1750642","13/03/2026 15:34:47","","15/03/2026 09:15:35","6455","6455","Completed"
"CS1657354","26/09/2025 13:40:42","","26/09/2025 15:33:51","6449","6449","Completed"
"CS1760289","31/03/2026 08:04:05","","31/03/2026 11:11:08","6415","9770","Completed"
"CS1798870","16/06/2026 11:56:38","","16/06/2026 14:25:58","6407","6407","Completed"
"CS1737646","18/02/2026 09:42:21","","18/02/2026 15:30:02","6386","6386","Completed"
"CS1722899","23/01/2026 14:52:16","","26/01/2026 12:02:36","6381","6381","Completed"
"CS1721926","22/01/2026 11:13:27","","23/01/2026 16:30:35","6352","6352","Completed"
"CS1673036","20/10/2025 09:56:16","","20/10/2025 11:56:13","6346","6346","Completed"
"CS1649383","12/09/2025 15:14:16","","26/09/2025 13:53:13","6344","233688","Completed"
"CS1660415","01/10/2025 10:54:09","","03/10/2025 09:45:19","6342","6342","Completed"
"CS1628196","05/08/2025 10:18:44","","12/08/2025 10:32:43","6332","6332","Completed"
"CS1701034","08/12/2025 14:49:04","","24/12/2025 10:45:29","6327","6327","Completed"
"CS1770732","20/04/2026 15:14:37","","21/04/2026 07:36:59","6323","8202","Completed"
"CS1737938","18/02/2026 12:35:32","","18/02/2026 15:19:48","6290","6290","Completed"
"CS1683207","05/11/2025 14:37:22","","05/11/2025 16:25:56","6262","6262","Completed"
"CS1797224","12/06/2026 10:24:27","","26/06/2026 13:05:27","6261","6261","Completed"
"CS1794767","08/06/2026 13:45:48","","11/06/2026 10:34:31","6252","6252","Completed"
"CS1795627","09/06/2026 15:47:29","","11/06/2026 10:42:45","6229","8372","Completed"
"CS1638534","26/08/2025 11:27:05","","26/08/2025 14:06:25","6212","6212","Completed"
"CS1702303","10/12/2025 11:37:20","","10/12/2025 13:51:24","6179","6179","Completed"
"CS1627344","04/08/2025 09:02:01","","18/08/2025 10:45:26","6176","6176","Completed"
"CS1742992","27/02/2026 10:24:47","","09/03/2026 10:53:17","6164","6164","Completed"
"CS1806272","30/06/2026 11:28:37","","14/07/2026 13:11:26","6163","6163","Completed"
"CS1807257","01/07/2026 13:19:35","","08/07/2026 07:57:45","6139","6139","Completed"
"CS1717253","14/01/2026 12:08:00","","28/01/2026 13:51:27","6135","6135","Completed"
"CS1809187","06/07/2026 10:11:42","","08/07/2026 09:54:06","6124","6124","Completed"
"CS1699429","04/12/2025 12:23:08","","05/12/2025 09:42:37","6124","6124","Completed"
"CS1682208","04/11/2025 12:35:22","","14/11/2025 13:22:04","6046","6046","Completed"
"CS1653195","19/09/2025 14:08:49","","03/10/2025 17:13:27","6037","6757","Completed"
"CS1648935","12/09/2025 09:41:12","","19/09/2025 12:02:27","6023","6023","Completed"
"CS1815983","17/07/2026 15:16:17","","20/07/2026 08:52:16","6021","7367","Completed"
"CS1763892","08/04/2026 14:28:19","","13/04/2026 11:05:27","6005","6005","Completed"
"CS1618726","18/07/2025 15:10:09","","01/08/2025 17:03:26","5986","6090","Completed"
"CS1630694","08/08/2025 14:59:30","","03/09/2025 17:15:26","5933","5933","Completed"
"CS1711000","02/01/2026 10:53:34","","02/01/2026 15:02:08","5920","5920","Completed"
"CS1651611","17/09/2025 11:59:39","","17/09/2025 14:26:06","5893","5893","Completed"
"CS1692663","21/11/2025 14:22:45","","02/12/2025 11:41:14","5882","5882","Completed"
"CS1630831","08/08/2025 16:58:36","","25/08/2025 10:37:28","5878","236278","Completed"
"CS1781346","12/05/2026 11:54:50","","12/05/2026 13:38:32","5871","5871","Completed"
"CS1805213","29/06/2026 11:25:38","","29/06/2026 14:19:27","5836","5836","Completed"
"CS1714844","09/01/2026 12:10:30","","09/01/2026 13:50:38","5800","5800","Completed"
"CS1712904","06/01/2026 17:27:12","","04/02/2026 08:29:26","5796","61764","Completed"
"CS1751839","17/03/2026 10:09:38","","31/03/2026 12:47:26","5750","5750","Completed"
"CS1630717","08/08/2025 15:24:33","","29/08/2025 17:15:27","5727","233570","Completed"
"CS1633339","14/08/2025 09:28:13","","14/08/2025 11:08:04","5693","5693","Completed"
"CS1681487","03/11/2025 14:15:37","","28/11/2025 16:29:27","5689","5689","Completed"
"CS1707143","19/12/2025 09:00:34","","02/01/2026 10:35:27","5675","5675","Completed"
"CS1741914","25/02/2026 15:25:54","","02/03/2026 09:46:08","5646","6521","Completed"
"CS1742135","26/02/2026 09:23:27","","03/03/2026 10:35:25","5608","72313","Completed"
"CS1699967","05/12/2025 10:33:44","","08/12/2025 08:46:21","5593","5593","Completed"
"CS1695327","27/11/2025 10:09:34","","27/11/2025 13:35:17","5591","5591","Completed"
"CS1731482","09/02/2026 09:49:36","","09/02/2026 12:18:14","5580","5580","Completed"
"CS1756635","24/03/2026 09:31:29","","24/03/2026 14:21:17","5579","5579","Completed"
"CS1813392","14/07/2026 09:59:57","","14/07/2026 11:32:56","5579","5579","Completed"
"CS1820064","27/07/2026 12:30:22","","27/07/2026 14:43:08","5550","5550","Completed"
"CS1705957","17/12/2025 12:15:49","","01/01/2026 10:17:26","5530","5530","Completed"
"CS1735597","13/02/2026 15:38:20","","27/02/2026 17:11:26","5510","5510","Completed"
"CS1749650","12/03/2026 10:44:00","","19/03/2026 17:22:28","5504","5504","Completed"
"CS1717993","15/01/2026 11:49:37","","27/01/2026 09:16:06","5492","5492","Completed"
"CS1685190","10/11/2025 09:02:33","","12/11/2025 15:51:12","5490","5490","Completed"
"CS1707605","19/12/2025 17:06:46","","05/01/2026 10:43:26","5478","228994","Completed"
"CS1638268","26/08/2025 07:08:52","","26/08/2025 10:33:13","5379","12047","Completed"
"CS1729610","04/02/2026 16:54:17","","05/02/2026 10:34:48","5354","62954","Completed"
"CS1700315","05/12/2025 15:48:26","","23/12/2025 09:19:27","5343","53666","Completed"
"CS1654318","22/09/2025 17:16:16","","13/10/2025 09:55:28","5340","63194","Completed"
"CS1734374","12/02/2026 11:44:29","","13/02/2026 17:10:02","5332","5332","Completed"
"CS1693701","25/11/2025 08:42:07","","21/12/2025 11:19:26","5327","5327","Completed"
"CS1669338","14/10/2025 08:34:40","","28/10/2025 10:03:28","5309","5309","Completed"
"CS1669338","14/10/2025 08:34:40","","28/10/2025 10:03:28","5309","5309","Completed"
"CS1648924","12/09/2025 09:36:55","","12/09/2025 15:05:48","5285","5285","Completed"
"CS1656844","26/09/2025 03:26:35","","26/09/2025 13:52:37","5278","5278","Completed"
"CS1690557","18/11/2025 15:09:35","","02/12/2025 16:39:27","5276","5276","Completed"
"CS1814452","15/07/2026 14:41:04","","29/07/2026 16:09:26","5267","5267","Completed"
"CS1734509","12/02/2026 13:52:36","","16/02/2026 10:26:25","5225","5225","Completed"
"CS1800087","18/06/2026 10:06:10","","18/06/2026 16:47:15","5216","5216","Completed"
"CS1818486","23/07/2026 11:35:32","","28/07/2026 14:53:28","5206","5206","Completed"
"CS1802545","23/06/2026 16:54:12","","01/07/2026 11:56:29","5178","5178","Completed"
"CS1714229","08/01/2026 14:19:26","","22/01/2026 15:45:27","5123","5123","Completed"
"CS1680297","31/10/2025 09:07:17","","31/10/2025 11:21:03","5109","5109","Completed"
"CS1700280","05/12/2025 15:09:54","","08/12/2025 10:30:45","5108","158922","Completed"
"CS1780316","11/05/2026 09:31:27","","11/05/2026 11:40:17","5099","5099","Completed"
"CS1652139","18/09/2025 10:00:59","","18/09/2025 12:09:21","5074","5074","Completed"
"CS1714949","09/01/2026 13:31:47","","12/01/2026 11:39:30","5073","5073","Completed"
"CS1780644","11/05/2026 13:08:45","","11/05/2026 14:37:28","5067","5067","Completed"
"CS1655415","24/09/2025 10:21:13","","08/10/2025 11:45:26","5047","5047","Completed"
"CS1813031","13/07/2026 13:16:25","","28/07/2026 11:41:26","5018","5018","Completed"
"CS1747881","09/03/2026 15:45:22","","23/03/2026 17:09:26","4972","4972","Completed"
"CS1693583","24/11/2025 16:07:28","","28/11/2025 16:11:31","4966","4966","Completed"
"CS1697008","01/12/2025 12:02:51","","01/12/2025 13:53:25","4962","4962","Completed"
"CS1667852","10/10/2025 11:37:36","","13/10/2025 11:56:52","4925","4925","Completed"
"CS1729163","04/02/2026 11:04:36","","12/02/2026 10:49:42","4916","4916","Completed"
"CS1804283","26/06/2026 10:15:30","","26/06/2026 12:23:18","4887","4887","Completed"
"CS1747424","09/03/2026 10:07:48","","09/03/2026 13:58:16","4872","4872","Completed"
"CS1641865","01/09/2025 11:45:21","","04/09/2025 15:45:14","4865","4865","Completed"
"CS1817131","21/07/2026 11:43:25","","21/07/2026 13:44:26","4853","4853","Completed"
"CS1713938","08/01/2026 10:51:43","","08/01/2026 12:32:05","4839","4839","Completed"
"CS1624547","29/07/2025 08:17:20","","30/07/2025 16:32:37","4839","7399","Completed"
"CS1727486","02/02/2026 12:00:00","","16/02/2026 13:21:27","4832","4832","Completed"
"CS1675879","23/10/2025 13:14:01","","06/11/2025 15:31:28","4808","4808","Completed"
"CS1651744","17/09/2025 13:49:42","","25/09/2025 10:32:43","4782","4782","Completed"
"CS1733804","11/02/2026 13:54:20","","11/02/2026 15:31:48","4774","4774","Completed"
"CS1793674","05/06/2026 09:29:16","","12/06/2026 10:45:25","4772","4772","Completed"
"CS1638455","26/08/2025 10:45:19","","26/08/2025 13:27:58","4765","4765","Completed"
"CS1782188","13/05/2026 13:06:26","","14/05/2026 11:26:12","4754","4754","Completed"
"CS1671583","16/10/2025 14:29:04","","31/10/2025 16:25:28","4750","4750","Completed"
"CS1799618","17/06/2026 12:45:18","","17/06/2026 14:06:54","4708","4708","Completed"
"CS1818395","23/07/2026 10:40:22","23/07/2026 11:58:38","","4696","4696","Paused"
"CS1662750","03/10/2025 11:08:42","","03/10/2025 14:22:47","4693","4693","Completed"
"CS1681066","03/11/2025 09:56:33","","06/11/2025 11:13:27","4668","4668","Completed"
"CS1694792","26/11/2025 11:41:02","","26/11/2025 13:25:51","4634","4634","Completed"
"CS1787101","22/05/2026 15:58:53","","26/05/2026 08:29:22","4603","4603","Completed"
"CS1637448","21/08/2025 14:33:33","","21/08/2025 16:15:58","4565","4565","Completed"
"CS1649174","12/09/2025 12:01:54","","30/09/2025 12:17:27","4558","4558","Completed"
"CS1684984","07/11/2025 15:44:48","","21/11/2025 17:31:27","4512","6295","Completed"
"CS1720481","20/01/2026 12:23:52","","20/01/2026 13:38:27","4475","4475","Completed"
"CS1665888","08/10/2025 10:53:06","","14/10/2025 08:36:29","4470","4470","Completed"
"CS1630438","08/08/2025 11:21:32","","08/08/2025 12:39:43","4455","4455","Completed"
"CS1775494","29/04/2026 13:50:33","","29/04/2026 15:44:02","4438","4438","Completed"
"CS1682902","05/11/2025 10:56:22","","10/11/2025 07:57:16","4376","4376","Completed"
"CS1682902","05/11/2025 10:56:22","","10/11/2025 07:57:16","4376","4376","Completed"
"CS1632990","13/08/2025 14:03:59","","16/08/2025 11:18:00","4371","4371","Completed"
"CS1679874","30/10/2025 11:52:13","","14/11/2025 17:09:27","4357","4357","Completed"
"CS1797596","12/06/2026 15:47:27","","15/06/2026 13:18:52","4353","75831","Completed"
"CS1682765","05/11/2025 09:47:09","","05/11/2025 11:08:45","4335","4335","Completed"
"CS1631003","11/08/2025 09:36:59","","11/08/2025 10:55:58","4321","4321","Completed"
"CS1702633","10/12/2025 14:12:42","","10/12/2025 15:41:50","4320","4320","Completed"
"CS1767487","14/04/2026 14:27:57","","24/04/2026 13:22:27","4317","4317","Completed"
"CS1718998","16/01/2026 14:58:38","","19/01/2026 15:09:41","4308","4308","Completed"
"CS1698990","03/12/2025 16:25:41","","04/12/2025 14:47:18","4286","4286","Completed"
"CS1804320","26/06/2026 10:27:38","","26/06/2026 11:45:56","4284","4284","Completed"
"CS1782911","14/05/2026 13:33:07","","14/05/2026 14:49:12","4276","4276","Completed"
"CS1729484","04/02/2026 14:45:11","","10/02/2026 12:03:06","4274","4274","Completed"
"CS1749554","12/03/2026 09:41:51","","12/03/2026 10:58:52","4255","4255","Completed"
"CS1745289","04/03/2026 10:26:42","","04/03/2026 16:10:18","4253","4253","Completed"
"CS1738390","19/02/2026 10:10:34","","26/02/2026 10:36:51","4221","4221","Completed"
"CS1780351","11/05/2026 09:47:37","","13/05/2026 16:04:36","4219","4219","Completed"
"CS1717349","14/01/2026 13:26:05","","14/01/2026 14:47:54","4203","4203","Completed"
"CS1802981","24/06/2026 13:37:40","","06/07/2026 11:29:51","4175","4175","Completed"
"CS1737133","17/02/2026 11:37:09","","18/02/2026 10:34:44","4174","4174","Completed"
"CS1656875","26/09/2025 08:38:48","","26/09/2025 11:04:06","4164","5436","Completed"
"CS1702166","10/12/2025 10:14:14","","16/12/2025 08:50:34","4159","4159","Completed"
"CS1717504","14/01/2026 15:22:45","","28/01/2026 16:33:26","4155","4155","Completed"
"CS1624297","28/07/2025 14:22:41","","12/08/2025 15:01:26","4132","4132","Completed"
"CS1660660","01/10/2025 12:19:47","","01/10/2025 13:35:22","4113","4113","Completed"
"CS1642499","02/09/2025 09:33:23","","02/09/2025 11:24:58","4108","4108","Completed"
"CS1678162","28/10/2025 10:42:41","","07/11/2025 11:07:42","4105","4105","Completed"
"CS1697033","01/12/2025 12:19:43","","01/12/2025 13:34:52","4104","4104","Completed"
"CS1629776","07/08/2025 11:32:55","","21/08/2025 13:03:27","4102","4102","Completed"
"CS1751897","17/03/2026 10:47:07","","17/03/2026 11:57:45","4101","4101","Completed"
"CS1796501","11/06/2026 10:05:15","","24/06/2026 15:06:05","4093","4093","Completed"
"CS1656552","25/09/2025 13:37:23","","26/09/2025 11:12:49","4083","4083","Completed"
"CS1748077","10/03/2026 08:56:53","","25/03/2026 13:35:26","4075","4262","Completed"
"CS1701393","09/12/2025 10:15:11","","09/12/2025 11:27:30","4054","4054","Completed"
"CS1728261","03/02/2026 10:57:04","","17/02/2026 12:05:28","4052","4052","Completed"
"CS1627329","04/08/2025 08:36:17","","07/08/2025 10:56:23","4036","5459","Completed"
"CS1696677","01/12/2025 09:19:26","","04/12/2025 10:36:24","4033","4033","Completed"
"CS1696677","01/12/2025 09:19:26","","04/12/2025 10:36:24","4033","4033","Completed"
"CS1739497","20/02/2026 13:26:28","","20/02/2026 14:33:37","4029","4029","Completed"
"CS1725115","28/01/2026 11:13:17","","28/01/2026 13:41:17","4022","4022","Completed"
"CS1798176","15/06/2026 13:17:31","","15/06/2026 14:54:35","4013","4013","Completed"
"CS1770895","21/04/2026 08:10:36","","21/04/2026 10:30:20","3930","3930","Completed"
"CS1752007","17/03/2026 11:59:36","","17/03/2026 13:21:02","3892","3892","Completed"
"CS1648851","12/09/2025 08:59:53","","26/09/2025 10:05:27","3870","3877","Completed"
"CS1769120","16/04/2026 14:23:01","","30/04/2026 15:27:26","3862","3862","Completed"
"CS1661647","02/10/2025 10:42:38","","02/10/2025 11:47:51","3862","3862","Completed"
"CS1668700","13/10/2025 10:18:30","","27/10/2025 11:23:26","3858","3858","Completed"
"CS1640799","29/08/2025 10:40:11","","29/08/2025 12:03:41","3837","3837","Completed"
"CS1634062","15/08/2025 09:18:46","","20/08/2025 10:34:03","3837","3837","Completed"
"CS1718007","15/01/2026 11:56:26","","16/01/2026 08:22:12","3834","3834","Completed"
"CS1793839","05/06/2026 11:31:47","","05/06/2026 14:01:11","3808","3808","Completed"
"CS1795471","09/06/2026 13:40:43","","09/06/2026 14:51:01","3786","3786","Completed"
"CS1653778","22/09/2025 11:15:21","","06/10/2025 14:47:27","3718","3718","Completed"
"CS1671315","16/10/2025 11:19:42","","29/10/2025 14:30:20","3652","3652","Completed"
"CS1782204","13/05/2026 13:26:38","","27/05/2026 14:29:26","3651","3651","Completed"
"CS1717527","14/01/2026 15:49:40","","28/01/2026 16:51:27","3636","3636","Completed"
"CS1748618","10/03/2026 15:32:18","","17/03/2026 10:54:48","3632","3632","Completed"
"CS1699696","04/12/2025 15:59:29","","18/12/2025 17:33:26","3631","5625","Completed"
"CS1747260","07/03/2026 10:06:28","","09/03/2026 08:47:02","3592","3592","Completed"
"CS1741305","25/02/2026 09:07:38","","11/03/2026 10:09:26","3591","3591","Completed"
"CS1801192","21/06/2026 23:40:05","","26/06/2026 11:09:05","3588","6416","Completed"
"CS1821632","29/07/2026 15:13:32","29/07/2026 16:12:53","","3561","3561","Paused"
"CS1788770","28/05/2026 09:23:47","","28/05/2026 10:55:49","3552","3552","Completed"
"CS1785031","19/05/2026 13:00:14","","19/05/2026 14:05:10","3551","3551","Completed"
"CS1750770","15/03/2026 14:27:51","","15/03/2026 15:40:07","3550","3550","Completed"
"CS1647224","09/09/2025 20:56:41","","29/09/2025 13:53:27","3547","46946","Completed"
"CS1655501","24/09/2025 11:08:40","","26/09/2025 16:08:13","3540","3540","Completed"
"CS1638803","26/08/2025 15:07:50","","27/08/2025 08:34:08","3536","3536","Completed"
"CS1780850","11/05/2026 16:01:14","","12/05/2026 10:13:47","3530","61130","Completed"
"CS1630303","08/08/2025 09:48:15","","20/08/2025 10:35:08","3484","3484","Completed"
"CS1638411","26/08/2025 10:16:12","","28/08/2025 09:24:14","3478","3478","Completed"
"CS1717225","14/01/2026 11:53:16","","22/01/2026 15:15:40","3474","3474","Completed"
"CS1642690","02/09/2025 11:02:25","","02/09/2025 15:09:21","3468","3468","Completed"
"CS1624668","29/07/2025 09:53:34","","05/08/2025 10:36:01","3465","3465","Completed"
"CS1794118","05/06/2026 15:27:52","","19/06/2026 16:27:27","3464","3464","Completed"
"CS1734193","12/02/2026 10:00:06","","12/02/2026 16:01:33","3455","3455","Completed"
"CS1806065","30/06/2026 09:46:33","","30/06/2026 14:19:06","3445","3445","Completed"
"CS1800024","18/06/2026 09:26:13","","26/06/2026 10:28:28","3440","3440","Completed"
"CS1750916","16/03/2026 09:51:05","","31/03/2026 10:59:32","3421","3421","Completed"
"CS1686686","11/11/2025 16:03:18","","13/11/2025 14:53:11","3402","3738","Completed"
"CS1657261","26/09/2025 12:21:21","","06/10/2025 09:42:03","3400","3400","Completed"
"CS1691533","20/11/2025 09:38:36","","20/11/2025 10:56:01","3393","3393","Completed"
"CS1666796","09/10/2025 09:57:49","","09/10/2025 11:13:38","3390","3390","Completed"
"CS1693763","25/11/2025 09:17:55","","09/12/2025 10:15:27","3353","3353","Completed"
"CS1773165","24/04/2026 10:34:30","","29/04/2026 10:46:41","3316","3316","Completed"
"CS1756627","24/03/2026 09:28:26","","08/04/2026 18:09:26","3283","3283","Completed"
"CS1669873","14/10/2025 14:14:36","","28/10/2025 15:09:28","3273","3273","Completed"
"CS1763452","08/04/2026 09:21:57","","24/04/2026 15:43:16","3265","3265","Completed"
"CS1674925","22/10/2025 12:06:08","","22/10/2025 16:17:05","3236","3236","Completed"
"CS1722016","22/01/2026 12:12:20","","22/01/2026 15:36:17","3219","3219","Completed"
"CS1703036","11/12/2025 10:31:17","","24/12/2025 08:18:56","3183","3183","Completed"
"CS1677735","27/10/2025 14:43:37","","04/11/2025 08:10:53","3183","3183","Completed"
"CS1804369","26/06/2026 10:41:50","","10/07/2026 11:35:26","3180","3180","Completed"
"CS1664320","06/10/2025 15:42:38","","16/10/2025 11:49:35","3164","3164","Completed"
"CS1680429","31/10/2025 10:26:20","","31/10/2025 11:39:37","3162","3162","Completed"
"CS1756247","23/03/2026 13:56:47","","06/04/2026 14:49:26","3156","3156","Completed"
"CS1773894","27/04/2026 11:16:26","","27/04/2026 16:56:16","3154","3154","Completed"
"CS1777946","06/05/2026 09:00:08","","20/05/2026 09:57:26","3153","3153","Completed"
"CS1793867","05/06/2026 11:47:27","","05/06/2026 12:42:36","3063","3063","Completed"
"CS1751059","16/03/2026 10:50:56","","15/04/2026 03:31:26","3048","3048","Completed"
"CS1751571","16/03/2026 15:54:27","","13/04/2026 01:41:26","3040","3040","Completed"
"CS1783060","14/05/2026 15:51:15","","14/05/2026 16:43:02","3039","3039","Completed"
"CS1776770","01/05/2026 12:07:16","","01/05/2026 13:45:46","3032","3032","Completed"
"CS1705183","16/12/2025 11:38:04","","16/12/2025 13:03:12","3004","3004","Completed"
"CS1807754","02/07/2026 10:43:54","","09/07/2026 10:34:48","2986","2986","Completed"
"CS1626991","01/08/2025 12:49:03","","01/08/2025 14:09:52","2973","2973","Completed"
"CS1797296","12/06/2026 11:14:47","","26/06/2026 12:05:27","2960","2960","Completed"
"CS1751545","16/03/2026 15:36:41","","23/03/2026 12:22:08","2952","2952","Completed"
"CS1629431","06/08/2025 16:30:23","","06/08/2025 17:27:32","2931","2931","Completed"
"CS1757862","25/03/2026 14:22:04","","08/04/2026 15:11:26","2928","2928","Completed"
"CS1810985","08/07/2026 14:14:30","","29/07/2026 13:39:28","2921","2921","Completed"
"CS1673614","20/10/2025 16:11:31","","21/10/2025 10:00:48","2909","4849","Completed"
"CS1684099","06/11/2025 15:56:06","","04/12/2025 01:15:27","2852","2852","Completed"
"CS1634951","18/08/2025 10:50:13","","18/08/2025 11:44:31","2836","2836","Completed"
"CS1628736","05/08/2025 16:48:46","","06/08/2025 13:12:49","2822","60422","Completed"
"CS1797252","12/06/2026 10:46:01","","15/06/2026 11:13:00","2819","2819","Completed"
"CS1682651","05/11/2025 08:37:12","","05/11/2025 09:46:58","2818","4186","Completed"
"CS1656710","25/09/2025 15:34:19","","02/10/2025 14:23:17","2812","2812","Completed"
"CS1711039","02/01/2026 11:31:22","","02/01/2026 15:08:43","2786","2786","Completed"
"CS1692350","21/11/2025 09:56:59","","05/12/2025 16:09:26","2780","2780","Completed"
"CS1678117","28/10/2025 10:20:47","","29/10/2025 14:30:04","2778","2778","Completed"
"CS1784335","18/05/2026 13:06:30","","29/05/2026 16:06:13","2765","2765","Completed"
"CS1701708","09/12/2025 13:49:54","","16/12/2025 14:33:53","2760","2760","Completed"
"CS1753704","19/03/2026 15:09:38","","30/03/2026 11:08:41","2753","2753","Completed"
"CS1768634","16/04/2026 08:44:01","","16/04/2026 10:39:22","2748","3707","Completed"
"CS1706990","18/12/2025 15:26:53","","18/12/2025 16:12:36","2743","2743","Completed"
"CS1625348","30/07/2025 09:38:11","","04/08/2025 09:03:45","2738","2738","Completed"
"CS1637970","22/08/2025 13:30:44","","10/09/2025 09:15:27","2735","2735","Completed"
"CS1772695","23/04/2026 12:52:22","","23/04/2026 17:26:21","2727","2727","Completed"
"CS1773033","24/04/2026 09:07:28","","24/04/2026 11:38:04","2715","2715","Completed"
"CS1698777","03/12/2025 13:13:19","","03/12/2025 14:43:56","2714","2714","Completed"
"CS1740696","24/02/2026 10:31:55","","24/02/2026 12:13:24","2711","2711","Completed"
"CS1713846","08/01/2026 09:49:28","","12/01/2026 09:03:24","2709","2709","Completed"
"CS1749278","11/03/2026 15:15:20","","11/03/2026 16:03:06","2708","2708","Completed"
"CS1750482","13/03/2026 12:59:26","","17/03/2026 10:23:19","2705","2705","Completed"
"CS1783472","15/05/2026 12:15:26","","18/05/2026 10:32:53","2700","2700","Completed"
"CS1701162","08/12/2025 17:14:30","","23/12/2025 14:59:26","2688","3147","Completed"
"CS1754391","20/03/2026 16:15:13","","03/04/2026 17:05:26","2687","2909","Completed"
"CS1695207","27/11/2025 08:43:12","","27/11/2025 10:38:13","2685","2685","Completed"
"CS1727827","02/02/2026 16:15:28","","05/02/2026 10:46:37","2672","5109","Completed"
"CS1774957","28/04/2026 16:55:56","","29/04/2026 12:50:37","2666","60262","Completed"
"CS1777232","05/05/2026 09:27:38","","06/05/2026 14:45:39","2656","2656","Completed"
"CS1621435","23/07/2025 11:40:09","","05/08/2025 10:36:04","2651","2651","Completed"
"CS1641606","01/09/2025 10:24:32","","01/09/2025 11:28:04","2650","2650","Completed"
"CS1629997","07/08/2025 14:36:32","","12/08/2025 10:12:55","2633","2633","Completed"
"CS1698972","03/12/2025 16:11:14","","04/12/2025 11:55:54","2620","2620","Completed"
"CS1649347","12/09/2025 14:36:01","","18/09/2025 12:02:39","2615","2615","Completed"
"CS1701602","09/12/2025 12:13:44","","09/12/2025 13:42:10","2608","2608","Completed"
"CS1629771","07/08/2025 11:30:21","","21/08/2025 13:25:27","2600","2600","Completed"
"CS1651117","16/09/2025 16:37:29","","16/09/2025 17:32:34","2597","2597","Completed"
"CS1761056","31/03/2026 16:55:18","","01/04/2026 10:25:08","2571","58977","Completed"
"CS1683303","05/11/2025 15:42:05","","07/11/2025 15:22:49","2538","2538","Completed"
"CS1750185","13/03/2026 08:25:11","","16/03/2026 15:07:52","2522","4611","Completed"
"CS1811040","08/07/2026 15:01:32","","15/07/2026 16:07:38","2517","2517","Completed"
"CS1629416","06/08/2025 16:18:05","","20/08/2025 18:03:26","2515","4750","Completed"
"CS1765085","10/04/2026 11:16:35","","10/04/2026 11:59:13","2500","2500","Completed"
"CS1786468","21/05/2026 14:42:39","","25/05/2026 21:28:08","2498","2498","Completed"
"CS1690994","19/11/2025 11:40:00","","05/12/2025 15:13:28","2493","2493","Completed"
"CS1629363","06/08/2025 15:24:33","","13/08/2025 13:22:00","2482","2482","Completed"
"CS1641762","01/09/2025 11:12:31","","03/09/2025 14:21:35","2480","2480","Completed"
"CS1685202","10/11/2025 09:12:33","","10/11/2025 09:56:06","2445","2445","Completed"
"CS1653790","22/09/2025 11:24:03","","23/09/2025 10:09:51","2443","2443","Completed"
"CS1819709","27/07/2026 09:41:50","27/07/2026 10:22:29","","2439","2439","Paused"
"CS1658328","29/09/2025 13:38:18","","13/10/2025 14:19:26","2418","2418","Completed"
"CS1719688","19/01/2026 13:09:46","","02/02/2026 13:51:26","2399","2399","Completed"
"CS1814157","15/07/2026 10:35:20","","15/07/2026 13:10:59","2398","2398","Completed"
"CS1800639","19/06/2026 09:01:53","","19/06/2026 09:51:12","2397","2397","Completed"
"CS1646228","08/09/2025 15:36:45","","22/09/2025 16:17:28","2389","2389","Completed"
"CS1688865","14/11/2025 13:10:08","","28/11/2025 13:51:27","2385","2385","Completed"
"CS1667298","09/10/2025 14:39:38","","09/10/2025 16:21:24","2379","2379","Completed"
"CS1666022","08/10/2025 11:48:47","","08/10/2025 13:08:04","2371","2371","Completed"
"CS1696594","01/12/2025 08:12:59","","04/12/2025 08:12:55","2366","5187","Completed"
"CS1715908","12/01/2026 16:04:23","","13/01/2026 08:35:47","2349","2349","Completed"
"CS1656126","25/09/2025 09:21:55","","25/09/2025 12:49:47","2326","2326","Completed"
"CS1800096","18/06/2026 10:09:38","","02/07/2026 12:59:26","2320","2320","Completed"
"CS1808483","03/07/2026 10:08:59","","03/07/2026 11:01:47","2317","2317","Completed"
"CS1652112","18/09/2025 09:36:03","","25/09/2025 11:08:34","2317","2317","Completed"
"CS1703925","12/12/2025 13:08:14","","12/12/2025 13:59:01","2313","2313","Completed"
"CS1820760","28/07/2026 11:46:08","28/07/2026 12:24:38","","2310","2310","Paused"
"CS1664390","06/10/2025 16:17:35","","09/10/2025 16:01:27","2307","2307","Completed"
"CS1717794","15/01/2026 10:05:55","","15/01/2026 11:41:29","2295","2295","Completed"
"CS1692650","21/11/2025 14:11:43","","02/12/2025 09:23:29","2294","2294","Completed"
"CS1748452","10/03/2026 12:56:00","","10/03/2026 15:22:02","2292","2292","Completed"
"CS1665693","08/10/2025 09:31:13","","08/10/2025 12:09:23","2290","2290","Completed"
"CS1711842","05/01/2026 13:15:12","","08/01/2026 14:39:41","2289","2289","Completed"
"CS1715841","12/01/2026 15:01:54","","12/01/2026 16:04:04","2274","2274","Completed"
"CS1776523","01/05/2026 09:35:51","","01/05/2026 10:37:29","2245","2245","Completed"
"CS1669544","14/10/2025 10:31:42","","14/10/2025 11:56:32","2243","2243","Completed"
"CS1696121","28/11/2025 10:52:47","","08/12/2025 15:56:08","2231","2231","Completed"
"CS1798628","16/06/2026 09:48:28","","16/06/2026 10:48:42","2216","2216","Completed"
"CS1665854","08/10/2025 10:38:50","","13/10/2025 11:57:06","2207","2207","Completed"
"CS1665749","08/10/2025 09:54:37","","08/10/2025 10:35:50","2198","2198","Completed"
"CS1670718","15/10/2025 14:27:47","","15/10/2025 16:31:28","2196","2196","Completed"
"CS1682692","05/11/2025 09:14:51","","05/11/2025 10:22:57","2192","2192","Completed"
"CS1750490","13/03/2026 13:05:30","","24/03/2026 15:08:08","2187","2187","Completed"
"CS1782185","13/05/2026 13:03:43","","13/05/2026 13:55:43","2177","2177","Completed"
"CS1652129","18/09/2025 09:52:16","","02/10/2025 10:29:28","2165","2165","Completed"
"CS1695407","27/11/2025 10:57:48","","28/11/2025 15:09:54","2156","2156","Completed"
"CS1767199","14/04/2026 11:28:19","","15/04/2026 14:44:02","2147","2147","Completed"
"CS1655854","24/09/2025 15:04:28","","24/09/2025 15:50:18","2143","2143","Completed"
"CS1717118","14/01/2026 11:06:17","","14/01/2026 17:52:11","2106","2106","Completed"
"CS1650737","16/09/2025 11:55:51","","16/09/2025 14:26:26","2101","2101","Completed"
"CS1779522","07/05/2026 16:25:02","","07/05/2026 18:21:27","2098","6683","Completed"
"CS1633645","14/08/2025 12:48:23","","14/08/2025 13:33:47","2088","2088","Completed"
"CS1702790","10/12/2025 16:25:13","","11/12/2025 08:10:54","2087","2876","Completed"
"CS1668753","13/10/2025 10:52:26","","13/10/2025 11:56:41","2075","2075","Completed"
"CS1693107","24/11/2025 10:45:13","","08/12/2025 11:21:27","2060","2060","Completed"
"CS1683457","06/11/2025 08:50:11","","06/11/2025 09:33:16","2056","2056","Completed"
"CS1625476","30/07/2025 11:00:54","","13/08/2025 11:35:26","2054","2054","Completed"
"CS1788427","27/05/2026 17:00:30","","28/05/2026 08:54:10","2052","2052","Completed"
"CS1630744","08/08/2025 15:39:16","","11/08/2025 09:12:33","2045","2045","Completed"
"CS1626728","01/08/2025 09:31:58","","01/08/2025 15:48:10","2044","2044","Completed"
"CS1684734","07/11/2025 12:26:40","","10/11/2025 11:37:09","2009","2009","Completed"
"CS1674891","22/10/2025 11:49:05","","05/11/2025 12:23:26","2008","2008","Completed"
"CS1660481","01/10/2025 11:10:33","","01/10/2025 12:01:46","2007","2007","Completed"
"CS1707528","19/12/2025 15:13:43","","02/01/2026 15:47:26","2006","2006","Completed"
"CS1752152","17/03/2026 14:17:17","","27/03/2026 10:35:33","1995","1995","Completed"
"CS1681855","04/11/2025 09:27:24","","04/11/2025 14:36:35","1988","1988","Completed"
"CS1682329","04/11/2025 13:57:43","","04/11/2025 15:09:55","1972","1972","Completed"
"CS1686635","11/11/2025 15:26:06","","26/11/2025 16:19:27","1970","1970","Completed"
"CS1740706","24/02/2026 10:36:59","","24/02/2026 11:42:25","1960","1960","Completed"
"CS1724537","27/01/2026 13:51:36","","04/02/2026 15:17:18","1956","1956","Completed"
"CS1731647","09/02/2026 11:17:33","","23/02/2026 13:55:27","1954","1954","Completed"
"CS1672547","17/10/2025 15:32:20","","31/10/2025 16:05:29","1951","1951","Completed"
"CS1666904","09/10/2025 10:37:07","","09/10/2025 11:15:45","1947","1947","Completed"
"CS1686847","12/11/2025 09:07:57","","26/11/2025 09:41:27","1923","1923","Completed"
"CS1644928","05/09/2025 10:22:24","","05/09/2025 11:12:51","1918","1918","Completed"
"CS1688223","13/11/2025 15:07:51","","18/11/2025 09:03:41","1888","1888","Completed"
"CS1706897","18/12/2025 14:06:28","","18/12/2025 15:01:05","1879","1879","Completed"
"CS1727022","31/01/2026 10:03:48","","16/02/2026 09:31:28","1879","170851","Completed"
"CS1637044","21/08/2025 09:28:59","","21/08/2025 10:00:18","1871","1871","Completed"
"CS1704663","15/12/2025 14:07:30","","18/12/2025 08:13:43","1845","1845","Completed"
"CS1701904","09/12/2025 16:29:31","","10/12/2025 16:57:33","1829","2484","Completed"
"CS1790824","01/06/2026 11:24:16","","01/06/2026 13:23:34","1826","1826","Completed"
"CS1636373","20/08/2025 10:33:16","","20/08/2025 16:22:26","1820","1820","Completed"
"CS1703985","12/12/2025 14:27:34","","15/12/2025 10:11:46","1819","1819","Completed"
"CS1690032","18/11/2025 09:28:33","","21/11/2025 10:37:41","1805","1805","Completed"
"CS1751597","16/03/2026 16:29:56","","18/03/2026 14:21:01","1804","1905","Completed"
"CS1791025","01/06/2026 13:12:48","","01/06/2026 13:49:13","1803","1803","Completed"
"CS1666778","09/10/2025 09:53:30","","13/10/2025 09:26:22","1802","1802","Completed"
"CS1692819","22/11/2025 08:37:52","","08/12/2025 12:51:27","1797","3224","Completed"
"CS1650168","15/09/2025 14:37:41","","15/09/2025 16:07:35","1789","1789","Completed"
"CS1722913","23/01/2026 15:04:41","","06/02/2026 15:35:28","1784","1784","Completed"
"CS1704445","15/12/2025 11:16:45","","15/12/2025 12:37:34","1762","1762","Completed"
"CS1802737","24/06/2026 10:02:11","","08/07/2026 10:33:27","1762","1762","Completed"
"CS1627092","01/08/2025 14:35:27","","04/08/2025 14:24:47","1755","1755","Completed"
"CS1788108","27/05/2026 11:52:38","","27/05/2026 14:41:44","1742","1742","Completed"
"CS1668711","13/10/2025 10:26:57","","13/10/2025 11:53:08","1730","1730","Completed"
"CS1697012","01/12/2025 12:04:55","","03/12/2025 14:11:01","1729","1729","Completed"
"CS1707043","18/12/2025 16:25:34","","19/12/2025 09:22:31","1727","1727","Completed"
"CS1772960","23/04/2026 16:55:39","","07/05/2026 17:25:26","1727","1727","Completed"
"CS1644503","04/09/2025 14:11:39","","04/09/2025 15:51:18","1721","1721","Completed"
"CS1636532","20/08/2025 12:08:18","","20/08/2025 12:51:22","1721","1721","Completed"
"CS1813828","14/07/2026 15:19:55","","14/07/2026 15:51:50","1718","1718","Completed"
"CS1815973","17/07/2026 15:08:49","","20/07/2026 09:25:56","1712","5991","Completed"
"CS1794043","05/06/2026 14:14:45","","05/06/2026 15:41:19","1700","1700","Completed"
"CS1710927","02/01/2026 09:50:59","","06/01/2026 14:00:45","1688","1688","Completed"
"CS1768291","15/04/2026 13:44:37","","15/04/2026 14:20:52","1675","1675","Completed"
"CS1809138","06/07/2026 09:34:24","","07/07/2026 10:57:26","1673","1673","Completed"
"CS1795921","10/06/2026 10:32:17","","16/06/2026 12:20:39","1670","1670","Completed"
"CS1661876","02/10/2025 12:18:26","","16/10/2025 12:47:28","1669","1669","Completed"
"CS1759370","27/03/2026 15:05:23","","27/03/2026 15:37:17","1653","1653","Completed"
"CS1693572","24/11/2025 15:58:54","","25/11/2025 13:12:16","1644","1644","Completed"
"CS1686167","11/11/2025 10:31:49","","25/11/2025 10:59:28","1644","1644","Completed"
"CS1743159","27/02/2026 12:22:57","","09/03/2026 09:04:48","1643","1643","Completed"
"CS1786158","21/05/2026 10:10:58","","26/05/2026 11:44:29","1643","1643","Completed"
"CS1643406","03/09/2025 10:23:13","","03/09/2025 10:52:33","1641","1641","Completed"
"CS1742776","26/02/2026 17:01:16","","27/02/2026 08:45:52","1632","1632","Completed"
"CS1660779","01/10/2025 13:11:21","","08/10/2025 12:15:48","1625","1625","Completed"
"CS1778276","06/05/2026 12:24:18","","20/05/2026 12:51:25","1619","1619","Completed"
"CS1791246","01/06/2026 16:27:43","","04/06/2026 12:19:54","1611","1611","Completed"
"CS1712527","06/01/2026 12:19:37","","07/01/2026 15:29:52","1602","1602","Completed"
"CS1667618","10/10/2025 09:31:19","","24/10/2025 10:59:27","1600","1600","Completed"
"CS1730681","06/02/2026 10:51:11","","06/02/2026 13:31:01","1591","1591","Completed"
"CS1814033","15/07/2026 09:18:17","","15/07/2026 11:21:42","1582","1582","Completed"
"CS1785867","20/05/2026 15:15:47","","20/05/2026 15:59:55","1570","1570","Completed"
"CS1702108","10/12/2025 09:44:02","","24/12/2025 10:11:27","1557","1557","Completed"
"CS1678885","29/10/2025 10:23:53","","29/10/2025 11:25:28","1553","1553","Completed"
"CS1752027","17/03/2026 12:15:51","","24/03/2026 14:12:37","1543","1543","Completed"
"CS1754000","20/03/2026 10:05:48","","03/04/2026 10:31:26","1527","1527","Completed"
"CS1734242","12/02/2026 10:25:08","","12/02/2026 10:50:27","1519","1519","Completed"
"CS1816427","20/07/2026 11:26:28","","21/07/2026 14:39:20","1515","1515","Completed"
"CS1795605","09/06/2026 15:31:24","","09/06/2026 16:24:12","1513","1513","Completed"
"CS1649428","12/09/2025 16:06:55","","19/09/2025 10:45:18","1511","1511","Completed"
"CS1821402","29/07/2026 11:34:52","29/07/2026 11:59:51","","1499","1499","Paused"
"CS1748342","10/03/2026 11:39:46","","09/04/2026 09:16:03","1492","1492","Completed"
"CS1619690","21/07/2025 14:33:49","","11/08/2025 16:33:27","1472","59072","Completed"
"CS1694023","25/11/2025 11:47:35","","04/12/2025 11:34:19","1467","1467","Completed"
"CS1652923","19/09/2025 10:22:56","","19/09/2025 11:23:23","1460","1460","Completed"
"CS1618617","18/07/2025 14:05:49","","08/08/2025 17:59:28","1441","1441","Completed"
"CS1627105","01/08/2025 14:46:06","","01/08/2025 15:47:59","1438","1438","Completed"
"CS1752571","18/03/2026 10:22:42","","01/04/2026 10:47:28","1431","1431","Completed"
"CS1763893","08/04/2026 14:31:07","","08/04/2026 15:19:02","1422","1422","Completed"
"CS1744620","03/03/2026 11:13:12","","03/03/2026 11:40:35","1421","1421","Completed"
"CS1671470","16/10/2025 13:02:58","","20/10/2025 11:29:22","1406","1406","Completed"
"CS1699703","04/12/2025 16:04:59","","18/12/2025 16:29:27","1405","1405","Completed"
"CS1647227","10/09/2025 00:41:36","","12/09/2025 14:10:40","1405","1405","Completed"
"CS1811916","09/07/2026 16:50:46","","10/07/2026 08:52:46","1405","1405","Completed"
"CS1809843","07/07/2026 09:22:52","","07/07/2026 09:57:31","1402","1402","Completed"
"CS1628226","05/08/2025 10:40:33","","05/08/2025 14:07:33","1393","1393","Completed"
"CS1715344","12/01/2026 09:24:40","","13/01/2026 07:55:17","1393","1393","Completed"
"CS1690841","19/11/2025 09:58:39","","03/12/2025 10:23:28","1391","1391","Completed"
"CS1726531","30/01/2026 10:33:32","","11/02/2026 12:17:24","1390","1390","Completed"
"CS1807722","02/07/2026 10:22:19","","02/07/2026 11:31:20","1383","1383","Completed"
"CS1769326","16/04/2026 17:36:38","","16/04/2026 18:12:32","1383","1383","Completed"
"CS1646032","08/09/2025 13:31:27","","18/09/2025 10:40:20","1376","1376","Completed"
"CS1768365","15/04/2026 14:36:19","","20/04/2026 10:18:00","1376","1376","Completed"
"CS1757050","24/03/2026 13:43:43","","07/04/2026 14:07:28","1375","1375","Completed"
"CS1781621","12/05/2026 15:34:08","","12/05/2026 15:59:27","1355","1355","Completed"
"CS1646119","08/09/2025 14:20:09","","10/09/2025 08:53:04","1349","1349","Completed"
"CS1643285","03/09/2025 09:27:14","","03/09/2025 13:54:52","1323","1323","Completed"
"CS1777958","06/05/2026 09:02:18","","06/05/2026 09:38:36","1320","1320","Completed"
"CS1666830","09/10/2025 10:05:44","","23/10/2025 10:29:26","1320","1320","Completed"
"CS1799611","17/06/2026 12:41:23","","23/06/2026 14:08:46","1316","1316","Completed"
"CS1776084","30/04/2026 12:35:20","","14/05/2026 12:57:26","1314","1314","Completed"
"CS1684863","07/11/2025 14:00:44","","22/11/2025 12:07:27","1314","14773","Completed"
"CS1796530","11/06/2026 10:22:51","","15/06/2026 08:26:59","1309","1309","Completed"
"CS1779229","07/05/2026 13:04:56","","07/05/2026 13:36:42","1301","1301","Completed"
"CS1749811","12/03/2026 12:20:06","","13/03/2026 13:47:33","1297","1297","Completed"
"CS1781476","12/05/2026 13:33:48","","12/05/2026 14:01:47","1284","1284","Completed"
"CS1658617","29/09/2025 16:35:59","","29/09/2025 23:39:07","1267","1267","Completed"
"CS1651627","17/09/2025 12:09:43","","30/09/2025 08:54:16","1264","1264","Completed"
"CS1618193","18/07/2025 09:35:29","","01/08/2025 09:57:26","1260","1260","Completed"
"CS1714918","09/01/2026 13:05:13","","09/01/2026 15:18:19","1256","1256","Completed"
"CS1722246","22/01/2026 15:15:22","","26/01/2026 08:35:34","1244","1244","Completed"
"CS1806324","30/06/2026 11:50:02","","30/06/2026 12:13:16","1231","1231","Completed"
"CS1787202","25/05/2026 10:31:20","","09/06/2026 15:49:27","1229","82149","Completed"
"CS1799554","17/06/2026 12:04:07","","17/06/2026 15:22:21","1223","1223","Completed"
"CS1669669","14/10/2025 11:51:07","","17/10/2025 12:29:01","1221","1221","Completed"
"CS1752695","18/03/2026 11:35:05","","18/03/2026 12:07:33","1218","1218","Completed"
"CS1814041","15/07/2026 09:22:59","","15/07/2026 11:22:16","1203","1203","Completed"
"CS1657556","26/09/2025 16:30:04","","08/10/2025 14:36:29","1199","1199","Completed"
"CS1781343","12/05/2026 11:51:12","","12/05/2026 13:13:41","1195","1195","Completed"
"CS1800541","18/06/2026 16:17:03","","18/06/2026 16:46:59","1195","1195","Completed"
"CS1618535","18/07/2025 12:57:12","","15/08/2025 02:01:26","1187","1187","Completed"
"CS1709640","29/12/2025 14:32:40","","29/12/2025 15:03:26","1170","1170","Completed"
"CS1663096","03/10/2025 15:00:32","","03/10/2025 15:36:54","1150","1150","Completed"
"CS1640751","29/08/2025 10:16:27","","29/08/2025 10:39:49","1148","1148","Completed"
"CS1801383","22/06/2026 10:23:50","","30/06/2026 11:27:39","1145","1145","Completed"
"CS1809536","06/07/2026 13:56:41","","07/07/2026 08:49:33","1143","1143","Completed"
"CS1630201","08/08/2025 08:21:44","","08/08/2025 09:35:17","1138","2529","Completed"
"CS1691136","19/11/2025 13:19:56","","19/11/2025 13:45:14","1127","1127","Completed"
"CS1690772","19/11/2025 09:25:35","","03/12/2025 09:45:26","1125","1125","Completed"
"CS1653325","19/09/2025 16:13:12","","21/09/2025 13:24:01","1123","1123","Completed"
"CS1687261","12/11/2025 12:41:54","","12/11/2025 13:00:33","1119","1119","Completed"
"CS1801277","22/06/2026 09:21:16","","22/06/2026 09:52:31","1119","1119","Completed"
"CS1685691","10/11/2025 14:31:28","","11/11/2025 09:15:21","1118","1118","Completed"
"CS1689293","17/11/2025 10:05:27","","01/12/2025 10:25:26","1116","1116","Completed"
"CS1659982","01/10/2025 08:45:14","","01/10/2025 09:18:35","1115","2001","Completed"
"CS1680100","30/10/2025 15:04:51","","30/10/2025 15:53:20","1114","1114","Completed"
"CS1694591","26/11/2025 09:45:21","","26/11/2025 10:08:18","1110","1110","Completed"
"CS1710628","31/12/2025 12:15:37","","31/12/2025 12:37:45","1100","1100","Completed"
"CS1635770","19/08/2025 11:44:35","","02/09/2025 12:03:26","1092","1092","Completed"
"CS1619073","21/07/2025 09:30:37","","04/08/2025 09:49:27","1092","1092","Completed"
"CS1664185","06/10/2025 14:27:24","","06/10/2025 16:19:03","1090","1090","Completed"
"CS1752439","18/03/2026 09:24:20","","19/03/2026 14:39:41","1073","1073","Completed"
"CS1805152","29/06/2026 10:53:04","","19/07/2026 15:23:26","1073","1073","Completed"
"CS1687518","12/11/2025 15:40:08","","05/12/2025 15:43:27","1071","1071","Completed"
"CS1631122","11/08/2025 10:43:54","","25/08/2025 11:03:27","1070","1070","Completed"
"CS1633371","14/08/2025 09:46:49","","18/08/2025 14:12:14","1063","1063","Completed"
"CS1709954","30/12/2025 10:10:25","","30/12/2025 10:39:00","1058","1058","Completed"
"CS1793157","04/06/2026 11:21:41","","04/06/2026 16:01:33","1053","1053","Completed"
"CS1634393","15/08/2025 12:50:21","","29/08/2025 13:09:30","1052","1052","Completed"
"CS1696718","01/12/2025 09:35:18","","02/12/2025 11:53:14","1038","1038","Completed"
"CS1775885","30/04/2026 10:33:18","","30/04/2026 11:23:11","1034","1034","Completed"
"CS1760488","31/03/2026 10:51:51","","31/03/2026 11:12:14","1028","1028","Completed"
"CS1730469","06/02/2026 08:51:47","","16/02/2026 08:47:42","1023","1516","Completed"
"CS1744436","03/03/2026 09:37:33","","04/03/2026 14:08:50","1020","1020","Completed"
"CS1775041","29/04/2026 09:04:46","","04/05/2026 12:36:46","1019","1019","Completed"
"CS1708822","24/12/2025 08:41:17","","07/01/2026 08:59:26","1017","1017","Completed"
"CS1677790","27/10/2025 15:30:06","","27/10/2025 15:50:29","1013","1013","Completed"
"CS1737483","17/02/2026 16:38:37","","03/03/2026 16:57:28","1013","1013","Completed"
"CS1641515","01/09/2025 09:52:15","","02/09/2025 13:01:43","1009","1009","Completed"
"CS1709799","30/12/2025 08:16:13","","30/12/2025 08:38:21","1000","1000","Completed"
"CS1689023","14/11/2025 15:50:19","","14/11/2025 16:13:02","999","999","Completed"
"CS1719336","19/01/2026 09:39:10","","05/02/2026 11:33:27","997","997","Completed"
"CS1710103","30/12/2025 12:00:58","","30/12/2025 13:43:34","997","997","Completed"
"CS1820713","28/07/2026 11:22:13","28/07/2026 11:38:50","","997","997","Paused"
"CS1647518","10/09/2025 11:10:53","","24/09/2025 11:27:27","993","993","Completed"
"CS1685994","11/11/2025 09:09:01","","11/11/2025 09:28:07","984","984","Completed"
"CS1742945","27/02/2026 09:56:28","","02/03/2026 10:43:52","976","976","Completed"
"CS1627908","04/08/2025 15:48:36","","04/08/2025 16:13:24","976","976","Completed"
"CS1708815","24/12/2025 08:21:57","","07/01/2026 08:39:26","976","976","Completed"
"CS1699746","04/12/2025 16:43:45","","05/12/2025 09:14:25","975","3787","Completed"
"CS1666071","08/10/2025 12:10:14","","10/10/2025 11:37:57","969","969","Completed"
"CS1716056","13/01/2026 08:56:52","","27/01/2026 09:17:27","958","1146","Completed"
"CS1817098","21/07/2026 11:30:05","","21/07/2026 13:37:22","957","957","Completed"
"CS1642192","01/09/2025 15:06:37","","04/09/2025 10:34:52","930","930","Completed"
"CS1635733","19/08/2025 11:18:08","","19/08/2025 12:17:34","926","926","Completed"
"CS1697607","02/12/2025 09:47:51","","10/12/2025 12:47:31","925","925","Completed"
"CS1623875","28/07/2025 09:34:12","","08/08/2025 19:43:23","919","919","Completed"
"CS1712699","06/01/2026 14:36:06","","07/01/2026 10:33:12","908","908","Completed"
"CS1791856","02/06/2026 14:07:29","","12/06/2026 10:40:43","906","906","Completed"
"CS1651376","17/09/2025 09:54:46","","17/09/2025 10:53:19","903","903","Completed"
"CS1634812","18/08/2025 09:24:06","","19/08/2025 08:46:09","901","901","Completed"
"CS1662838","03/10/2025 12:06:44","","03/10/2025 12:34:30","899","899","Completed"
"CS1743490","28/02/2026 09:49:21","","28/02/2026 10:10:11","883","883","Completed"
"CS1680049","30/10/2025 14:38:24","","30/10/2025 15:04:12","881","881","Completed"
"CS1698839","03/12/2025 14:27:15","","03/12/2025 15:56:50","880","880","Completed"
"CS1760134","30/03/2026 15:09:14","","14/04/2026 18:03:27","879","879","Completed"
"CS1817557","22/07/2026 08:54:25","","27/07/2026 09:02:18","877","1212","Completed"
"CS1658803","30/09/2025 09:20:24","","14/10/2025 09:35:26","877","877","Completed"
"CS1717286","14/01/2026 12:37:51","","14/01/2026 16:04:27","870","870","Completed"
"CS1810228","07/07/2026 13:13:33","","13/07/2026 14:34:04","867","54040","Completed"
"CS1625902","30/07/2025 16:45:34","","04/08/2025 08:46:29","866","2370","Completed"
"CS1689816","17/11/2025 16:05:33","17/11/2025 16:19:55","","862","862","Paused"
"CS1778395","06/05/2026 14:24:29","","11/05/2026 08:42:01","862","862","Completed"
"CS1702112","10/12/2025 09:45:25","","10/12/2025 10:58:37","844","844","Completed"
"CS1766032","13/04/2026 10:32:47","","27/04/2026 10:47:29","841","841","Completed"
"CS1627723","04/08/2025 13:14:15","","04/08/2025 16:40:25","838","838","Completed"
"CS1818428","23/07/2026 10:52:28","","28/07/2026 14:54:26","831","831","Completed"
"CS1749748","12/03/2026 11:33:39","","12/03/2026 15:23:12","822","822","Completed"
"CS1683971","06/11/2025 13:58:24","","20/11/2025 14:13:43","821","821","Completed"
"CS1816378","20/07/2026 10:54:00","","20/07/2026 11:15:02","816","816","Completed"
"CS1659259","30/09/2025 12:11:44","","14/10/2025 12:25:26","812","812","Completed"
"CS1821383","29/07/2026 11:20:46","29/07/2026 11:34:11","","805","805","Paused"
"CS1677348","27/10/2025 10:00:21","","27/10/2025 10:27:56","804","804","Completed"
"CS1677348","27/10/2025 10:00:21","","27/10/2025 10:27:56","804","804","Completed"
"CS1709963","30/12/2025 10:18:04","","30/12/2025 10:38:49","803","803","Completed"
"CS1782000","13/05/2026 10:53:22","","13/05/2026 11:56:38","801","801","Completed"
"CS1730389","05/02/2026 16:46:42","","19/02/2026 17:39:26","798","3053","Completed"
"CS1684534","07/11/2025 11:10:48","","14/11/2025 12:05:14","792","792","Completed"
"CS1753904","20/03/2026 09:15:14","","20/03/2026 09:51:49","788","788","Completed"
"CS1772205","22/04/2026 15:14:20","","06/05/2026 15:27:27","787","787","Completed"
"CS1697573","02/12/2025 09:27:59","","03/12/2025 15:33:07","775","775","Completed"
"CS1797535","12/06/2026 14:38:57","","12/06/2026 14:51:50","773","773","Completed"
"CS1813196","13/07/2026 16:02:22","","15/07/2026 11:22:05","767","767","Completed"
"CS1642481","02/09/2025 09:26:18","","03/09/2025 08:49:22","765","765","Completed"
"CS1809081","06/07/2026 09:00:55","","06/07/2026 09:15:19","762","762","Completed"
"CS1717836","15/01/2026 10:24:27","","15/01/2026 12:00:56","758","758","Completed"
"CS1736930","17/02/2026 09:50:47","","17/02/2026 10:07:22","754","754","Completed"
"CS1623967","28/07/2025 10:27:45","","30/07/2025 13:03:49","752","752","Completed"
"CS1625736","30/07/2025 14:23:16","","30/07/2025 14:41:59","739","739","Completed"
"CS1738386","19/02/2026 10:05:39","","19/02/2026 10:27:51","739","739","Completed"
"CS1769850","17/04/2026 14:08:28","","20/04/2026 11:41:07","737","737","Completed"
"CS1633930","14/08/2025 16:30:03","","14/08/2025 16:46:23","736","736","Completed"
"CS1634478","15/08/2025 14:19:04","","15/08/2025 15:36:57","733","733","Completed"
"CS1715326","12/01/2026 09:15:34","","19/01/2026 11:10:35","732","732","Completed"
"CS1819115","24/07/2026 09:39:51","","27/07/2026 11:23:32","728","728","Completed"
"CS1711037","02/01/2026 11:29:46","","06/01/2026 10:05:01","726","726","Completed"
"CS1662074","02/10/2025 13:53:54","","16/10/2025 14:07:27","726","726","Completed"
"CS1768816","16/04/2026 10:27:41","","30/04/2026 10:41:27","722","722","Completed"
"CS1677950","28/10/2025 00:46:21","","28/10/2025 13:52:31","719","5957","Completed"
"CS1797649","12/06/2026 16:48:01","","16/06/2026 09:32:33","719","1294","Completed"
"CS1750544","13/03/2026 13:59:35","","16/03/2026 08:47:49","718","718","Completed"
"CS1769972","17/04/2026 16:18:23","","17/04/2026 16:34:20","715","715","Completed"
"CS1680977","03/11/2025 09:08:05","","03/11/2025 09:19:58","713","713","Completed"
"CS1632076","12/08/2025 12:46:55","","26/08/2025 12:59:26","712","712","Completed"
"CS1775908","30/04/2026 10:49:25","","30/04/2026 11:03:26","712","712","Completed"
"CS1811496","09/07/2026 11:25:19","","13/07/2026 09:30:58","707","707","Completed"
"CS1715496","12/01/2026 10:43:22","","12/01/2026 10:56:04","707","707","Completed"
"CS1633335","14/08/2025 09:22:54","","14/08/2025 09:37:10","703","703","Completed"
"CS1795750","10/06/2026 08:39:19","","10/06/2026 09:26:07","699","699","Completed"
"CS1629380","06/08/2025 15:43:02","","20/08/2025 15:55:27","689","689","Completed"
"CS1807297","01/07/2026 14:06:09","","08/07/2026 07:57:55","683","683","Completed"
"CS1818227","23/07/2026 09:16:14","","23/07/2026 12:21:19","680","680","Completed"
"CS1717250","14/01/2026 12:05:14","","14/01/2026 14:03:40","678","678","Completed"
"CS1673936","21/10/2025 10:35:59","","21/10/2025 11:07:27","677","677","Completed"
"CS1816027","17/07/2026 16:00:22","","17/07/2026 16:14:34","676","676","Completed"
"CS1799150","16/06/2026 15:40:40","","16/06/2026 15:51:55","675","675","Completed"
"CS1637332","21/08/2025 12:39:44","","21/08/2025 13:01:54","670","670","Completed"
"CS1696832","01/12/2025 10:25:03","","04/12/2025 13:17:12","666","666","Completed"
"CS1748665","10/03/2026 16:17:55","","16/03/2026 13:54:42","655","655","Completed"
"CS1804319","26/06/2026 10:27:24","","30/06/2026 13:33:46","638","638","Completed"
"CS1783082","14/05/2026 16:19:25","","15/05/2026 08:29:17","636","636","Completed"
"CS1794257","06/06/2026 11:47:04","","09/06/2026 08:28:40","630","630","Completed"
"CS1675029","22/10/2025 13:15:13","","24/10/2025 07:59:57","630","630","Completed"
"CS1640904","29/08/2025 11:57:05","","29/08/2025 15:24:49","625","625","Completed"
"CS1679300","29/10/2025 14:28:10","","05/11/2025 11:03:21","625","625","Completed"
"CS1664943","07/10/2025 11:27:22","","17/10/2025 12:50:52","613","613","Completed"
"CS1811526","09/07/2026 11:41:06","","16/07/2026 12:21:48","612","612","Completed"
"CS1769662","17/04/2026 11:40:13","","01/05/2026 11:51:28","609","609","Completed"
"CS1782734","14/05/2026 11:16:46","","27/05/2026 09:19:06","599","599","Completed"
"CS1646685","09/09/2025 11:09:56","","23/09/2025 11:21:28","599","599","Completed"
"CS1626617","31/07/2025 16:50:02","","31/07/2025 17:11:41","598","669","Completed"
"CS1677995","28/10/2025 08:58:35","","28/10/2025 09:59:33","594","594","Completed"
"CS1708389","23/12/2025 09:58:40","","07/01/2026 10:53:27","591","591","Completed"
"CS1743748","02/03/2026 10:28:49","","09/03/2026 10:53:07","582","582","Completed"
"CS1815868","17/07/2026 13:19:50","","17/07/2026 16:00:46","579","579","Completed"
"CS1699238","04/12/2025 10:18:04","","14/12/2025 21:32:44","578","578","Completed"
"CS1610231","03/07/2025 16:11:50","","31/07/2025 00:11:26","577","577","Completed"
"CS1685419","10/11/2025 11:02:37","","24/11/2025 11:13:27","576","576","Completed"
"CS1707251","19/12/2025 10:44:21","","02/01/2026 12:23:52","572","74300","Completed"
"CS1782392","13/05/2026 16:00:35","","14/05/2026 07:51:26","561","561","Completed"
"CS1750710","13/03/2026 16:53:17","","13/03/2026 17:05:55","560","560","Completed"
"CS1688702","14/11/2025 11:10:50","","17/11/2025 13:52:03","557","557","Completed"
"CS1618631","18/07/2025 14:15:11","18/07/2025 14:24:16","","545","545","Paused"
"CS1662152","02/10/2025 14:27:39","","13/10/2025 08:13:41","544","544","Completed"
"CS1795866","10/06/2026 10:01:32","","11/06/2026 09:48:48","543","543","Completed"
"CS1790603","01/06/2026 09:39:00","","02/06/2026 13:12:27","537","537","Completed"
"CS1624715","29/07/2025 10:32:51","","12/08/2025 15:05:28","528","528","Completed"
"CS1636540","20/08/2025 12:11:03","","20/08/2025 13:33:33","527","527","Completed"
"CS1728090","03/02/2026 09:42:04","","03/02/2026 09:50:44","520","520","Completed"
"CS1819685","27/07/2026 09:29:54","","29/07/2026 10:45:44","516","516","Completed"
"CS1631770","12/08/2025 09:43:03","","20/08/2025 10:33:44","510","510","Completed"
"CS1617860","17/07/2025 15:23:48","","31/07/2025 15:33:26","508","508","Completed"
"CS1784173","18/05/2026 10:57:05","","28/05/2026 08:57:01","506","506","Completed"
"CS1645458","05/09/2025 16:51:35","","15/09/2025 10:42:22","505","229038","Completed"
"CS1815592","17/07/2026 09:23:31","","27/07/2026 10:35:36","504","504","Completed"
"CS1618406","18/07/2025 11:22:21","","01/08/2025 11:31:26","504","504","Completed"
"CS1717240","14/01/2026 12:00:11","","28/01/2026 12:09:29","501","501","Completed"
"CS1707857","22/12/2025 11:02:42","","31/12/2025 11:11:02","494","494","Completed"
"CS1779545","07/05/2026 16:47:03","","07/05/2026 17:25:37","493","790","Completed"
"CS1654118","22/09/2025 15:04:20","","22/09/2025 15:41:37","487","487","Completed"
"CS1799646","17/06/2026 13:06:05","","17/06/2026 16:48:01","484","484","Completed"
"CS1701928","09/12/2025 17:04:23","","24/12/2025 09:09:27","482","57819","Completed"
"CS1714178","08/01/2026 13:36:04","","08/01/2026 13:45:51","482","482","Completed"
"CS1689874","17/11/2025 16:50:58","","01/12/2025 16:59:26","479","479","Completed"
"CS1699866","05/12/2025 09:34:29","","05/12/2025 09:42:28","479","479","Completed"
"CS1763006","07/04/2026 11:55:46","","08/04/2026 08:09:13","476","476","Completed"
"CS1679414","29/10/2025 15:56:17","","29/10/2025 16:05:08","473","473","Completed"
"CS1801405","22/06/2026 10:32:41","","06/07/2026 10:41:26","473","473","Completed"
"CS1772004","22/04/2026 12:03:20","","23/04/2026 13:10:42","473","473","Completed"
"CS1712872","06/01/2026 16:52:07","","09/01/2026 10:29:21","473","4354","Completed"
"CS1799552","17/06/2026 12:01:53","","17/06/2026 12:12:33","461","461","Completed"
"CS1815043","16/07/2026 11:03:51","","21/07/2026 13:39:41","458","458","Completed"
"CS1629071","06/08/2025 11:21:45","","07/08/2025 13:37:27","455","455","Completed"
"CS1798919","16/06/2026 12:23:22","","17/06/2026 12:35:31","455","455","Completed"
"CS1739761","23/02/2026 08:52:54","","23/02/2026 13:45:33","453","453","Completed"
"CS1685678","10/11/2025 14:19:26","","10/11/2025 14:39:16","451","451","Completed"
"CS1748585","10/03/2026 15:02:15","","18/03/2026 08:54:19","449","449","Completed"
"CS1674070","21/10/2025 11:51:19","","04/11/2025 11:59:26","440","440","Completed"
"CS1673085","20/10/2025 10:21:27","","03/11/2025 10:29:26","439","439","Completed"
"CS1645378","05/09/2025 15:28:44","","12/09/2025 13:40:43","434","434","Completed"
"CS1792379","03/06/2026 10:53:14","","03/06/2026 15:56:54","424","424","Completed"
"CS1807560","02/07/2026 08:42:02","","02/07/2026 09:33:43","424","1502","Completed"
"CS1790098","29/05/2026 11:44:07","","08/06/2026 07:53:53","420","420","Completed"
"CS1685690","10/11/2025 14:30:06","","17/11/2025 10:25:21","416","416","Completed"
"CS1703419","11/12/2025 15:21:43","","11/12/2025 15:43:12","414","414","Completed"
"CS1793834","05/06/2026 11:26:54","","09/06/2026 08:28:33","405","405","Completed"
"CS1756013","23/03/2026 11:34:28","","23/03/2026 11:41:11","403","403","Completed"
"CS1783043","14/05/2026 15:40:04","","14/05/2026 15:50:12","401","401","Completed"
"CS1706625","18/12/2025 10:54:22","","01/01/2026 11:01:28","397","397","Completed"
"CS1781657","12/05/2026 16:02:17","","12/05/2026 16:20:28","397","397","Completed"
"CS1805136","29/06/2026 10:41:31","","13/07/2026 10:49:26","381","381","Completed"
"CS1800260","18/06/2026 12:15:30","","04/07/2026 12:07:26","369","369","Completed"
"CS1628807","06/08/2025 08:24:10","","06/08/2025 08:38:39","368","368","Completed"
"CS1781372","12/05/2026 12:11:44","","27/05/2026 11:15:26","361","361","Completed"
"CS1757301","24/03/2026 22:26:30","","26/03/2026 13:08:13","359","359","Completed"
"CS1650766","16/09/2025 12:17:01","","30/09/2025 12:23:26","358","358","Completed"
"CS1800113","18/06/2026 10:25:28","","23/06/2026 10:55:03","358","358","Completed"
"CS1769991","17/04/2026 16:50:12","","01/05/2026 17:19:26","354","1488","Completed"
"CS1800869","19/06/2026 11:48:47","","19/06/2026 11:54:39","352","352","Completed"
"CS1747716","09/03/2026 13:18:08","","23/03/2026 13:25:26","323","323","Completed"
"CS1813863","14/07/2026 15:50:18","14/07/2026 15:55:39","","321","321","Paused"
"CS1772176","22/04/2026 14:48:59","","24/04/2026 10:33:41","321","321","Completed"
"CS1780442","11/05/2026 10:39:44","","11/05/2026 14:31:06","315","315","Completed"
"CS1768308","15/04/2026 14:00:41","","29/04/2026 14:07:26","314","314","Completed"
"CS1647392","10/09/2025 10:06:20","","24/09/2025 10:13:26","310","310","Completed"
"CS1811421","09/07/2026 10:34:17","","09/07/2026 14:19:26","307","307","Completed"
"CS1702214","10/12/2025 10:38:06","","10/12/2025 12:48:35","303","303","Completed"
"CS1752940","18/03/2026 14:39:13","","23/03/2026 08:51:13","302","302","Completed"
"CS1772678","23/04/2026 12:42:05","","07/05/2026 12:47:26","301","301","Completed"
"CS1662751","03/10/2025 11:08:54","","17/10/2025 11:15:28","278","278","Completed"
"CS1626027","31/07/2025 09:21:53","","04/08/2025 16:22:44","276","276","Completed"
"CS1700185","05/12/2025 13:38:33","","05/12/2025 13:46:37","273","273","Completed"
"CS1794582","08/06/2026 11:23:19","","09/06/2026 08:28:54","271","271","Completed"
"CS1718938","16/01/2026 14:03:00","","30/01/2026 14:25:26","267","267","Completed"
"CS1720002","19/01/2026 17:26:22","","21/01/2026 14:54:38","266","266","Completed"
"CS1749463","12/03/2026 08:42:32","","17/03/2026 10:07:58","266","1314","Completed"
"CS1784298","18/05/2026 12:18:00","","27/05/2026 09:18:58","262","262","Completed"
"CS1795537","09/06/2026 14:36:51","","16/06/2026 08:13:07","250","250","Completed"
"CS1718557","16/01/2026 09:37:21","","16/01/2026 10:49:30","241","241","Completed"
"CS1748637","10/03/2026 15:48:23","","24/03/2026 14:46:21","233","233","Completed"
"CS1643813","03/09/2025 15:02:41","","17/09/2025 11:49:19","222","222","Completed"
"CS1746097","05/03/2026 09:52:02","","19/03/2026 09:57:40","220","220","Completed"
"CS1815218","16/07/2026 12:22:00","","17/07/2026 15:53:08","220","220","Completed"
"CS1690882","19/11/2025 10:25:19","","19/11/2025 12:21:30","219","219","Completed"
"CS1636653","20/08/2025 13:33:24","","17/09/2025 01:11:26","216","216","Completed"
"CS1748864","11/03/2026 09:40:26","","17/03/2026 10:23:35","214","214","Completed"
"CS1692244","21/11/2025 09:02:10","","05/12/2025 09:07:27","212","212","Completed"
"CS1680097","30/10/2025 15:03:14","","30/10/2025 15:06:43","209","209","Completed"
"CS1730175","05/02/2026 13:55:46","","09/02/2026 10:05:53","208","208","Completed"
"CS1743315","27/02/2026 14:48:32","","02/03/2026 14:07:14","206","206","Completed"
"CS1770216","20/04/2026 09:49:32","","04/05/2026 09:53:26","201","201","Completed"
"CS1712412","06/01/2026 11:03:35","","16/01/2026 10:51:01","197","197","Completed"
"CS1749142","11/03/2026 13:09:26","","11/03/2026 13:12:47","196","196","Completed"
"CS1714721","09/01/2026 10:41:58","","16/01/2026 10:50:27","195","195","Completed"
"CS1661923","02/10/2025 12:39:43","","02/10/2025 14:56:27","190","190","Completed"
"CS1783436","15/05/2026 11:59:10","","19/05/2026 09:36:37","187","187","Completed"
"CS1763708","08/04/2026 11:53:54","","13/04/2026 08:46:48","186","186","Completed"
"CS1659099","30/09/2025 11:26:28","","14/10/2025 11:31:27","186","186","Completed"
"CS1693277","24/11/2025 12:15:51","","08/12/2025 12:19:27","175","175","Completed"
"CS1787316","26/05/2026 09:28:14","","26/05/2026 09:31:07","173","173","Completed"
"CS1674373","21/10/2025 14:53:25","","04/11/2025 14:57:26","172","172","Completed"
"CS1709164","25/12/2025 16:43:13","","08/01/2026 16:47:26","171","171","Completed"
"CS1812294","10/07/2026 12:24:11","","13/07/2026 13:41:46","168","168","Completed"
"CS1818834","23/07/2026 15:21:34","","28/07/2026 09:25:34","167","167","Completed"
"CS1821585","29/07/2026 14:35:02","29/07/2026 14:37:45","","163","163","Paused"
"CS1711668","05/01/2026 11:11:07","","16/01/2026 10:50:53","161","161","Completed"
"CS1744557","03/03/2026 10:39:49","","03/03/2026 11:54:52","159","159","Completed"
"CS1632708","13/08/2025 11:03:54","","27/08/2025 11:07:26","155","155","Completed"
"CS1631232","11/08/2025 11:43:54","","25/08/2025 11:47:26","151","151","Completed"
"CS1636610","20/08/2025 12:57:14","","20/08/2025 13:15:46","151","151","Completed"
"CS1658142","29/09/2025 11:30:20","","13/10/2025 11:33:26","149","149","Completed"
"CS1769030","16/04/2026 12:56:31","","30/04/2026 12:59:26","149","149","Completed"
"CS1767099","14/04/2026 10:40:28","","28/04/2026 10:43:27","149","149","Completed"
"CS1674604","22/10/2025 08:57:13","","05/11/2025 09:03:26","148","315","Completed"
"CS1726530","30/01/2026 10:32:39","","10/02/2026 11:44:35","145","145","Completed"
"CS1618822","18/07/2025 16:21:46","","01/08/2025 16:25:26","142","142","Completed"
"CS1696151","28/11/2025 11:07:03","","12/12/2025 11:09:27","136","136","Completed"
"CS1694509","26/11/2025 08:42:44","","26/11/2025 10:01:35","135","1171","Completed"
"CS1746754","06/03/2026 09:37:21","","20/03/2026 09:41:26","135","135","Completed"
"CS1761311","01/04/2026 10:13:37","","14/04/2026 14:25:43","128","128","Completed"
"CS1642503","02/09/2025 09:34:27","","02/09/2025 13:02:31","128","128","Completed"
"CS1793221","04/06/2026 11:54:08","","26/06/2026 16:49:26","128","128","Completed"
"CS1820897","28/07/2026 13:18:52","","28/07/2026 13:28:08","127","127","Completed"
"CS1659420","30/09/2025 13:24:18","","14/10/2025 13:27:29","122","122","Completed"
"CS1642739","02/09/2025 11:25:29","","16/09/2025 11:29:26","121","121","Completed"
"CS1795527","09/06/2026 14:31:10","","16/06/2026 08:13:15","117","117","Completed"
"CS1773510","24/04/2026 16:33:40","","08/05/2026 16:37:27","116","116","Completed"
"CS1690827","19/11/2025 09:53:54","","03/12/2025 09:57:28","116","116","Completed"
"CS1626095","31/07/2025 10:08:44","","14/08/2025 10:11:28","116","116","Completed"
"CS1717493","14/01/2026 15:15:21","","16/01/2026 10:49:53","115","115","Completed"
"CS1690045","18/11/2025 09:34:48","","02/12/2025 09:37:26","115","115","Completed"
"CS1720233","20/01/2026 10:02:57","","03/02/2026 10:05:27","115","115","Completed"
"CS1716646","13/01/2026 15:48:46","","16/01/2026 10:50:00","111","111","Completed"
"CS1694747","26/11/2025 11:16:17","","10/12/2025 11:19:26","111","111","Completed"
"CS1820898","28/07/2026 13:19:11","","28/07/2026 13:28:01","111","111","Completed"
"CS1817948","22/07/2026 13:43:41","","23/07/2026 08:36:21","110","110","Completed"
"CS1624877","29/07/2025 12:13:59","","12/08/2025 12:17:26","108","108","Completed"
"CS1632028","12/08/2025 12:10:58","","26/08/2025 12:13:27","108","108","Completed"
"CS1633015","13/08/2025 14:21:15","","27/08/2025 14:23:26","107","107","Completed"
"CS1743869","02/03/2026 11:36:04","","02/03/2026 13:16:29","107","107","Completed"
"CS1695570","27/11/2025 12:45:03","","11/12/2025 12:47:26","105","105","Completed"
"CS1713885","08/01/2026 10:08:45","","16/01/2026 10:51:18","105","105","Completed"
"CS1765157","10/04/2026 12:07:12","","24/04/2026 12:09:28","103","103","Completed"
"CS1630106","07/08/2025 16:06:41","","21/08/2025 16:09:26","103","103","Completed"
"CS1719625","19/01/2026 12:12:17","","22/01/2026 10:46:01","102","102","Completed"
"CS1633449","14/08/2025 10:38:59","","28/08/2025 10:41:28","102","102","Completed"
"CS1713178","07/01/2026 10:55:36","","16/01/2026 10:51:06","101","101","Completed"
"CS1813528","14/07/2026 11:12:40","","15/07/2026 11:21:52","101","101","Completed"
"CS1669551","14/10/2025 10:37:52","","28/10/2025 10:41:28","100","100","Completed"
"CS1818687","23/07/2026 14:37:53","","29/07/2026 10:46:03","98","98","Completed"
"CS1733746","11/02/2026 13:08:42","","16/02/2026 11:07:39","98","98","Completed"
"CS1745311","04/03/2026 10:36:49","","18/03/2026 10:39:26","97","97","Completed"
"CS1631897","12/08/2025 10:53:02","","26/08/2025 10:55:27","96","96","Completed"
"CS1691931","20/11/2025 13:56:32","","04/12/2025 13:59:26","96","96","Completed"
"CS1653446","21/09/2025 13:13:02","","05/10/2025 13:15:26","95","95","Completed"
"CS1624153","28/07/2025 12:11:36","","11/08/2025 12:13:27","95","95","Completed"
"CS1627642","04/08/2025 12:07:20","","18/08/2025 12:09:28","94","94","Completed"
"CS1664936","07/10/2025 11:23:41","","21/10/2025 11:25:28","92","92","Completed"
"CS1664175","06/10/2025 14:23:00","","20/10/2025 14:25:27","92","92","Completed"
"CS1709168","26/12/2025 12:50:58","","09/01/2026 12:53:26","92","92","Completed"
"CS1635056","18/08/2025 12:01:44","","01/09/2025 12:03:27","92","92","Completed"
"CS1667178","09/10/2025 13:11:33","","23/10/2025 13:13:27","91","91","Completed"
"CS1689464","17/11/2025 11:30:47","","01/12/2025 11:33:26","90","90","Completed"
"CS1707832","22/12/2025 10:41:28","","05/01/2026 10:43:28","90","90","Completed"
"CS1760163","30/03/2026 15:33:36","","09/04/2026 09:13:31","89","89","Completed"
"CS1715837","12/01/2026 14:59:23","","16/01/2026 10:50:07","89","89","Completed"
"CS1637674","22/08/2025 09:19:19","","05/09/2025 09:21:27","89","89","Completed"
"CS1795995","10/06/2026 11:23:44","","16/06/2026 12:50:05","87","87","Completed"
"CS1637461","21/08/2025 14:44:40","","04/09/2025 14:47:26","87","87","Completed"
"CS1797502","12/06/2026 14:00:46","","12/06/2026 14:49:49","85","85","Completed"
"CS1662148","02/10/2025 14:25:17","","16/10/2025 14:27:26","84","84","Completed"
"CS1760112","30/03/2026 14:50:50","","30/03/2026 15:41:08","84","84","Completed"
"CS1667790","10/10/2025 11:03:05","","24/10/2025 11:05:26","83","83","Completed"
"CS1635834","19/08/2025 12:24:56","","02/09/2025 12:27:26","83","83","Completed"
"CS1630631","08/08/2025 14:08:18","","11/08/2025 11:46:57","81","81","Completed"
"CS1639822","28/08/2025 09:57:41","","11/09/2025 09:59:27","79","79","Completed"
"CS1819516","24/07/2026 16:32:06","","28/07/2026 09:25:27","79","79","Completed"
"CS1639374","27/08/2025 12:58:56","","10/09/2025 13:01:26","78","78","Completed"
"CS1629798","07/08/2025 11:49:17","","21/08/2025 11:51:27","78","78","Completed"
"CS1636622","20/08/2025 13:06:36","","03/09/2025 13:09:26","78","78","Completed"
"CS1791710","02/06/2026 12:26:37","","02/06/2026 13:12:11","77","77","Completed"
"CS1694297","25/11/2025 15:05:48","","09/12/2025 15:07:28","75","75","Completed"
"CS1739062","20/02/2026 09:21:35","","24/02/2026 08:13:37","75","75","Completed"
"CS1739895","23/02/2026 10:05:28","","24/02/2026 08:13:08","75","75","Completed"
"CS1777393","05/05/2026 10:58:21","","12/05/2026 15:21:10","71","71","Completed"
"CS1740688","24/02/2026 10:27:11","","24/02/2026 12:13:10","70","70","Completed"
"CS1697777","02/12/2025 11:29:47","","16/12/2025 11:31:28","65","65","Completed"
"CS1668620","13/10/2025 09:36:09","","27/10/2025 09:37:29","64","64","Completed"
"CS1709287","29/12/2025 09:06:17","","12/01/2026 09:07:26","64","64","Completed"
"CS1795211","09/06/2026 10:28:22","","16/06/2026 12:50:11","63","63","Completed"
"CS1775929","30/04/2026 10:58:37","","14/05/2026 10:56:01","63","63","Completed"
"CS1800885","19/06/2026 12:01:53","","19/06/2026 12:02:56","63","63","Completed"
"CS1760692","31/03/2026 13:04:04","","31/03/2026 13:37:37","62","62","Completed"
"CS1743232","27/02/2026 13:23:00","","02/03/2026 09:03:04","62","62","Completed"
"CS1625210","29/07/2025 16:57:06","","12/08/2025 16:59:26","59","59","Completed"
"CS1625353","30/07/2025 09:40:39","","13/08/2025 09:43:27","57","57","Completed"
"CS1696975","01/12/2025 11:46:26","","15/12/2025 11:47:27","57","57","Completed"
"CS1797340","12/06/2026 11:34:53","","16/06/2026 12:49:49","55","55","Completed"
"CS1809925","07/07/2026 10:01:35","","07/07/2026 14:00:38","55","55","Completed"
"CS1738474","19/02/2026 10:56:00","","19/02/2026 11:21:16","54","54","Completed"
"CS1796673","11/06/2026 11:47:18","","16/06/2026 12:49:55","51","51","Completed"
"CS1672341","17/10/2025 14:23:36","","31/10/2025 14:25:27","51","51","Completed"
"CS1776583","01/05/2026 10:13:10","","12/05/2026 14:10:01","50","50","Completed"
"CS1774517","28/04/2026 10:36:40","","12/05/2026 10:39:26","50","50","Completed"
"CS1719395","19/01/2026 10:05:41","","02/02/2026 10:07:32","50","50","Completed"
"CS1741709","25/02/2026 12:25:06","","26/02/2026 09:02:43","49","49","Completed"
"CS1775462","29/04/2026 13:28:13","","13/05/2026 13:29:26","49","49","Completed"
"CS1699387","04/12/2025 11:53:31","","16/12/2025 14:32:04","48","48","Completed"
"CS1658096","29/09/2025 11:10:27","","13/10/2025 11:11:26","48","48","Completed"
"CS1809148","06/07/2026 09:41:43","","07/07/2026 08:49:43","48","48","Completed"
"CS1737681","18/02/2026 09:57:17","","19/02/2026 11:21:43","47","47","Completed"
"CS1759573","30/03/2026 08:40:41","","13/04/2026 09:01:26","47","1206","Completed"
"CS1698640","03/12/2025 11:26:11","","16/12/2025 14:29:55","47","47","Completed"
"CS1687718","13/11/2025 09:15:09","","27/11/2025 09:17:26","46","46","Completed"
"CS1762605","03/04/2026 13:41:46","","09/04/2026 09:13:03","45","45","Completed"
"CS1722602","23/01/2026 10:39:55","","06/02/2026 10:41:30","45","45","Completed"
"CS1742339","26/02/2026 11:12:41","","26/02/2026 15:04:29","45","45","Completed"
"CS1762069","02/04/2026 10:42:50","","09/04/2026 09:13:16","44","44","Completed"
"CS1688466","14/11/2025 09:10:08","","28/11/2025 09:11:26","44","44","Completed"
"CS1821675","29/07/2026 16:00:41","","30/07/2026 09:13:40","43","43","Completed"
"CS1708975","24/12/2025 11:18:02","","07/01/2026 11:19:29","43","43","Completed"
"CS1699926","05/12/2025 10:16:36","","16/12/2025 14:32:11","42","42","Completed"
"CS1720221","20/01/2026 09:59:47","","03/02/2026 10:01:26","42","42","Completed"
"CS1640991","29/08/2025 13:23:10","","12/09/2025 13:25:26","41","41","Completed"
"CS1721086","21/01/2026 10:52:06","","04/02/2026 10:53:27","41","41","Completed"
"CS1782646","14/05/2026 10:25:01","","14/05/2026 10:28:22","39","39","Completed"
"CS1722095","22/01/2026 13:27:16","","05/02/2026 13:29:26","39","39","Completed"
"CS1638883","26/08/2025 16:16:53","","09/09/2025 16:19:28","38","38","Completed"
"CS1708479","23/12/2025 11:01:05","","06/01/2026 11:03:27","33","33","Completed"
"CS1638886","26/08/2025 16:18:39","","09/09/2025 16:19:28","33","33","Completed"
"CS1670788","15/10/2025 15:06:09","","29/10/2025 15:07:27","28","28","Completed"
"CS1666511","08/10/2025 16:49:37","","08/10/2025 16:49:59","22","22","Completed"
"CS1780199","09/05/2026 11:18:47","","12/05/2026 08:04:12","0","73","Completed"
"CS1709167","26/12/2025 11:40:31","","09/01/2026 11:45:26","0","218","Completed"
"CS1627240","01/08/2025 17:09:58","","14/08/2025 10:59:53","0","227950","Completed"
"CS1638195","24/08/2025 09:55:11","","25/08/2025 20:30:56","0","2507","Completed"
"CS1781796","13/05/2026 08:37:35","","14/05/2026 10:56:19","0","81","Completed"
"CS1692837","22/11/2025 11:07:22","","06/12/2025 11:13:26","0","272","Completed"
"CS1750743","14/03/2026 11:11:12","","17/03/2026 10:07:52","0","886","Completed"
"CS1750772","15/03/2026 15:42:07","","17/03/2026 10:23:08","0","108","Completed"
"CS1719168","17/01/2026 10:30:02","","31/01/2026 10:55:27","0","1513","Completed"
"CS1624536","29/07/2025 07:20:34","","12/08/2025 08:27:26","0","4004","Completed"
"CS1641230","30/08/2025 11:11:02","","13/09/2025 11:15:27","0","220","Completed"
"CS1716729","13/01/2026 17:23:45","","27/01/2026 18:11:26","0","2814","Completed"
"CS1747264","07/03/2026 10:24:51","","21/03/2026 10:29:27","0","226","Completed"
"CS1700455","07/12/2025 23:13:20","","08/12/2025 08:57:01","0","32687","Completed"
"CS1700448","07/12/2025 11:04:46","","16/12/2025 14:32:49","0","51","Completed"
"CS1777125","03/05/2026 10:26:52","","14/05/2026 10:56:07","0","194","Completed"
"CS1709205","27/12/2025 13:53:34","","10/01/2026 14:01:28","0","421","Completed"
"CS1735991","16/02/2026 08:56:21","","17/02/2026 08:56:27","0","44","Completed"
"CS1819586","26/07/2026 12:06:58","","28/07/2026 09:25:55","0","158","Completed"
"CS1819575","25/07/2026 12:13:23","","28/07/2026 09:25:46","0","132","Completed"
"CS1747279","08/03/2026 09:45:09","","22/03/2026 09:57:26","0","639","Completed"
"CS1774996","29/04/2026 07:12:30","","05/05/2026 12:47:57","0","5928","Completed"
"CS1710828","31/12/2025 17:43:06","02/01/2026 08:12:22","","0","138556","Paused"
"CS1743480","28/02/2026 09:30:58","","02/03/2026 14:07:26","0","107","Completed"
"CS1782462","14/05/2026 05:51:37","","28/05/2026 06:43:26","0","3005","Completed"
"CS1811221","09/07/2026 08:37:05","","12/07/2026 18:10:48","0","93","Completed"
"CS1672814","18/10/2025 10:46:17","","01/11/2025 10:47:26","0","35","Completed"
"CS1819587","26/07/2026 12:52:10","","29/07/2026 10:50:35","0","4172","Completed"
"CS1774979","28/04/2026 17:36:50","","30/04/2026 11:17:26","0","1351","Completed"
"CS1736811","17/02/2026 08:56:02","","17/02/2026 09:54:28","0","101","Completed"
"CS1634646","17/08/2025 11:20:54","","31/08/2025 11:23:27","0","138","Completed"
"CS1684198","06/11/2025 21:24:55","","21/11/2025 08:23:26","0","39473","Completed"
"CS1805924","30/06/2026 08:36:04","","30/06/2026 10:35:18","0","1088","Completed"
"CS1654373","23/09/2025 07:25:31","","07/10/2025 08:25:26","0","2419","Completed"
"CS1727877","02/02/2026 17:08:22","","05/02/2026 10:45:28","0","1356","Completed"
"CS1634639","16/08/2025 17:40:17","","19/08/2025 09:10:39","0","142","Completed"
"CS1719164","17/01/2026 09:57:57","","19/01/2026 09:14:25","0","1582","Completed"
"CS1663368","05/10/2025 11:12:51","","09/10/2025 11:01:21","0","293","Completed"
"CS1743542","01/03/2026 16:43:06","","02/03/2026 09:02:16","0","47","Completed"
"CS1698296","02/12/2025 17:35:59","","17/12/2025 09:01:38","0","55412","Completed"
"CS1709213","28/12/2025 11:20:31","","02/01/2026 12:23:32","0","1382","Completed"
"CS1734034","11/02/2026 18:10:05","","25/02/2026 18:23:26","0","792","Completed"
"CS1689149","16/11/2025 12:55:28","","30/11/2025 12:59:26","0","139","Completed"
"CS1734738","12/02/2026 17:13:31","","01/03/2026 12:07:26","0","167","Completed"
"CS1729622","04/02/2026 17:10:40","","09/02/2026 15:13:20","0","53960","Completed"
"CS1794270","07/06/2026 10:47:37","","09/06/2026 08:28:46","0","319","Completed"
"CS1797739","14/06/2026 10:23:25","","16/06/2026 12:49:36","0","181","Completed"
"CS1723053","24/01/2026 10:54:48","","07/02/2026 10:59:26","0","236","Completed"
"CS1672866","19/10/2025 09:47:12","","02/11/2025 09:51:26","0","146","Completed"
"CS1685953","11/11/2025 08:29:45","","25/11/2025 08:31:26","0","70","Completed"
"CS1798484","16/06/2026 08:09:41","","16/06/2026 12:47:08","0","160","Completed"
"CS1634601","15/08/2025 18:35:55","","18/08/2025 08:02:29","0","4009","Completed"
"CS1663364","05/10/2025 09:30:34","","19/10/2025 09:33:26","0","145","Completed"
"CS1696533","29/11/2025 09:17:02","","13/12/2025 09:19:26","0","69","Completed"
"CS1750198","13/03/2026 08:43:25","","27/03/2026 08:59:26","0","871","Completed"
"CS1700428","06/12/2025 11:56:50","","16/12/2025 14:32:20","0","124","Completed"
"CS1797714","13/06/2026 10:41:19","","16/06/2026 12:49:43","0","949","Completed"
"CS1686824","12/11/2025 08:50:13","","26/11/2025 08:51:28","0","42","Completed"
"CS1700430","06/12/2025 13:35:03","","20/12/2025 13:41:26","0","277","Completed"
"CS1641259","31/08/2025 11:51:00","","14/09/2025 11:53:26","0","44","Completed"
"CS1646421","09/09/2025 08:46:29","","09/09/2025 12:21:46","0","163","Completed"
"CS1680876","01/11/2025 08:19:26","","03/11/2025 15:01:01","0","174320","Completed"
"CS1656799","25/09/2025 17:12:52","","09/10/2025 17:25:26","0","743","Completed"
"CS1704135","12/12/2025 19:12:25","","26/12/2025 19:23:26","0","613","Completed"
"CS1696568","30/11/2025 09:29:46","","14/12/2025 09:31:26","0","72","Completed"
"CS1692861","23/11/2025 11:36:22","","07/12/2025 11:39:26","0","109","Completed"
"CS1743502","28/02/2026 10:44:21","","02/03/2026 09:02:52","0","59","Completed"
"CS1691428","19/11/2025 22:21:45","","20/11/2025 08:58:24","0","36355","Completed"
"CS1644009","04/09/2025 07:53:59","","04/09/2025 08:24:50","0","1635","Completed"
"CS1739719","22/02/2026 13:29:14","","24/02/2026 08:13:18","0","103","Completed"
"CS1668480","12/10/2025 18:21:39","","26/10/2025 18:25:26","0","143","Completed"
"CS1715239","11/01/2026 11:29:05","","16/01/2026 10:50:15","0","167","Completed"
"CS1753838","19/03/2026 20:16:30","","02/04/2026 14:41:15","0","1163","Completed"
"CS1797045","11/06/2026 17:10:23","","15/06/2026 10:48:52","0","82","Completed"
"CS1723868","26/01/2026 17:39:02","","28/01/2026 09:25:38","0","1175","Completed"
"CS1751664","17/03/2026 08:07:16","","24/03/2026 13:29:38","0","1440","Completed"
"CS1704181","15/12/2025 08:16:32","","16/12/2025 14:06:41","0","740","Completed"
"CS1801180","20/06/2026 11:55:05","","23/06/2026 13:22:48","0","153","Completed"
"CS1762641","04/04/2026 13:18:37","","21/04/2026 11:33:27","0","2307","Completed"
"CS1680877","01/11/2025 09:01:14","","15/11/2025 09:03:26","0","59","Completed"
"CS1773558","25/04/2026 03:24:04","","09/05/2026 03:35:26","0","639","Completed"
"CS1645516","06/09/2025 15:00:37","","08/09/2025 08:45:43","0","18061","Completed"
"CS1656795","25/09/2025 17:05:33","","26/09/2025 13:52:51","0","1273","Completed"
"CS1642387","01/09/2025 23:43:52","","15/09/2025 23:59:27","0","529","Completed"
"CS1763378","08/04/2026 08:06:41","","08/04/2026 08:35:49","0","1543","Completed"
"CS1740523","24/02/2026 08:33:14","","25/02/2026 09:43:59","0","1228","Completed"
"CS1700425","06/12/2025 11:26:08","","15/12/2025 09:07:05","0","642","Completed"
"CS1747253","07/03/2026 09:27:55","","16/03/2026 13:54:28","0","261","Completed"
"CS1750758","15/03/2026 10:25:42","","16/03/2026 13:54:17","0","406","Completed"
"CS1773595","26/04/2026 17:28:36","","10/05/2026 17:39:27","0","636","Completed"
"CS1715226","10/01/2026 11:06:00","","16/01/2026 10:50:21","0","117","Completed"
"CS1651230","17/09/2025 08:32:34","","17/09/2025 09:26:51","0","409","Completed"
"CS1812606","11/07/2026 12:22:40","","13/07/2026 13:33:49","0","79","Completed"
"CS1719184","18/01/2026 11:09:33","","01/02/2026 11:11:26","0","65","Completed"
"CS1812634","12/07/2026 12:05:10","","13/07/2026 13:33:35","0","40","Completed"
"CS1762655","05/04/2026 13:50:38","","09/04/2026 09:13:09","0","29","Completed"
"CS1739713","21/02/2026 15:27:08","","24/02/2026 08:13:28","0","46","Completed"
"CS1797704","13/06/2026 09:30:09","","15/06/2026 09:03:42","0","2095","Completed"
"CS1731323","08/02/2026 09:50:42","","09/02/2026 12:32:29","0","67","Completed"
"CS1801179","20/06/2026 11:54:56","","23/06/2026 14:08:36","0","155","Completed"
"CS1801191","21/06/2026 16:58:46","","23/06/2026 10:13:06","0","102","Completed"
"CS1664447","06/10/2025 17:13:45","","20/10/2025 17:17:28","0","130","Completed"
"CS1689130","15/11/2025 12:41:18","","29/11/2025 13:07:26","0","1530","Completed"
"CS1668298","11/10/2025 17:21:06","","25/10/2025 17:23:26","0","83","Completed"
"CS1821758","30/07/2026 02:11:01","30/07/2026 02:50:04","","0","2343","Paused"
"CS1692860","23/11/2025 10:51:59","","24/11/2025 16:05:55","0","2122","Completed"
"CS1761151","01/04/2026 08:23:32","","09/04/2026 09:13:23","0","63","Completed"
"CS1777106","02/05/2026 10:17:39","","12/05/2026 14:10:57","0","133","Completed"
"CS1685171","10/11/2025 08:50:37","","24/11/2025 08:53:26","0","70","Completed"
"CS1634648","17/08/2025 12:02:17","","19/08/2025 09:10:13","0","669","Completed"
"CS1782476","14/05/2026 07:55:57","","18/05/2026 08:29:02","0","1718","Completed"
"CS1723086","25/01/2026 13:03:49","","08/02/2026 13:05:27","0","72","Completed"
"CS1715237","11/01/2026 09:34:17","","12/01/2026 08:34:19","0","392","Completed"
"CS1782482","14/05/2026 08:03:12","","14/05/2026 08:43:22","0","1330","Completed"
"CS1723040","24/01/2026 09:27:29","","02/02/2026 08:55:29","0","235","Completed"
"CS1801169","20/06/2026 07:44:02","","22/06/2026 10:41:33","0","14015","Completed"
"CS1663336","04/10/2025 13:11:18","","18/10/2025 13:31:26","0","1132","Completed"
"CS1671817","16/10/2025 17:32:58","","30/10/2025 17:43:26","0","580","Completed"
"CS1773569","25/04/2026 10:32:33","","09/05/2026 10:47:26","0","856","Completed"
"CS1645511","06/09/2025 13:02:21","","20/09/2025 13:05:26","0","119","Completed"
"CS1634612","16/08/2025 09:09:37","","30/08/2025 09:11:26","0","83","Completed"
"CS1709782","29/12/2025 17:51:52","","12/01/2026 10:58:33","0","53","Completed"
"CS1810538","08/07/2026 08:07:46","","09/07/2026 09:31:46","0","517","Completed"
"CS1618898","19/07/2025 08:47:40","","02/08/2025 08:49:26","0","92","Completed"
"CS1719196","18/01/2026 16:32:18","","26/01/2026 08:56:52","0","1556","Completed"
"CS1638199","24/08/2025 12:01:07","","07/09/2025 12:03:26","0","73","Completed"
"CS1794271","07/06/2026 11:04:00","","08/06/2026 07:53:15","0","4578","Completed"
"CS1783899","16/05/2026 12:46:49","","19/05/2026 09:36:27","0","146","Completed"
"CS1794259","06/06/2026 12:07:39","","08/06/2026 07:53:40","0","4535","Completed"
"CS1798485","16/06/2026 08:09:52","","16/06/2026 09:18:43","0","156","Completed"
"CS1638269","26/08/2025 07:10:15","","09/09/2025 08:57:27","0","910","Completed"
"CS1783910","17/05/2026 11:56:48","","19/05/2026 09:36:18","0","107","Completed"
"CS1709216","28/12/2025 12:44:07","","11/01/2026 13:09:26","0","1518","Completed"
"CS1638180","23/08/2025 12:42:42","","06/09/2025 12:45:27","0","134","Completed"
