Case Number,Short Description Summary,Trend Category,Sub-Category,Confidence,Reasoning,Manual Review Required
CS1609962,Batch Printing not working at Netwon Abbot Hospital,Configuration & Administration,Configuration Change,High,"Case involves document output, printer configuration, scanner hardware, forms, or templates.",No
CS1610399,Reports not showing the correct details,Access & Security,Audit & Compliance,High,"Case involves Information Governance, record access audit, or viewing history request.",No
CS1613658,MIDAS Document Type details,Integration & Interfaces,Integration Failure,High,"Case relates to HL7 messaging, DAD interface, interop feeds, or message trigger failures.",No
CS1614913,Episode user data,Data Management,Data Recovery,High,"Case involves record restoration, deleted data recovery, missing e-docs, or record merging.",No
CS1616348,TO run the script to refresh the icons/flags,Integration & Interfaces,Third-Party Systems,High,Case involves external NHS services (SCR/TIE/TRUD/ODS/GP Import) or vendor system dependencies.,No
CS1616353,Majax,Integration & Interfaces,Integration Failure,High,"Case relates to HL7 messaging, DAD interface, interop feeds, or message trigger failures.",No
CS1617361,Batch Cancel Appointments,Configuration & Administration,Master Data,High,"Case involves master reference data, department/ward lookups, team setup, or site configuration.",No
CS1617557,Audit for when Special Case alert added to patient,Access & Security,Audit & Compliance,High,"Case involves Information Governance, record access audit, or viewing history request.",No
CS1618519,Server Patching  following cyber alert,Integration & Interfaces,Integration Failure,High,"Case relates to HL7 messaging, DAD interface, interop feeds, or message trigger failures.",No
CS1618831,Hl7 Message suspended,Integration & Interfaces,Integration Failure,High,"Case relates to HL7 messaging, DAD interface, interop feeds, or message trigger failures.",No
CS1618855,Flags incorrectly appearing against patients,Integration & Interfaces,Third-Party Systems,High,Case involves external NHS services (SCR/TIE/TRUD/ODS/GP Import) or vendor system dependencies.,No
CS1618897,No messages coming in from TIE,Integration & Interfaces,Third-Party Systems,High,Case involves external NHS services (SCR/TIE/TRUD/ODS/GP Import) or vendor system dependencies.,No
CS1618918,GP Connect not working,Integration & Interfaces,Third-Party Systems,High,Case involves external NHS services (SCR/TIE/TRUD/ODS/GP Import) or vendor system dependencies.,No
CS1618920,Admission Summary not working,Defects & Errors,Application Defect,Medium,"Case reports application defect, scanning blank pages, or functional error.",No
CS1618927,New patients not coming in from PAS to Symphony,Access & Security,Authentication,High,"Case relates to user authentication, password reset, SSO, or account lockout.",No
CS1619081,ODS Update (TRUD),Integration & Interfaces,Third-Party Systems,High,Case involves external NHS services (SCR/TIE/TRUD/ODS/GP Import) or vendor system dependencies.,No
CS1619318,Symphony interface down Sunday 20th July 2025,Integration & Interfaces,Integration Failure,High,"Case relates to HL7 messaging, DAD interface, interop feeds, or message trigger failures.",No
CS1620938,EIE/DAD restart,Integration & Interfaces,Integration Failure,High,"Case relates to HL7 messaging, DAD interface, interop feeds, or message trigger failures.",No
CS1622680,Unable to book into virtual physio clinic through discharge,Reporting & Analytics,Reporting,High,"Case involves SSRS report generation, custom reports, or data extraction.",No
CS1624113,DAD outbound messages queued,Integration & Interfaces,Integration Failure,High,"Case relates to HL7 messaging, DAD interface, interop feeds, or message trigger failures.",No
CS1624173,SLOW INTERFACE ISSUE,Integration & Interfaces,Integration Failure,High,"Case relates to HL7 messaging, DAD interface, interop feeds, or message trigger failures.",No
CS1624266,School DEP,Integration & Interfaces,Third-Party Systems,High,Case involves external NHS services (SCR/TIE/TRUD/ODS/GP Import) or vendor system dependencies.,No
CS1624455,Users are unable to add pead patients data through the dashboard,Access & Security,Authentication,High,"Case relates to user authentication, password reset, SSO, or account lockout.",No
CS1625056,FW: Subject Access Request  ZK,Access & Security,Audit & Compliance,High,"Case involves Information Governance, record access audit, or viewing history request.",No
CS1625249,lack or responsiveness of the System,Service Requests,New Request,Medium,"Case represents a service request for creation, software quote, or configuration updates.",No
CS1625256,BRM grey Team,Integration & Interfaces,Third-Party Systems,High,Case involves external NHS services (SCR/TIE/TRUD/ODS/GP Import) or vendor system dependencies.,No
CS1625343,GP update,Integration & Interfaces,Third-Party Systems,High,Case involves external NHS services (SCR/TIE/TRUD/ODS/GP Import) or vendor system dependencies.,No
CS1625386,Server performance and failing jobs,Integration & Interfaces,Integration Failure,High,"Case relates to HL7 messaging, DAD interface, interop feeds, or message trigger failures.",No
CS1625427,Report of patients accessed by a specific staff member,Integration & Interfaces,Third-Party Systems,High,Case involves external NHS services (SCR/TIE/TRUD/ODS/GP Import) or vendor system dependencies.,No
CS1625481,Corrupt DEP's,Integration & Interfaces,Third-Party Systems,High,Case involves external NHS services (SCR/TIE/TRUD/ODS/GP Import) or vendor system dependencies.,No
CS1625575,FW: Unable to log onto training environment of Symphony,Access & Security,Authentication,High,"Case relates to user authentication, password reset, SSO, or account lockout.",No
CS1625600,Error when opening Staff Users,Defects & Errors,Application Defect,Medium,"Case reports application defect, scanning blank pages, or functional error.",No
CS1625661,Hl7 message suspended ipm to Symphony,Integration & Interfaces,Integration Failure,High,"Case relates to HL7 messaging, DAD interface, interop feeds, or message trigger failures.",No
CS1625888,Query,Notifications & Communications,Email,High,"Case involves email notification delivery, content, or recipient issues.",No
CS1625909,Audit when alert was added and by who,Access & Security,Audit & Compliance,High,"Case involves Information Governance, record access audit, or viewing history request.",No
CS1625980,ECDS Failed,Service Requests,New Request,Medium,"Case represents a service request for creation, software quote, or configuration updates.",No
CS1626006,Sepsis Dep  in theTest environment,Access & Security,Authentication,High,"Case relates to user authentication, password reset, SSO, or account lockout.",No
CS1626109,CPIS/SCR query,Integration & Interfaces,Third-Party Systems,High,Case involves external NHS services (SCR/TIE/TRUD/ODS/GP Import) or vendor system dependencies.,No
CS1626113,Clinic end dates cannot be moved.,Configuration & Administration,Master Data,High,"Case involves master reference data, department/ward lookups, team setup, or site configuration.",No
CS1626303,CPIS/SCR check issues again,Integration & Interfaces,Third-Party Systems,High,Case involves external NHS services (SCR/TIE/TRUD/ODS/GP Import) or vendor system dependencies.,No
CS1626456,TTO duplicating comments,Data Management,Data Correction,High,"Case involves database scripts, data corrections, record timestamp fixes, or duplicate text clean-up.",No
CS1626460,Batch GP Printing NHH,Configuration & Administration,Configuration Change,High,"Case involves document output, printer configuration, scanner hardware, forms, or templates.",No
CS1626494,NCIC-AE-ME - Software - Update and or remove JRE 7,Service Requests,New Request,Medium,"Case represents a service request for creation, software quote, or configuration updates.",No
CS1626621,Should we merge a patient or transfer the episode to a new one?,Integration & Interfaces,Third-Party Systems,High,Case involves external NHS services (SCR/TIE/TRUD/ODS/GP Import) or vendor system dependencies.,No
CS1626936,Existing account inaccessible,Access & Security,User Access,High,"Case requests user access enablement, role assignment, active user list, or account reinstatement.",No
CS1626939,Replication Not Running?,Integration & Interfaces,Integration Failure,High,"Case relates to HL7 messaging, DAD interface, interop feeds, or message trigger failures.",No
CS1626943,New GP Trud version importing into Test Symphony,Integration & Interfaces,Third-Party Systems,High,Case involves external NHS services (SCR/TIE/TRUD/ODS/GP Import) or vendor system dependencies.,No
CS1627337,Reports are not capturing all information,Integration & Interfaces,Integration Failure,High,"Case relates to HL7 messaging, DAD interface, interop feeds, or message trigger failures.",No
CS1627665,Audit 25-14 Request,Access & Security,Audit & Compliance,High,"Case involves Information Governance, record access audit, or viewing history request.",No
CS1627877,Audit request,Access & Security,Audit & Compliance,High,"Case involves Information Governance, record access audit, or viewing history request.",No
CS1628227,GP connect issues on Windows 11 at Newton Abbot Hospital,Integration & Interfaces,Third-Party Systems,High,Case involves external NHS services (SCR/TIE/TRUD/ODS/GP Import) or vendor system dependencies.,No
CS1628394,Locked record on EIE,Defects & Errors,Application Defect,Medium,"Case reports application defect, scanning blank pages, or functional error.",No
CS1628460,One of the patients 7636184 N.J is been deceased on Symphony.,Integration & Interfaces,Third-Party Systems,High,Case involves external NHS services (SCR/TIE/TRUD/ODS/GP Import) or vendor system dependencies.,No
CS1628580,Symphony TEST - unable to see discharge docs go to file drop,Integration & Interfaces,Third-Party Systems,High,Case involves external NHS services (SCR/TIE/TRUD/ODS/GP Import) or vendor system dependencies.,No
CS1629212,Issue with Further assessment in  Symphony,Integration & Interfaces,Third-Party Systems,High,Case involves external NHS services (SCR/TIE/TRUD/ODS/GP Import) or vendor system dependencies.,No
CS1629223,Interface issues unable to scan to Midas,Integration & Interfaces,Integration Failure,High,"Case relates to HL7 messaging, DAD interface, interop feeds, or message trigger failures.",No
CS1629389,Test DEP Config - Duplicate field in front end,Access & Security,Audit & Compliance,High,"Case involves Information Governance, record access audit, or viewing history request.",No
CS1629631,Symphony batch reporting,Reporting & Analytics,Reporting,High,"Case involves SSRS report generation, custom reports, or data extraction.",No
CS1630293,User report,Reporting & Analytics,Reporting,High,"Case involves SSRS report generation, custom reports, or data extraction.",No
CS1630388,Clinic Missing,Configuration & Administration,Master Data,High,"Case involves master reference data, department/ward lookups, team setup, or site configuration.",No
CS1630452,Access Audit,Access & Security,Audit & Compliance,High,"Case involves Information Governance, record access audit, or viewing history request.",No
CS1630480,Server question from networks,Integration & Interfaces,Third-Party Systems,High,Case involves external NHS services (SCR/TIE/TRUD/ODS/GP Import) or vendor system dependencies.,No
CS1630486,Patient_Details_ExtraFields,Integration & Interfaces,Third-Party Systems,High,Case involves external NHS services (SCR/TIE/TRUD/ODS/GP Import) or vendor system dependencies.,No
CS1630610,EIE down locked record,Workflow & Process,Assignment,High,"Case involves task queue routing, checkout zone assignments, or ownership rules.",No
CS1630621,Record stuck in EIE,Performance & Availability,Availability,High,"Case reports application outage, site-wide failure, or service unavailability.",No
CS1630868,Messages not passing between ICE Interop and Symphony,Integration & Interfaces,Integration Failure,High,"Case relates to HL7 messaging, DAD interface, interop feeds, or message trigger failures.",No
CS1630887,Generic user can't log on,Access & Security,Authentication,High,"Case relates to user authentication, password reset, SSO, or account lockout.",No
CS1630982,Field disappeared,Access & Security,Audit & Compliance,High,"Case involves Information Governance, record access audit, or viewing history request.",No
CS1631037,Stuck Messages in DAD Outbound Queue,Integration & Interfaces,Integration Failure,High,"Case relates to HL7 messaging, DAD interface, interop feeds, or message trigger failures.",No
CS1631264,SCR / CPIS,Integration & Interfaces,Integration Failure,High,"Case relates to HL7 messaging, DAD interface, interop feeds, or message trigger failures.",No
CS1631505,CYPED e-Notes,Integration & Interfaces,Third-Party Systems,High,Case involves external NHS services (SCR/TIE/TRUD/ODS/GP Import) or vendor system dependencies.,No
CS1631603,Attendance SCR/CPIS check isnt working,Integration & Interfaces,Integration Failure,High,"Case relates to HL7 messaging, DAD interface, interop feeds, or message trigger failures.",No
CS1632045,Patient booked in but delay in showing up on Symphony,Integration & Interfaces,Integration Failure,High,"Case relates to HL7 messaging, DAD interface, interop feeds, or message trigger failures.",No
CS1632072,ED Episode did not go to iPMS (PAS),Integration & Interfaces,Integration Failure,High,"Case relates to HL7 messaging, DAD interface, interop feeds, or message trigger failures.",No
CS1632191,ODS Update advise,Integration & Interfaces,Third-Party Systems,High,Case involves external NHS services (SCR/TIE/TRUD/ODS/GP Import) or vendor system dependencies.,No
CS1632229,TRUD Files,Integration & Interfaces,Third-Party Systems,High,Case involves external NHS services (SCR/TIE/TRUD/ODS/GP Import) or vendor system dependencies.,No
CS1632672,Patient Update Message Rejected,Integration & Interfaces,Integration Failure,High,"Case relates to HL7 messaging, DAD interface, interop feeds, or message trigger failures.",No
CS1633263,DAD,Integration & Interfaces,Integration Failure,High,"Case relates to HL7 messaging, DAD interface, interop feeds, or message trigger failures.",No
CS1633351,Symphony - edocs items stuck in the outbound DAD queue,Integration & Interfaces,Integration Failure,High,"Case relates to HL7 messaging, DAD interface, interop feeds, or message trigger failures.",No
CS1633462,Wrong attendance removed,Integration & Interfaces,Third-Party Systems,High,Case involves external NHS services (SCR/TIE/TRUD/ODS/GP Import) or vendor system dependencies.,No
CS1633472,Discharged patient still on screen,Integration & Interfaces,Third-Party Systems,High,Case involves external NHS services (SCR/TIE/TRUD/ODS/GP Import) or vendor system dependencies.,No
CS1633578,printer settings,Configuration & Administration,Configuration Change,High,"Case involves document output, printer configuration, scanner hardware, forms, or templates.",No
CS1633634,Symphony error on adding specialty,Access & Security,Audit & Compliance,High,"Case involves Information Governance, record access audit, or viewing history request.",No
CS1633713,Patient showing RIP,Integration & Interfaces,Third-Party Systems,High,Case involves external NHS services (SCR/TIE/TRUD/ODS/GP Import) or vendor system dependencies.,No
CS1633770,ED Discharge Failed to send to HL,Integration & Interfaces,Third-Party Systems,High,Case involves external NHS services (SCR/TIE/TRUD/ODS/GP Import) or vendor system dependencies.,No
CS1633902,Why are patients being marked as RIP?,Integration & Interfaces,Third-Party Systems,High,Case involves external NHS services (SCR/TIE/TRUD/ODS/GP Import) or vendor system dependencies.,No
CS1633919,Can't change password without a password,Access & Security,Authentication,High,"Case relates to user authentication, password reset, SSO, or account lockout.",No
CS1634082,DAD lock - near constant - can you see what/why?,Integration & Interfaces,Integration Failure,High,"Case relates to HL7 messaging, DAD interface, interop feeds, or message trigger failures.",No
CS1634255,User Unable to Log In to Symphony,Access & Security,Authentication,High,"Case relates to user authentication, password reset, SSO, or account lockout.",No
CS1634286,Test environment-TTO dep,Configuration & Administration,System Administration,High,"Case involves server administration, disk space, failover configuration, or background environment setup.",No
CS1634535,User accounts,Access & Security,User Access,High,"Case requests user access enablement, role assignment, active user list, or account reinstatement.",No
CS1634546,Replication Not Updating,Integration & Interfaces,Third-Party Systems,High,Case involves external NHS services (SCR/TIE/TRUD/ODS/GP Import) or vendor system dependencies.,No
CS1634640,Symphony for KCHFT is not working,Reporting & Analytics,Reporting,High,"Case involves SSRS report generation, custom reports, or data extraction.",No
CS1634711,GP Sultan,Access & Security,Authentication,High,"Case relates to user authentication, password reset, SSO, or account lockout.",No
CS1634817,Stuck Messages in DAB Outbound Queue,Integration & Interfaces,Integration Failure,High,"Case relates to HL7 messaging, DAD interface, interop feeds, or message trigger failures.",No
CS1634971,RE: Stuck message in Symphony DAD queue,Integration & Interfaces,Integration Failure,High,"Case relates to HL7 messaging, DAD interface, interop feeds, or message trigger failures.",No
CS1635100,Add another column to SDU Report,Reporting & Analytics,Reporting,High,"Case involves SSRS report generation, custom reports, or data extraction.",No
CS1635104,Reports have been blank for a couple of days,Reporting & Analytics,Reporting,High,"Case involves SSRS report generation, custom reports, or data extraction.",No
CS1635171,Reinstate Routine Clinic,Configuration & Administration,Master Data,High,"Case involves master reference data, department/ward lookups, team setup, or site configuration.",No
CS1635272,backup times,Data Management,Data Correction,High,"Case involves database scripts, data corrections, record timestamp fixes, or duplicate text clean-up.",No
CS1635313,User unable to log in,Access & Security,Authentication,High,"Case relates to user authentication, password reset, SSO, or account lockout.",No
CS1635351,breach data,Integration & Interfaces,Third-Party Systems,High,Case involves external NHS services (SCR/TIE/TRUD/ODS/GP Import) or vendor system dependencies.,No
CS1635357,Symphony data issue,Integration & Interfaces,Third-Party Systems,High,Case involves external NHS services (SCR/TIE/TRUD/ODS/GP Import) or vendor system dependencies.,No
CS1635414,CS1437675  - discharge HL7 contains 1/1/2200,Access & Security,Audit & Compliance,High,"Case involves Information Governance, record access audit, or viewing history request.",No
CS1635833,GP letters failed to compile,Defects & Errors,Application Defect,Medium,"Case reports application defect, scanning blank pages, or functional error.",No
CS1635888,Is there an email address to log cases to?,Notifications & Communications,Email,High,"Case involves email notification delivery, content, or recipient issues.",No
CS1636141,ICD-10 Codes - ED Discharging,Service Requests,New Request,Medium,"Case represents a service request for creation, software quote, or configuration updates.",No
CS1636143,Recent attendance was able to override maximum re-attending time,Integration & Interfaces,Third-Party Systems,High,Case involves external NHS services (SCR/TIE/TRUD/ODS/GP Import) or vendor system dependencies.,No
CS1636643,DAD event monitor,Integration & Interfaces,Integration Failure,High,"Case relates to HL7 messaging, DAD interface, interop feeds, or message trigger failures.",No
CS1637108,Test environment- I am trying to change location on test patient 0038939,Integration & Interfaces,Third-Party Systems,High,Case involves external NHS services (SCR/TIE/TRUD/ODS/GP Import) or vendor system dependencies.,No
CS1637394,"Clinic slot locked, unable to add patient",Integration & Interfaces,Third-Party Systems,High,Case involves external NHS services (SCR/TIE/TRUD/ODS/GP Import) or vendor system dependencies.,No
CS1637450,I am trying to update a printmask in Symphony but am unable to locate the CHI pa,Integration & Interfaces,Third-Party Systems,High,Case involves external NHS services (SCR/TIE/TRUD/ODS/GP Import) or vendor system dependencies.,No
CS1637673,DAD Outbound Queue - SGH ED TimeLine and A04,Integration & Interfaces,Integration Failure,High,"Case relates to HL7 messaging, DAD interface, interop feeds, or message trigger failures.",No
CS1637706,PDS giving an error,Integration & Interfaces,Third-Party Systems,High,Case involves external NHS services (SCR/TIE/TRUD/ODS/GP Import) or vendor system dependencies.,No
CS1637795,NEW UTC Department at Cumberland Infirmary Carlisle,Configuration & Administration,Master Data,High,"Case involves master reference data, department/ward lookups, team setup, or site configuration.",No
CS1638069,Symphony > Overseas Status is Blank from iPM v8 > Luton TEST,Integration & Interfaces,Integration Failure,High,"Case relates to HL7 messaging, DAD interface, interop feeds, or message trigger failures.",No
CS1638245,Batch print-to-file GP letters for emailing,Notifications & Communications,Email,High,"Case involves email notification delivery, content, or recipient issues.",No
CS1638254,Synchronization stopped,Reporting & Analytics,Reporting,High,"Case involves SSRS report generation, custom reports, or data extraction.",No
CS1638278,Patient Add and Updates not coming through from CAMIS,Integration & Interfaces,Third-Party Systems,High,Case involves external NHS services (SCR/TIE/TRUD/ODS/GP Import) or vendor system dependencies.,No
CS1638739,Merged incorrectly,Data Management,Data Recovery,High,"Case involves record restoration, deleted data recovery, missing e-docs, or record merging.",No
CS1638819,Data cleanup required on GP Directory now upgrade patch fixes are in place.,Integration & Interfaces,Integration Failure,High,"Case relates to HL7 messaging, DAD interface, interop feeds, or message trigger failures.",No
CS1638979,BRM grey Team,Configuration & Administration,Master Data,High,"Case involves master reference data, department/ward lookups, team setup, or site configuration.",No
CS1639141,delete an episode,Integration & Interfaces,Third-Party Systems,High,Case involves external NHS services (SCR/TIE/TRUD/ODS/GP Import) or vendor system dependencies.,No
CS1639986,Billing Invoice missing,Integration & Interfaces,Third-Party Systems,High,Case involves external NHS services (SCR/TIE/TRUD/ODS/GP Import) or vendor system dependencies.,No
CS1640061,User accounts,Access & Security,User Access,High,"Case requests user access enablement, role assignment, active user list, or account reinstatement.",No
CS1640105,"logout issue- inactivity set at 2hrs, user inactive locked record  >12hrs",Integration & Interfaces,Third-Party Systems,High,Case involves external NHS services (SCR/TIE/TRUD/ODS/GP Import) or vendor system dependencies.,No
CS1640357,Patients not coming in from IPMS,Integration & Interfaces,Third-Party Systems,High,Case involves external NHS services (SCR/TIE/TRUD/ODS/GP Import) or vendor system dependencies.,No
CS1640366,Restart DAD for Symphony messaging,Integration & Interfaces,Integration Failure,High,"Case relates to HL7 messaging, DAD interface, interop feeds, or message trigger failures.",No
CS1642587,ODS/GP Update,Integration & Interfaces,Third-Party Systems,High,Case involves external NHS services (SCR/TIE/TRUD/ODS/GP Import) or vendor system dependencies.,No
CS1642757,DAD outbound messages queuing,Integration & Interfaces,Integration Failure,High,"Case relates to HL7 messaging, DAD interface, interop feeds, or message trigger failures.",No
CS1643400,SCR/CPIS attendance (possible performance),Integration & Interfaces,Integration Failure,High,"Case relates to HL7 messaging, DAD interface, interop feeds, or message trigger failures.",No
CS1643932,Error Message when loading DEP Config,Access & Security,Audit & Compliance,High,"Case involves Information Governance, record access audit, or viewing history request.",No
CS1644097,Outbound Failure DAD Messague Queue,Integration & Interfaces,Integration Failure,High,"Case relates to HL7 messaging, DAD interface, interop feeds, or message trigger failures.",No
CS1644171,MEOWS,User Guidance & Training,How-To Request,High,"Case involves operational guidance, clinical scoring setup (MEOWS/MAJAX), or usage assistance.",No
CS1644520,DAD outbound messages queued,Integration & Interfaces,Integration Failure,High,"Case relates to HL7 messaging, DAD interface, interop feeds, or message trigger failures.",No
CS1644684,Subject Access Request,Access & Security,User Access,High,"Case requests user access enablement, role assignment, active user list, or account reinstatement.",No
CS1644865,Issues with DAD,Integration & Interfaces,Integration Failure,High,"Case relates to HL7 messaging, DAD interface, interop feeds, or message trigger failures.",No
CS1645063,Requesting update on CS1598957,Service Requests,New Request,Medium,"Case represents a service request for creation, software quote, or configuration updates.",No
CS1645526,Symphony PDS Error,Integration & Interfaces,Third-Party Systems,High,Case involves external NHS services (SCR/TIE/TRUD/ODS/GP Import) or vendor system dependencies.,No
CS1645573,Unable to change path file on SYmphony Test (related to CS1628580),Performance & Availability,Performance,High,"Case reports application slowness, response lag, UI freezing, or spinning wheel.",No
CS1645664,New DEP Flag randomly disappears,Integration & Interfaces,Integration Failure,High,"Case relates to HL7 messaging, DAD interface, interop feeds, or message trigger failures.",No
CS1645897,Printing issues,Configuration & Administration,Configuration Change,High,"Case involves document output, printer configuration, scanner hardware, forms, or templates.",No
CS1645912,Symphony - printing issues on W11 machines when trying to print from ICE,Integration & Interfaces,Third-Party Systems,High,Case involves external NHS services (SCR/TIE/TRUD/ODS/GP Import) or vendor system dependencies.,No
CS1645941,*.cymru.nhs.uk certificate due to expire,Notifications & Communications,Email,High,"Case involves email notification delivery, content, or recipient issues.",No
CS1645990,Tracking screen not updating at different machines,Integration & Interfaces,Third-Party Systems,High,Case involves external NHS services (SCR/TIE/TRUD/ODS/GP Import) or vendor system dependencies.,No
CS1646102,A31 messages that fail,Integration & Interfaces,Integration Failure,High,"Case relates to HL7 messaging, DAD interface, interop feeds, or message trigger failures.",No
CS1646405,DAD restart,Integration & Interfaces,Integration Failure,High,"Case relates to HL7 messaging, DAD interface, interop feeds, or message trigger failures.",No
CS1646442,Symphony Replication Server not responding,Performance & Availability,Performance,High,"Case reports application slowness, response lag, UI freezing, or spinning wheel.",No
CS1646493,Symphony Replication Down,Reporting & Analytics,Reporting,High,"Case involves SSRS report generation, custom reports, or data extraction.",No
CS1646719,Connolly labels not printing automatically,Integration & Interfaces,Third-Party Systems,High,Case involves external NHS services (SCR/TIE/TRUD/ODS/GP Import) or vendor system dependencies.,No
CS1646731,DAD outbound messages queued,Integration & Interfaces,Integration Failure,High,"Case relates to HL7 messaging, DAD interface, interop feeds, or message trigger failures.",No
CS1646868,GP Import,Integration & Interfaces,Third-Party Systems,High,Case involves external NHS services (SCR/TIE/TRUD/ODS/GP Import) or vendor system dependencies.,No
CS1647034,"User session frozen, unable to triage",Defects & Errors,Application Defect,Medium,"Case reports application defect, scanning blank pages, or functional error.",No
CS1647425,Reinstate consultant's erroneously end dated account,Access & Security,User Access,High,Request to reinstate consultant user account.,No
CS1647580,Updated IP addresses,Integration & Interfaces,Integration Failure,High,"Case relates to HL7 messaging, DAD interface, interop feeds, or message trigger failures.",No
CS1647685,Number of connections to  a Symphony Port for HL7 Messages,Integration & Interfaces,Integration Failure,High,"Case relates to HL7 messaging, DAD interface, interop feeds, or message trigger failures.",No
CS1647822,NEWS2 score showing incorrectly,Integration & Interfaces,Third-Party Systems,High,Case involves external NHS services (SCR/TIE/TRUD/ODS/GP Import) or vendor system dependencies.,No
CS1647999,EIE Feed stopped,Integration & Interfaces,Third-Party Systems,High,Case involves external NHS services (SCR/TIE/TRUD/ODS/GP Import) or vendor system dependencies.,No
CS1648011,A&E Comm Point Down,Integration & Interfaces,Integration Failure,High,"Case relates to HL7 messaging, DAD interface, interop feeds, or message trigger failures.",No
CS1648114,Symphony DAD message  queue Outbound  failure,Integration & Interfaces,Integration Failure,High,"Case relates to HL7 messaging, DAD interface, interop feeds, or message trigger failures.",No
CS1648499,Server patches - Install date: 23/09/2025,Data Management,Data Correction,High,"Case involves database scripts, data corrections, record timestamp fixes, or duplicate text clean-up.",No
CS1648858,DAD Restart,Integration & Interfaces,Integration Failure,High,"Case relates to HL7 messaging, DAD interface, interop feeds, or message trigger failures.",No
CS1648887,system lag/slow 01:00- 02:00,Performance & Availability,Performance,High,"Case reports application slowness, response lag, UI freezing, or spinning wheel.",No
CS1648961,Audit 25-18 Request,Access & Security,Audit & Compliance,High,"Case involves Information Governance, record access audit, or viewing history request.",No
CS1649123,Audit of who created 2 records,Access & Security,Audit & Compliance,High,"Case involves Information Governance, record access audit, or viewing history request.",No
CS1649186,Audit Report of Staff Activity,Access & Security,Audit & Compliance,High,"Case involves Information Governance, record access audit, or viewing history request.",No
CS1649239,Error Message,Integration & Interfaces,Third-Party Systems,High,Case involves external NHS services (SCR/TIE/TRUD/ODS/GP Import) or vendor system dependencies.,No
CS1649249,CAS card printing issue,Reporting & Analytics,Reporting,High,"Case involves SSRS report generation, custom reports, or data extraction.",No
CS1649595,Stuck Messages in DAB Outbound Queue.,Integration & Interfaces,Integration Failure,High,"Case relates to HL7 messaging, DAD interface, interop feeds, or message trigger failures.",No
CS1649712,reported this morning unable to save triage GCED-25-042414-1,Reporting & Analytics,Reporting,High,"Case involves SSRS report generation, custom reports, or data extraction.",No
CS1649858,SYMPHONY3-DB01-Low Disk Space,Configuration & Administration,System Administration,High,"Case involves server administration, disk space, failover configuration, or background environment setup.",No
CS1649986,Audit reports only retrieving results up to 2022,Access & Security,Audit & Compliance,High,"Case involves Information Governance, record access audit, or viewing history request.",No
CS1650129,Symphony Test Interop not working to Bedford Test ICE,Integration & Interfaces,Integration Failure,High,"Case relates to HL7 messaging, DAD interface, interop feeds, or message trigger failures.",No
CS1650156,ECDS File on 09/09/2025 not loaded,Access & Security,User Access,High,"Case requests user access enablement, role assignment, active user list, or account reinstatement.",No
CS1650585,Audit of Patient record,Access & Security,Audit & Compliance,High,"Case involves Information Governance, record access audit, or viewing history request.",No
CS1650926,Error message upon log in (object variable),Access & Security,Authentication,High,"Case relates to user authentication, password reset, SSO, or account lockout.",No
CS1650930,Error message upon log in (Component 'vbalIml6.ocx'),Access & Security,Authentication,High,"Case relates to user authentication, password reset, SSO, or account lockout.",No
CS1650989,"BCUHB symphony stalled, 10:10h fail over, now SSRS summary reports incomplete",Integration & Interfaces,Integration Failure,High,"Case relates to HL7 messaging, DAD interface, interop feeds, or message trigger failures.",No
CS1651269,ED Document Duplicates,Case Administration,Closure Management,Medium,"Case relates to ticket administration, duplicate handling, or closure.",No
CS1651275,Wristband GS1 DCB1077 bar code,Configuration & Administration,Configuration Change,High,"Case involves document output, printer configuration, scanner hardware, forms, or templates.",No
CS1651493,ODS Updates,Integration & Interfaces,Third-Party Systems,High,Case involves external NHS services (SCR/TIE/TRUD/ODS/GP Import) or vendor system dependencies.,No
CS1651767,Time Out on SRS reports,Integration & Interfaces,Third-Party Systems,High,Case involves external NHS services (SCR/TIE/TRUD/ODS/GP Import) or vendor system dependencies.,No
CS1651808,Can someone tell me the solution to CS1400432,Defects & Errors,Application Defect,Medium,"Case reports application defect, scanning blank pages, or functional error.",No
CS1651867,CTM Alert,Integration & Interfaces,Integration Failure,High,"Case relates to HL7 messaging, DAD interface, interop feeds, or message trigger failures.",No
CS1651982,Remove name from record,Integration & Interfaces,Third-Party Systems,High,Case involves external NHS services (SCR/TIE/TRUD/ODS/GP Import) or vendor system dependencies.,No
CS1651984,Print jobs have disappeared,Access & Security,Audit & Compliance,High,"Case involves Information Governance, record access audit, or viewing history request.",No
CS1652018,Symphony down database server unavailable.,Performance & Availability,Availability,High,"Case reports application outage, site-wide failure, or service unavailability.",No
CS1652191,Request for Patch 14 to be applied to test environment,Configuration & Administration,System Administration,High,"Case involves server administration, disk space, failover configuration, or background environment setup.",No
CS1652757,Patient Alias,Integration & Interfaces,Third-Party Systems,High,Case involves external NHS services (SCR/TIE/TRUD/ODS/GP Import) or vendor system dependencies.,No
CS1652784,Remove DOD from Symphony,Integration & Interfaces,Third-Party Systems,High,Case involves external NHS services (SCR/TIE/TRUD/ODS/GP Import) or vendor system dependencies.,No
CS1652823,Stuck messages,Integration & Interfaces,Integration Failure,High,"Case relates to HL7 messaging, DAD interface, interop feeds, or message trigger failures.",No
CS1652960,URGENT Symphony LIVE slow and not allowing to save changes or admit patients,Integration & Interfaces,Integration Failure,High,"Case relates to HL7 messaging, DAD interface, interop feeds, or message trigger failures.",No
CS1653410,New Patient's in Symphony taking 25 minutes to send to eCAMIS,Integration & Interfaces,Third-Party Systems,High,Case involves external NHS services (SCR/TIE/TRUD/ODS/GP Import) or vendor system dependencies.,No
CS1653560,CS1400432 symphony becoming smaller when scanning,Reporting & Analytics,Reporting,High,"Case involves SSRS report generation, custom reports, or data extraction.",No
CS1653773,Patients on Bedford Symphony not going to donwstream systems first time,Integration & Interfaces,Third-Party Systems,High,Case involves external NHS services (SCR/TIE/TRUD/ODS/GP Import) or vendor system dependencies.,No
CS1653928,GP ODS update,Integration & Interfaces,Third-Party Systems,High,Case involves external NHS services (SCR/TIE/TRUD/ODS/GP Import) or vendor system dependencies.,No
CS1654157,PMI number not being created with new reg's,Integration & Interfaces,Third-Party Systems,High,Case involves external NHS services (SCR/TIE/TRUD/ODS/GP Import) or vendor system dependencies.,No
CS1654184,Test Symphony Luton Interop query,Integration & Interfaces,Third-Party Systems,High,Case involves external NHS services (SCR/TIE/TRUD/ODS/GP Import) or vendor system dependencies.,No
CS1654356,Unable to get onto Symphony Live,Performance & Availability,Availability,High,"Case reports application outage, site-wide failure, or service unavailability.",No
CS1654372,Symphony circling,Performance & Availability,Availability,High,"Case reports application outage, site-wide failure, or service unavailability.",No
CS1654708,TUH REF 749985 - Reassigning Symphony episode - Failed,Access & Security,Authentication,High,"Case relates to user authentication, password reset, SSO, or account lockout.",No
CS1655041,GP Connect Issue,Integration & Interfaces,Third-Party Systems,High,Case involves external NHS services (SCR/TIE/TRUD/ODS/GP Import) or vendor system dependencies.,No
CS1655403,GP Trud import into Live,Integration & Interfaces,Third-Party Systems,High,Case involves external NHS services (SCR/TIE/TRUD/ODS/GP Import) or vendor system dependencies.,No
CS1655421,Merge patient episode,Integration & Interfaces,Third-Party Systems,High,Case involves external NHS services (SCR/TIE/TRUD/ODS/GP Import) or vendor system dependencies.,No
CS1655514,GP Trud Feb 2025,Integration & Interfaces,Third-Party Systems,High,Case involves external NHS services (SCR/TIE/TRUD/ODS/GP Import) or vendor system dependencies.,No
CS1655606,EIE queue has locked record,Integration & Interfaces,Third-Party Systems,High,Case involves external NHS services (SCR/TIE/TRUD/ODS/GP Import) or vendor system dependencies.,No
CS1655696,FW: Patient 7793533,Integration & Interfaces,Integration Failure,High,"Case relates to HL7 messaging, DAD interface, interop feeds, or message trigger failures.",No
CS1655972,Update user surname,Performance & Availability,Performance,High,"Case reports application slowness, response lag, UI freezing, or spinning wheel.",No
CS1656053,Messages not going through,Integration & Interfaces,Integration Failure,High,"Case relates to HL7 messaging, DAD interface, interop feeds, or message trigger failures.",No
CS1656115,Discharge summaries stuck in the queue - unable to proceed,Integration & Interfaces,Integration Failure,High,"Case relates to HL7 messaging, DAD interface, interop feeds, or message trigger failures.",No
CS1657322,Missing ED Discharge Reports,Access & Security,Audit & Compliance,High,"Case involves Information Governance, record access audit, or viewing history request.",No
CS1657410,Summary Care trace issues,Integration & Interfaces,Third-Party Systems,High,Case involves external NHS services (SCR/TIE/TRUD/ODS/GP Import) or vendor system dependencies.,No
CS1657842,Restart of Symphony DAD required,Integration & Interfaces,Integration Failure,High,"Case relates to HL7 messaging, DAD interface, interop feeds, or message trigger failures.",No
CS1658283,DAD outbound messages queueing,Integration & Interfaces,Integration Failure,High,"Case relates to HL7 messaging, DAD interface, interop feeds, or message trigger failures.",No
CS1658305,Two different messaging issues,Integration & Interfaces,Integration Failure,High,"Case relates to HL7 messaging, DAD interface, interop feeds, or message trigger failures.",No
CS1658432,NHS 111 patient consultation information not showing when viewing CDA viewer.,Integration & Interfaces,Integration Failure,High,"Case relates to HL7 messaging, DAD interface, interop feeds, or message trigger failures.",No
CS1658677,Batch print-to-file GP letters for emailing,Notifications & Communications,Email,High,"Case involves email notification delivery, content, or recipient issues.",No
CS1658691,Symphony not loading,Performance & Availability,Availability,High,"Case reports application outage, site-wide failure, or service unavailability.",No
CS1658767,Password Reset,Access & Security,Authentication,High,"Case relates to user authentication, password reset, SSO, or account lockout.",No
CS1658937,unable to export from e-audit,Access & Security,Audit & Compliance,High,"Case involves Information Governance, record access audit, or viewing history request.",No
CS1659169,Inbound Patient Index Interface,Integration & Interfaces,Integration Failure,High,"Case relates to HL7 messaging, DAD interface, interop feeds, or message trigger failures.",No
CS1660144,Request to update Symphony filepaths for new file share,Service Requests,New Request,Medium,"Case represents a service request for creation, software quote, or configuration updates.",No
CS1660862,.ico files and what they are bound to/ flagged /represent in BCUHB Symph,Access & Security,User Access,High,"Case requests user access enablement, role assignment, active user list, or account reinstatement.",No
CS1661231,Check that interface is working,Integration & Interfaces,Integration Failure,High,"Case relates to HL7 messaging, DAD interface, interop feeds, or message trigger failures.",No
CS1661369,DAD Interface,Integration & Interfaces,Integration Failure,High,"Case relates to HL7 messaging, DAD interface, interop feeds, or message trigger failures.",No
CS1661448,Failed message delivery,Workflow & Process,Assignment,High,"Case involves task queue routing, checkout zone assignments, or ownership rules.",No
CS1661975,Viewing MIDAs Filepaths,Configuration & Administration,Master Data,High,"Case involves master reference data, department/ward lookups, team setup, or site configuration.",No
CS1662185,Clinic slot double booked,Integration & Interfaces,Third-Party Systems,High,Case involves external NHS services (SCR/TIE/TRUD/ODS/GP Import) or vendor system dependencies.,No
CS1662220,Quotation required,Configuration & Administration,Configuration Change,High,"Case involves document output, printer configuration, scanner hardware, forms, or templates.",No
CS1662446,DAD Interface,Integration & Interfaces,Integration Failure,High,"Case relates to HL7 messaging, DAD interface, interop feeds, or message trigger failures.",No
CS1662576,Naas RIP patient,Integration & Interfaces,Third-Party Systems,High,Case involves external NHS services (SCR/TIE/TRUD/ODS/GP Import) or vendor system dependencies.,No
CS1662863,MIDAS Scanner Query,Configuration & Administration,Configuration Change,High,"Case involves document output, printer configuration, scanner hardware, forms, or templates.",No
CS1662970,Bedford Symphony Test outbound A28 message,Integration & Interfaces,Integration Failure,High,"Case relates to HL7 messaging, DAD interface, interop feeds, or message trigger failures.",No
CS1663026,Audit when User last accessed system,Access & Security,Audit & Compliance,High,"Case involves Information Governance, record access audit, or viewing history request.",No
CS1663128,Luton Symphony UAT - GP Blank,Integration & Interfaces,Integration Failure,High,"Case relates to HL7 messaging, DAD interface, interop feeds, or message trigger failures.",No
CS1663387,BRM gey team,Configuration & Administration,Master Data,High,"Case involves master reference data, department/ward lookups, team setup, or site configuration.",No
CS1663458,Multiple Clients Cant connect,Reporting & Analytics,Dashboard,High,"Case involves dashboard configuration, metrics display, or dashboard access.",No
CS1663654,unable to log into training,Access & Security,Authentication,High,"Case relates to user authentication, password reset, SSO, or account lockout.",No
CS1663883,ICD10 Codes for ED Discharge diagnosis,Integration & Interfaces,Integration Failure,High,"Case relates to HL7 messaging, DAD interface, interop feeds, or message trigger failures.",No
CS1663945,Inbound interface from Test CaMIS,Integration & Interfaces,Integration Failure,High,"Case relates to HL7 messaging, DAD interface, interop feeds, or message trigger failures.",No
CS1664213,New Depts - quick query,Configuration & Administration,Master Data,High,"Case involves master reference data, department/ward lookups, team setup, or site configuration.",No
CS1664380,Unable to complete many DEPs in Symphony Test,Access & Security,Audit & Compliance,High,"Case involves Information Governance, record access audit, or viewing history request.",No
CS1664439,Staff access,Integration & Interfaces,Third-Party Systems,High,Case involves external NHS services (SCR/TIE/TRUD/ODS/GP Import) or vendor system dependencies.,No
CS1664595,Test database ( HDC-UT-SYMSQL2) HA paused,Data Management,Data Correction,High,"Case involves database scripts, data corrections, record timestamp fixes, or duplicate text clean-up.",No
CS1664810,Connolly - Replication failure alert,Notifications & Communications,Alerts,High,Case relates to system alert configuration or missing automated alerts.,No
CS1665278,PDS search to the spine,Integration & Interfaces,Third-Party Systems,High,Case involves external NHS services (SCR/TIE/TRUD/ODS/GP Import) or vendor system dependencies.,No
CS1665317,Symphony - Bed Booked DEP,Integration & Interfaces,Third-Party Systems,High,Case involves external NHS services (SCR/TIE/TRUD/ODS/GP Import) or vendor system dependencies.,No
CS1665653,Missing attendance,Access & Security,Audit & Compliance,High,"Case involves Information Governance, record access audit, or viewing history request.",No
CS1665974,DAD outbound MPI messages queueing,Integration & Interfaces,Integration Failure,High,"Case relates to HL7 messaging, DAD interface, interop feeds, or message trigger failures.",No
CS1666316,Audit of symphony users accessing patient demographics,Access & Security,Audit & Compliance,High,"Case involves Information Governance, record access audit, or viewing history request.",No
CS1666513,patient number mix up,Integration & Interfaces,Third-Party Systems,High,Case involves external NHS services (SCR/TIE/TRUD/ODS/GP Import) or vendor system dependencies.,No
CS1666714,Batch printing jobs not showing for W11,Integration & Interfaces,Third-Party Systems,High,Case involves external NHS services (SCR/TIE/TRUD/ODS/GP Import) or vendor system dependencies.,No
CS1667045,Clinic slot double booked,Integration & Interfaces,Third-Party Systems,High,Case involves external NHS services (SCR/TIE/TRUD/ODS/GP Import) or vendor system dependencies.,No
CS1667215,Print Template Editor query,Integration & Interfaces,Integration Failure,High,"Case relates to HL7 messaging, DAD interface, interop feeds, or message trigger failures.",No
CS1667460,User ID,Access & Security,Audit & Compliance,High,"Case involves Information Governance, record access audit, or viewing history request.",No
CS1667469,Deceased in Error,Integration & Interfaces,Third-Party Systems,High,Case involves external NHS services (SCR/TIE/TRUD/ODS/GP Import) or vendor system dependencies.,No
CS1667484,DAD Restart,Integration & Interfaces,Integration Failure,High,"Case relates to HL7 messaging, DAD interface, interop feeds, or message trigger failures.",No
CS1667568,Unable to see Service Accounts - James Connolly,Integration & Interfaces,Integration Failure,High,"Case relates to HL7 messaging, DAD interface, interop feeds, or message trigger failures.",No
CS1668253,Trust have called for a dad restart,Integration & Interfaces,Integration Failure,High,"Case relates to HL7 messaging, DAD interface, interop feeds, or message trigger failures.",No
CS1668408,Messages not going to adastra,Service Requests,New Request,Medium,"Case represents a service request for creation, software quote, or configuration updates.",No
CS1668512,ODS Update on Test,Integration & Interfaces,Third-Party Systems,High,Case involves external NHS services (SCR/TIE/TRUD/ODS/GP Import) or vendor system dependencies.,No
CS1668516,e-Notes,Access & Security,Audit & Compliance,High,"Case involves Information Governance, record access audit, or viewing history request.",No
CS1668632,CS1649239 EHIC Error,Integration & Interfaces,Integration Failure,High,"Case relates to HL7 messaging, DAD interface, interop feeds, or message trigger failures.",No
CS1668662,issue patient duplicate,Integration & Interfaces,Integration Failure,High,"Case relates to HL7 messaging, DAD interface, interop feeds, or message trigger failures.",No
CS1669046,Score on New DEP not working,Integration & Interfaces,Third-Party Systems,High,Case involves external NHS services (SCR/TIE/TRUD/ODS/GP Import) or vendor system dependencies.,No
CS1669084,TRUD ODS update to live 5 November 2025,Integration & Interfaces,Third-Party Systems,High,Case involves external NHS services (SCR/TIE/TRUD/ODS/GP Import) or vendor system dependencies.,No
CS1669729,DAD outbound messages queued,Integration & Interfaces,Integration Failure,High,"Case relates to HL7 messaging, DAD interface, interop feeds, or message trigger failures.",No
CS1669779,in new DEP I am unable to add in a lookup list please see attached,Configuration & Administration,Master Data,High,"Case involves master reference data, department/ward lookups, team setup, or site configuration.",No
CS1669856,Unable to get print job in Symphony to print,Configuration & Administration,Configuration Change,High,"Case involves document output, printer configuration, scanner hardware, forms, or templates.",No
CS1670128,OOH - DAD Restart,Access & Security,Audit & Compliance,High,"Case involves Information Governance, record access audit, or viewing history request.",No
CS1670198,Access to Patient record,Access & Security,Audit & Compliance,High,"Case involves Information Governance, record access audit, or viewing history request.",No
CS1670256,EIE feed has gone down,Integration & Interfaces,Third-Party Systems,High,Case involves external NHS services (SCR/TIE/TRUD/ODS/GP Import) or vendor system dependencies.,No
CS1670369,Access to a patient record,Access & Security,Audit & Compliance,High,"Case involves Information Governance, record access audit, or viewing history request.",No
CS1670492,Postcode lookup has an error,Configuration & Administration,Master Data,High,"Case involves master reference data, department/ward lookups, team setup, or site configuration.",No
CS1670692,Case Number CS1666513,Access & Security,Authentication,High,"Case relates to user authentication, password reset, SSO, or account lockout.",No
CS1670702,Replication looks to be down or backed up,Integration & Interfaces,Third-Party Systems,High,Case involves external NHS services (SCR/TIE/TRUD/ODS/GP Import) or vendor system dependencies.,No
CS1670706,Flags Issue - Patients displaying with Paediatric & Sepsis flags,Integration & Interfaces,Integration Failure,High,"Case relates to HL7 messaging, DAD interface, interop feeds, or message trigger failures.",No
CS1670967,OOH - DAD restart,Integration & Interfaces,Integration Failure,High,"Case relates to HL7 messaging, DAD interface, interop feeds, or message trigger failures.",No
CS1670987,DAD Restart,Integration & Interfaces,Integration Failure,High,"Case relates to HL7 messaging, DAD interface, interop feeds, or message trigger failures.",No
CS1670997,TIE interface show messages pending,Integration & Interfaces,Integration Failure,High,"Case relates to HL7 messaging, DAD interface, interop feeds, or message trigger failures.",No
CS1671060,Issue with flags in Symphony,Integration & Interfaces,Third-Party Systems,High,Case involves external NHS services (SCR/TIE/TRUD/ODS/GP Import) or vendor system dependencies.,No
CS1671191,DHCW Integration unable to send messages from MPI to SBHB WEDS,Integration & Interfaces,Integration Failure,High,"Case relates to HL7 messaging, DAD interface, interop feeds, or message trigger failures.",No
CS1671242,SQL Server,Integration & Interfaces,Third-Party Systems,High,Case involves external NHS services (SCR/TIE/TRUD/ODS/GP Import) or vendor system dependencies.,No
CS1671291,ECDS submission - Looks like our attendance source mappings are not correct.,Integration & Interfaces,Integration Failure,High,"Case relates to HL7 messaging, DAD interface, interop feeds, or message trigger failures.",No
CS1671396,Remove DoD,Integration & Interfaces,Third-Party Systems,High,Case involves external NHS services (SCR/TIE/TRUD/ODS/GP Import) or vendor system dependencies.,No
CS1671416,Add deceased marker,Integration & Interfaces,Third-Party Systems,High,Case involves external NHS services (SCR/TIE/TRUD/ODS/GP Import) or vendor system dependencies.,No
CS1671620,edocs help,User Guidance & Training,How-To Request,High,"Case involves operational guidance, clinical scoring setup (MEOWS/MAJAX), or usage assistance.",No
CS1671962,Special Needs Data,Integration & Interfaces,Integration Failure,High,"Case relates to HL7 messaging, DAD interface, interop feeds, or message trigger failures.",No
CS1672030,Print job 'Triage' folder missing under Print Jobs Adults,Integration & Interfaces,Third-Party Systems,High,Case involves external NHS services (SCR/TIE/TRUD/ODS/GP Import) or vendor system dependencies.,No
CS1672331,Symphony Test environment only sending through new Eye Cas attendances into TIE.,Integration & Interfaces,Integration Failure,High,"Case relates to HL7 messaging, DAD interface, interop feeds, or message trigger failures.",No
CS1672424,Audit request - 7716202,Access & Security,Audit & Compliance,High,"Case involves Information Governance, record access audit, or viewing history request.",No
CS1673122,edocs Category lookup,Integration & Interfaces,Third-Party Systems,High,Case involves external NHS services (SCR/TIE/TRUD/ODS/GP Import) or vendor system dependencies.,No
CS1673273,Totnes GP letters blank - URGENT,Reporting & Analytics,Reporting,High,"Case involves SSRS report generation, custom reports, or data extraction.",No
CS1673332,Affinity Portal internal issue,Integration & Interfaces,Third-Party Systems,High,Case involves external NHS services (SCR/TIE/TRUD/ODS/GP Import) or vendor system dependencies.,No
CS1673599,Re server PNDCFPRSYMPH053 IP 10.0.4.222,Configuration & Administration,System Administration,High,"Case involves server administration, disk space, failover configuration, or background environment setup.",No
CS1673828,User account soft deleted,Access & Security,Authentication,High,"Case relates to user authentication, password reset, SSO, or account lockout.",No
CS1674001,edocs - attaching to a patient,Integration & Interfaces,Third-Party Systems,High,Case involves external NHS services (SCR/TIE/TRUD/ODS/GP Import) or vendor system dependencies.,No
CS1674089,CP-IS issue,Defects & Errors,Application Defect,Medium,"Case reports application defect, scanning blank pages, or functional error.",No
CS1674511,Access to patient records,Access & Security,Authentication,High,"Case relates to user authentication, password reset, SSO, or account lockout.",No
CS1674972,Dead locks on Symphony,Integration & Interfaces,Integration Failure,High,"Case relates to HL7 messaging, DAD interface, interop feeds, or message trigger failures.",No
CS1675238,GP letters cannot be printed,Configuration & Administration,Master Data,High,"Case involves master reference data, department/ward lookups, team setup, or site configuration.",No
CS1675378,OOH - Symphony message delays,Performance & Availability,Performance,High,"Case reports application slowness, response lag, UI freezing, or spinning wheel.",No
CS1675797,Breaches report,Access & Security,Audit & Compliance,High,"Case involves Information Governance, record access audit, or viewing history request.",No
CS1675929,Data not showing on letters - Please see CS1673273,Defects & Errors,Application Defect,Medium,"Case reports application defect, scanning blank pages, or functional error.",No
CS1676292,1458724 - Address update audit,Access & Security,Audit & Compliance,High,"Case involves Information Governance, record access audit, or viewing history request.",No
CS1676740,Odd dates on discharge letter,Integration & Interfaces,Integration Failure,High,"Case relates to HL7 messaging, DAD interface, interop feeds, or message trigger failures.",No
CS1677216,Audit request,Access & Security,Audit & Compliance,High,"Case involves Information Governance, record access audit, or viewing history request.",No
CS1677275,Patient Audit - J251591,Access & Security,Audit & Compliance,High,"Case involves Information Governance, record access audit, or viewing history request.",No
CS1677421,Reporting on pregnant ladies who are requested an x-ray,Access & Security,Audit & Compliance,High,"Case involves Information Governance, record access audit, or viewing history request.",No
CS1677810,DAD outbound queue messages building,Integration & Interfaces,Integration Failure,High,"Case relates to HL7 messaging, DAD interface, interop feeds, or message trigger failures.",No
CS1678077,GP Trud into live Symphony - 26.11.25,Integration & Interfaces,Third-Party Systems,High,Case involves external NHS services (SCR/TIE/TRUD/ODS/GP Import) or vendor system dependencies.,No
CS1678543,Clinic slot locked,Integration & Interfaces,Third-Party Systems,High,Case involves external NHS services (SCR/TIE/TRUD/ODS/GP Import) or vendor system dependencies.,No
CS1678622,Remove RIP on Symphony,Integration & Interfaces,Third-Party Systems,High,Case involves external NHS services (SCR/TIE/TRUD/ODS/GP Import) or vendor system dependencies.,No
CS1678683,Interface appeared to have stopped,Integration & Interfaces,Integration Failure,High,"Case relates to HL7 messaging, DAD interface, interop feeds, or message trigger failures.",No
CS1679127,Symphony has removed NHS numbers for patients in eCamis.,Integration & Interfaces,Third-Party Systems,High,Case involves external NHS services (SCR/TIE/TRUD/ODS/GP Import) or vendor system dependencies.,No
CS1679586,Restart DAD,Integration & Interfaces,Integration Failure,High,"Case relates to HL7 messaging, DAD interface, interop feeds, or message trigger failures.",No
CS1680292,WebServer Issuesa,Service Requests,New Request,Medium,"Case represents a service request for creation, software quote, or configuration updates.",No
CS1680689,ECDS failure,Integration & Interfaces,Integration Failure,High,"Case relates to HL7 messaging, DAD interface, interop feeds, or message trigger failures.",No
CS1680703,Incorrect  hospital number on Symphony documentation,Integration & Interfaces,Integration Failure,High,"Case relates to HL7 messaging, DAD interface, interop feeds, or message trigger failures.",No
CS1680872,"User locked out, require password reset.",Access & Security,Authentication,High,"Case relates to user authentication, password reset, SSO, or account lockout.",No
CS1680999,Staff member,Integration & Interfaces,Integration Failure,High,"Case relates to HL7 messaging, DAD interface, interop feeds, or message trigger failures.",No
CS1681125,Still awaiting quote from CS1645063,Service Requests,New Request,Medium,"Case represents a service request for creation, software quote, or configuration updates.",No
CS1681341,"SSRS reporting,  summary report",Integration & Interfaces,Third-Party Systems,High,Case involves external NHS services (SCR/TIE/TRUD/ODS/GP Import) or vendor system dependencies.,No
CS1681361,Dr unable to request radiology or assign self to patient,Integration & Interfaces,Integration Failure,High,"Case relates to HL7 messaging, DAD interface, interop feeds, or message trigger failures.",No
CS1681495,CEAU caregroup,Access & Security,Audit & Compliance,High,"Case involves Information Governance, record access audit, or viewing history request.",No
CS1681867,Audit of Patient record access,Access & Security,Audit & Compliance,High,"Case involves Information Governance, record access audit, or viewing history request.",No
CS1682503,Wristband Printer Stability / Performance Improvement,Integration & Interfaces,Integration Failure,High,"Case relates to HL7 messaging, DAD interface, interop feeds, or message trigger failures.",No
CS1682520,Application not loading,Access & Security,Authentication,High,"Case relates to user authentication, password reset, SSO, or account lockout.",No
CS1682567,Escalation re CS1645063 and CS1681125,Integration & Interfaces,Integration Failure,High,"Case relates to HL7 messaging, DAD interface, interop feeds, or message trigger failures.",No
CS1682637,Symphony not opening for some users,Access & Security,Authentication,High,"Case relates to user authentication, password reset, SSO, or account lockout.",No
CS1682694,ADT A08 - Location Messages backing up,Integration & Interfaces,Integration Failure,High,"Case relates to HL7 messaging, DAD interface, interop feeds, or message trigger failures.",No
CS1682710,Anomoly with GP letters,Integration & Interfaces,Integration Failure,High,"Case relates to HL7 messaging, DAD interface, interop feeds, or message trigger failures.",No
CS1683043,Reference URL,Configuration & Administration,Master Data,High,"Case involves master reference data, department/ward lookups, team setup, or site configuration.",No
CS1683171,Two fields feeding into the same back end field,Reporting & Analytics,Reporting,High,"Case involves SSRS report generation, custom reports, or data extraction.",No
CS1683601,Symphony Test Environment: GP data,Access & Security,Authentication,High,"Case relates to user authentication, password reset, SSO, or account lockout.",No
CS1683616,Symphony NHS 111 Test system not communicating with Maxims,Access & Security,Audit & Compliance,High,"Case involves Information Governance, record access audit, or viewing history request.",No
CS1683876,Audit of staff,Access & Security,Audit & Compliance,High,"Case involves Information Governance, record access audit, or viewing history request.",No
CS1683883,Symphony Triage is not working,Integration & Interfaces,Third-Party Systems,High,Case involves external NHS services (SCR/TIE/TRUD/ODS/GP Import) or vendor system dependencies.,No
CS1683979,Problem scanning from MIDAS,Configuration & Administration,Configuration Change,High,"Case involves document output, printer configuration, scanner hardware, forms, or templates.",No
CS1683997,HL 7 updates not reaching Symphony,Integration & Interfaces,Third-Party Systems,High,Case involves external NHS services (SCR/TIE/TRUD/ODS/GP Import) or vendor system dependencies.,No
CS1684101,Cannula Check - Hand Hygiene,Integration & Interfaces,Third-Party Systems,High,Case involves external NHS services (SCR/TIE/TRUD/ODS/GP Import) or vendor system dependencies.,No
CS1684227,Blank Gap with Flags,Integration & Interfaces,Third-Party Systems,High,Case involves external NHS services (SCR/TIE/TRUD/ODS/GP Import) or vendor system dependencies.,No
CS1684438,CIS1 / CIS2 change and impact on scr/cpis,Access & Security,User Access,High,"Case requests user access enablement, role assignment, active user list, or account reinstatement.",No
CS1684555,FW: IG breach,Access & Security,Audit & Compliance,High,"Case involves Information Governance, record access audit, or viewing history request.",No
CS1684944,on symphony on 7 episodes no billing created no invoice created,Service Requests,New Request,Medium,"Case represents a service request for creation, software quote, or configuration updates.",No
CS1685103,Called and asked for dad restart,Integration & Interfaces,Integration Failure,High,"Case relates to HL7 messaging, DAD interface, interop feeds, or message trigger failures.",No
CS1685104,messages not going to maxims,Integration & Interfaces,Integration Failure,High,"Case relates to HL7 messaging, DAD interface, interop feeds, or message trigger failures.",No
CS1685133,Can't access DEP config Test,Access & Security,Audit & Compliance,High,"Case involves Information Governance, record access audit, or viewing history request.",No
CS1685746,Confirm location of Discharge documents for Kainos,Configuration & Administration,Master Data,High,"Case involves master reference data, department/ward lookups, team setup, or site configuration.",No
CS1685775,Audit 25-21,Access & Security,Audit & Compliance,High,"Case involves Information Governance, record access audit, or viewing history request.",No
CS1686017,e notes,Integration & Interfaces,Third-Party Systems,High,Case involves external NHS services (SCR/TIE/TRUD/ODS/GP Import) or vendor system dependencies.,No
CS1686145,Patient Access Audit,Access & Security,Audit & Compliance,High,"Case involves Information Governance, record access audit, or viewing history request.",No
CS1686351,Password for generic accounts,Access & Security,Authentication,High,"Case relates to user authentication, password reset, SSO, or account lockout.",No
CS1686561,Missing Data,Integration & Interfaces,Integration Failure,High,"Case relates to HL7 messaging, DAD interface, interop feeds, or message trigger failures.",No
CS1686623,GP ODS Update,Integration & Interfaces,Third-Party Systems,High,Case involves external NHS services (SCR/TIE/TRUD/ODS/GP Import) or vendor system dependencies.,No
CS1686680,Linking symphony to other systems,Integration & Interfaces,Third-Party Systems,High,Case involves external NHS services (SCR/TIE/TRUD/ODS/GP Import) or vendor system dependencies.,No
CS1686772,User locked DEP live - Needed asap,Defects & Errors,Application Defect,Medium,"Case reports application defect, scanning blank pages, or functional error.",No
CS1686776,Staff member has issue with triage cards,Configuration & Administration,Configuration Change,High,"Case involves document output, printer configuration, scanner hardware, forms, or templates.",No
CS1686934,Staff audit,Access & Security,Audit & Compliance,High,"Case involves Information Governance, record access audit, or viewing history request.",No
CS1687129,Query Regarding Server Shifts within BSO,Reporting & Analytics,Reporting,High,"Case involves SSRS report generation, custom reports, or data extraction.",No
CS1687265,FW: Audit J RIce,Access & Security,Audit & Compliance,High,"Case involves Information Governance, record access audit, or viewing history request.",No
CS1687610,Luton and Bedford Symphony - Initial Assessment for Patients in ED,Integration & Interfaces,Third-Party Systems,High,Case involves external NHS services (SCR/TIE/TRUD/ODS/GP Import) or vendor system dependencies.,No
CS1687614,MYHSAE53 - EIE failover?,Configuration & Administration,System Administration,High,"Case involves server administration, disk space, failover configuration, or background environment setup.",No
CS1687643,Symphony Down - all terminals,Access & Security,Authentication,High,"Case relates to user authentication, password reset, SSO, or account lockout.",No
CS1687646,Symphony Comm Point Down,Integration & Interfaces,Integration Failure,High,"Case relates to HL7 messaging, DAD interface, interop feeds, or message trigger failures.",No
CS1687713,ECDS further details,Access & Security,Audit & Compliance,High,"Case involves Information Governance, record access audit, or viewing history request.",No
CS1687790,Script to reinstate deleted accounts,Integration & Interfaces,Third-Party Systems,High,Case involves external NHS services (SCR/TIE/TRUD/ODS/GP Import) or vendor system dependencies.,No
CS1688222,Symphony running very slowly,Performance & Availability,Availability,High,"Case reports application outage, site-wide failure, or service unavailability.",No
CS1688374,Symphony Down - all terminals,Access & Security,Authentication,High,"Case relates to user authentication, password reset, SSO, or account lockout.",No
CS1688440,Patient with 770 episodes causing lag in system,Integration & Interfaces,Third-Party Systems,High,Case involves external NHS services (SCR/TIE/TRUD/ODS/GP Import) or vendor system dependencies.,No
CS1689088,DAD Restart,Integration & Interfaces,Integration Failure,High,"Case relates to HL7 messaging, DAD interface, interop feeds, or message trigger failures.",No
CS1689146,Patients are not coming in from IPMS,Integration & Interfaces,Integration Failure,High,"Case relates to HL7 messaging, DAD interface, interop feeds, or message trigger failures.",No
CS1689237,Stuck Messages in DAB Outbound Queue.,Integration & Interfaces,Integration Failure,High,"Case relates to HL7 messaging, DAD interface, interop feeds, or message trigger failures.",No
CS1689547,system failure,Performance & Availability,Availability,High,"Case reports application outage, site-wide failure, or service unavailability.",No
CS1689583,Staff audit,Access & Security,Audit & Compliance,High,"Case involves Information Governance, record access audit, or viewing history request.",No
CS1689934,BRM Grey team,Configuration & Administration,Master Data,High,"Case involves master reference data, department/ward lookups, team setup, or site configuration.",No
CS1690248,Security vulnerabilities on Symphony servers,Integration & Interfaces,Integration Failure,High,"Case relates to HL7 messaging, DAD interface, interop feeds, or message trigger failures.",No
CS1690495,Start and End date on Indicators,Notifications & Communications,Alerts,High,Case relates to system alert configuration or missing automated alerts.,No
CS1690600,Diagnosis lookup not populating in symphony (correctly/reliably),Integration & Interfaces,Third-Party Systems,High,Case involves external NHS services (SCR/TIE/TRUD/ODS/GP Import) or vendor system dependencies.,No
CS1690874,Active Users on Symphony,Access & Security,User Access,High,"Case requests user access enablement, role assignment, active user list, or account reinstatement.",No
CS1691145,Messaging issues,Integration & Interfaces,Integration Failure,High,"Case relates to HL7 messaging, DAD interface, interop feeds, or message trigger failures.",No
CS1691354,Lookup Entry - Character Limit,Configuration & Administration,Master Data,High,"Case involves master reference data, department/ward lookups, team setup, or site configuration.",No
CS1691430,Symphony down,Access & Security,Authentication,High,"Case relates to user authentication, password reset, SSO, or account lockout.",No
CS1691479,A&E episode does not go through to iPM,Integration & Interfaces,Third-Party Systems,High,Case involves external NHS services (SCR/TIE/TRUD/ODS/GP Import) or vendor system dependencies.,No
CS1691662,Patient audit,Access & Security,Audit & Compliance,High,"Case involves Information Governance, record access audit, or viewing history request.",No
CS1691767,Creation of user,Access & Security,Authentication,High,"Case relates to user authentication, password reset, SSO, or account lockout.",No
CS1691956,TUH REF 745300 - DAD Queue Outbound - Suspended Status,Integration & Interfaces,Integration Failure,High,"Case relates to HL7 messaging, DAD interface, interop feeds, or message trigger failures.",No
CS1691974,Messages Stuck,Integration & Interfaces,Integration Failure,High,"Case relates to HL7 messaging, DAD interface, interop feeds, or message trigger failures.",No
CS1692121,Restart of Live DAD required,Integration & Interfaces,Integration Failure,High,"Case relates to HL7 messaging, DAD interface, interop feeds, or message trigger failures.",No
CS1692263,SCR not working,Integration & Interfaces,Third-Party Systems,High,Case involves external NHS services (SCR/TIE/TRUD/ODS/GP Import) or vendor system dependencies.,No
CS1692395,Restart of Live Symphony DAD required,Integration & Interfaces,Integration Failure,High,"Case relates to HL7 messaging, DAD interface, interop feeds, or message trigger failures.",No
CS1692455,DAD outbound messages queuing,Integration & Interfaces,Integration Failure,High,"Case relates to HL7 messaging, DAD interface, interop feeds, or message trigger failures.",No
CS1692694,Can't print patient labels — NAAS,Integration & Interfaces,Third-Party Systems,High,Case involves external NHS services (SCR/TIE/TRUD/ODS/GP Import) or vendor system dependencies.,No
CS1692862,DAD restart required,Integration & Interfaces,Integration Failure,High,"Case relates to HL7 messaging, DAD interface, interop feeds, or message trigger failures.",No
CS1693468,repeated locks via DAD on attendance/reception,Integration & Interfaces,Integration Failure,High,"Case relates to HL7 messaging, DAD interface, interop feeds, or message trigger failures.",No
CS1693472,overwrite test DB,Performance & Availability,Performance,High,"Case reports application slowness, response lag, UI freezing, or spinning wheel.",No
CS1693659,Printing Older Records,Integration & Interfaces,Third-Party Systems,High,Case involves external NHS services (SCR/TIE/TRUD/ODS/GP Import) or vendor system dependencies.,No
CS1693984,access to specific patient,Integration & Interfaces,Third-Party Systems,High,Case involves external NHS services (SCR/TIE/TRUD/ODS/GP Import) or vendor system dependencies.,No
CS1694812,GP search on Symphony,Integration & Interfaces,Third-Party Systems,High,Case involves external NHS services (SCR/TIE/TRUD/ODS/GP Import) or vendor system dependencies.,No
CS1695294,Discharge summary stuck in the queue - unable to proceed,Integration & Interfaces,Integration Failure,High,"Case relates to HL7 messaging, DAD interface, interop feeds, or message trigger failures.",No
CS1695721,IG audit request,Access & Security,Audit & Compliance,High,"Case involves Information Governance, record access audit, or viewing history request.",No
CS1696131,Increased inbound messages to DHCW,Integration & Interfaces,Integration Failure,High,"Case relates to HL7 messaging, DAD interface, interop feeds, or message trigger failures.",No
CS1696308,Error message when trying to batch print,Configuration & Administration,Configuration Change,High,"Case involves document output, printer configuration, scanner hardware, forms, or templates.",No
CS1696807,Batch Printing Error,Integration & Interfaces,Third-Party Systems,High,Case involves external NHS services (SCR/TIE/TRUD/ODS/GP Import) or vendor system dependencies.,No
CS1697294,Request and Outcome Not Working,Access & Security,Audit & Compliance,High,"Case involves Information Governance, record access audit, or viewing history request.",No
CS1697540,SCR/CPIS not working,Integration & Interfaces,Integration Failure,High,"Case relates to HL7 messaging, DAD interface, interop feeds, or message trigger failures.",No
CS1697910,ODS/GP Updates,Integration & Interfaces,Third-Party Systems,High,Case involves external NHS services (SCR/TIE/TRUD/ODS/GP Import) or vendor system dependencies.,No
CS1698046,TUH REF 761575 - Discharge Document not sent to Synergy,Reporting & Analytics,Reporting,High,"Case involves SSRS report generation, custom reports, or data extraction.",No
CS1698201,"National Patient Safety Alert - Audit of ""penicillamine""",Access & Security,Audit & Compliance,High,"Case involves Information Governance, record access audit, or viewing history request.",No
CS1698216,Updates servers - 11th Dec,Data Management,Data Correction,High,"Case involves database scripts, data corrections, record timestamp fixes, or duplicate text clean-up.",No
CS1699113,SCR down,Integration & Interfaces,Third-Party Systems,High,Case involves external NHS services (SCR/TIE/TRUD/ODS/GP Import) or vendor system dependencies.,No
CS1699144,Symphony won't allow backdated discharge,Integration & Interfaces,Third-Party Systems,High,Case involves external NHS services (SCR/TIE/TRUD/ODS/GP Import) or vendor system dependencies.,No
CS1699444,GP MFN interface does not apply the information correctly,Integration & Interfaces,Integration Failure,High,"Case relates to HL7 messaging, DAD interface, interop feeds, or message trigger failures.",No
CS1699448,Test Symphony - Tracking Grid Not displaying new admissions,Integration & Interfaces,Third-Party Systems,High,Case involves external NHS services (SCR/TIE/TRUD/ODS/GP Import) or vendor system dependencies.,No
CS1699783,Pulling in GP details,Integration & Interfaces,Third-Party Systems,High,Case involves external NHS services (SCR/TIE/TRUD/ODS/GP Import) or vendor system dependencies.,No
CS1700043,Symphony printing issues on Windows 11,Integration & Interfaces,Third-Party Systems,High,Case involves external NHS services (SCR/TIE/TRUD/ODS/GP Import) or vendor system dependencies.,No
CS1700322,Symphony Failover Cluster is not showing DAD,Integration & Interfaces,Integration Failure,High,"Case relates to HL7 messaging, DAD interface, interop feeds, or message trigger failures.",No
CS1700704,Restart of Symphony DAD required,Integration & Interfaces,Integration Failure,High,"Case relates to HL7 messaging, DAD interface, interop feeds, or message trigger failures.",No
CS1700929,GP Import,Integration & Interfaces,Third-Party Systems,High,Case involves external NHS services (SCR/TIE/TRUD/ODS/GP Import) or vendor system dependencies.,No
CS1700964,Test interface,Integration & Interfaces,Integration Failure,High,"Case relates to HL7 messaging, DAD interface, interop feeds, or message trigger failures.",No
CS1701013,Discharge Document doesn't populate Clinician Seen,Integration & Interfaces,Third-Party Systems,High,Case involves external NHS services (SCR/TIE/TRUD/ODS/GP Import) or vendor system dependencies.,No
CS1701028,Password Deny Lists,Access & Security,Authentication,High,"Case relates to user authentication, password reset, SSO, or account lockout.",No
CS1701036,Staff SSRS,Access & Security,Audit & Compliance,High,"Case involves Information Governance, record access audit, or viewing history request.",No
CS1701369,BRM Grey team,Configuration & Administration,Master Data,High,"Case involves master reference data, department/ward lookups, team setup, or site configuration.",No
CS1701492,Potential Corrupt Messages in Symphony,Access & Security,Audit & Compliance,High,"Case involves Information Governance, record access audit, or viewing history request.",No
CS1701568,Test - errors now interface working,Integration & Interfaces,Integration Failure,High,"Case relates to HL7 messaging, DAD interface, interop feeds, or message trigger failures.",No
CS1701651,Arrival time missing on ED card for random patients,Integration & Interfaces,Third-Party Systems,High,Case involves external NHS services (SCR/TIE/TRUD/ODS/GP Import) or vendor system dependencies.,No
CS1701736,Bed available requests are not showing correctly on the system.,Reporting & Analytics,Reporting,High,"Case involves SSRS report generation, custom reports, or data extraction.",No
CS1701785,Error on GP letter batch print process,Configuration & Administration,Configuration Change,High,"Case involves document output, printer configuration, scanner hardware, forms, or templates.",No
CS1701898,DAD Interface down,Integration & Interfaces,Integration Failure,High,"Case relates to HL7 messaging, DAD interface, interop feeds, or message trigger failures.",No
CS1702346,Symphony ADT Outbound,Integration & Interfaces,Integration Failure,High,"Case relates to HL7 messaging, DAD interface, interop feeds, or message trigger failures.",No
CS1702522,Patient merge may have deleted attendances,Integration & Interfaces,Third-Party Systems,High,Case involves external NHS services (SCR/TIE/TRUD/ODS/GP Import) or vendor system dependencies.,No
CS1702742,christmas cover,Integration & Interfaces,Integration Failure,High,"Case relates to HL7 messaging, DAD interface, interop feeds, or message trigger failures.",No
CS1702847,CTM alert messages queueing,Notifications & Communications,Alerts,High,Case relates to system alert configuration or missing automated alerts.,No
CS1702848,DAD Restart,Integration & Interfaces,Integration Failure,High,"Case relates to HL7 messaging, DAD interface, interop feeds, or message trigger failures.",No
CS1702991,Build up of ADT A08 - Post Discharge Messages,Integration & Interfaces,Integration Failure,High,"Case relates to HL7 messaging, DAD interface, interop feeds, or message trigger failures.",No
CS1703141,I would like to look at the generic docs for the DAD,Integration & Interfaces,Integration Failure,High,"Case relates to HL7 messaging, DAD interface, interop feeds, or message trigger failures.",No
CS1703197,Running a patient/staff audit,Access & Security,Audit & Compliance,High,"Case involves Information Governance, record access audit, or viewing history request.",No
CS1703348,User unable to log into fat client,Access & Security,Authentication,High,"Case relates to user authentication, password reset, SSO, or account lockout.",No
CS1703366,Default filter,Integration & Interfaces,Third-Party Systems,High,Case involves external NHS services (SCR/TIE/TRUD/ODS/GP Import) or vendor system dependencies.,No
CS1704143,Msssages not going through to PAS OOH,Integration & Interfaces,Integration Failure,High,"Case relates to HL7 messaging, DAD interface, interop feeds, or message trigger failures.",No
CS1704324,CHI number validation query,Performance & Availability,Availability,High,"Case reports application outage, site-wide failure, or service unavailability.",No
CS1704473,I would like to look at the generic docs for the DAD,Integration & Interfaces,Integration Failure,High,"Case relates to HL7 messaging, DAD interface, interop feeds, or message trigger failures.",No
CS1704533,Christmas cover,Integration & Interfaces,Integration Failure,High,"Case relates to HL7 messaging, DAD interface, interop feeds, or message trigger failures.",No
CS1704720,MSMQ - Symphony server use?,Service Requests,New Request,Medium,"Case represents a service request for creation, software quote, or configuration updates.",No
CS1704728,BCUHB Servers team looking at a new build RDS deployment print issue e-docsMIDAs,Access & Security,Authentication,High,"Case relates to user authentication, password reset, SSO, or account lockout.",No
CS1704870,Unable to ViewPDFs in the View E-docs,Configuration & Administration,Configuration Change,High,"Case involves document output, printer configuration, scanner hardware, forms, or templates.",No
CS1704937,Query,Integration & Interfaces,Third-Party Systems,High,Case involves external NHS services (SCR/TIE/TRUD/ODS/GP Import) or vendor system dependencies.,No
CS1705147,Microsoft Update,Service Requests,New Request,Medium,"Case represents a service request for creation, software quote, or configuration updates.",No
CS1705812,Error messages,Integration & Interfaces,Third-Party Systems,High,Case involves external NHS services (SCR/TIE/TRUD/ODS/GP Import) or vendor system dependencies.,No
CS1705830,Hidden patients in virtual physio clinic,Integration & Interfaces,Third-Party Systems,High,Case involves external NHS services (SCR/TIE/TRUD/ODS/GP Import) or vendor system dependencies.,No
CS1705976,Acuity Score audit report,Access & Security,Audit & Compliance,High,"Case involves Information Governance, record access audit, or viewing history request.",No
CS1706723,Label print job,Configuration & Administration,Configuration Change,High,"Case involves document output, printer configuration, scanner hardware, forms, or templates.",No
CS1707674,Patient 4063779327,Access & Security,Audit & Compliance,High,"Case involves Information Governance, record access audit, or viewing history request.",No
CS1707932,Unable to discharge patient,Integration & Interfaces,Integration Failure,High,"Case relates to HL7 messaging, DAD interface, interop feeds, or message trigger failures.",No
CS1708038,GP connect not working.,Integration & Interfaces,Third-Party Systems,High,Case involves external NHS services (SCR/TIE/TRUD/ODS/GP Import) or vendor system dependencies.,No
CS1708161,can i add description to appear on tracking grid from a request and outcome DEP,Integration & Interfaces,Third-Party Systems,High,Case involves external NHS services (SCR/TIE/TRUD/ODS/GP Import) or vendor system dependencies.,No
CS1708830,Field Pulling through attendances,Integration & Interfaces,Third-Party Systems,High,Case involves external NHS services (SCR/TIE/TRUD/ODS/GP Import) or vendor system dependencies.,No
CS1709022,MPI and Omnicell messages queued,Integration & Interfaces,Integration Failure,High,"Case relates to HL7 messaging, DAD interface, interop feeds, or message trigger failures.",No
CS1709157,NAAS - Audit Request,Access & Security,Audit & Compliance,High,"Case involves Information Governance, record access audit, or viewing history request.",No
CS1709237,Inactive values are still showing,Configuration & Administration,Master Data,High,"Case involves master reference data, department/ward lookups, team setup, or site configuration.",No
CS1709292,Re-use password on generic account,Access & Security,Authentication,High,"Case relates to user authentication, password reset, SSO, or account lockout.",No
CS1709638,A&E episode not going through to iPM,Integration & Interfaces,Integration Failure,High,"Case relates to HL7 messaging, DAD interface, interop feeds, or message trigger failures.",No
CS1710924,Booked appointment issue,Integration & Interfaces,Integration Failure,High,"Case relates to HL7 messaging, DAD interface, interop feeds, or message trigger failures.",No
CS1711444,Related to case CS1683601,Performance & Availability,Performance,High,"Case reports application slowness, response lag, UI freezing, or spinning wheel.",No
CS1711550,error message and printing issues,Integration & Interfaces,Third-Party Systems,High,Case involves external NHS services (SCR/TIE/TRUD/ODS/GP Import) or vendor system dependencies.,No
CS1711713,Allergy to Penicillin to Patient Details audit,Access & Security,Audit & Compliance,High,"Case involves Information Governance, record access audit, or viewing history request.",No
CS1711755,Issue with location Bay J symphony,Integration & Interfaces,Third-Party Systems,High,Case involves external NHS services (SCR/TIE/TRUD/ODS/GP Import) or vendor system dependencies.,No
CS1712055,not PAS interface EIE and Symphony,Integration & Interfaces,Integration Failure,High,"Case relates to HL7 messaging, DAD interface, interop feeds, or message trigger failures.",No
CS1712298,Slow Indexing,Integration & Interfaces,Integration Failure,High,"Case relates to HL7 messaging, DAD interface, interop feeds, or message trigger failures.",No
CS1712776,Staff audit,Access & Security,Audit & Compliance,High,"Case involves Information Governance, record access audit, or viewing history request.",No
CS1712953,SCR/CPIS restart asap please,Access & Security,Audit & Compliance,High,"Case involves Information Governance, record access audit, or viewing history request.",No
CS1713008,Injury Screen Prompt,Access & Security,Audit & Compliance,High,"Case involves Information Governance, record access audit, or viewing history request.",No
CS1713176,AE-DB2-V - Server E drive disk space.,Configuration & Administration,Master Data,High,"Case involves master reference data, department/ward lookups, team setup, or site configuration.",No
CS1713875,Patient entered in error,Integration & Interfaces,Third-Party Systems,High,Case involves external NHS services (SCR/TIE/TRUD/ODS/GP Import) or vendor system dependencies.,No
CS1715109,Patient Merge Issue,Integration & Interfaces,Third-Party Systems,High,Case involves external NHS services (SCR/TIE/TRUD/ODS/GP Import) or vendor system dependencies.,No
CS1715209,OOH - DAD Interface,Integration & Interfaces,Integration Failure,High,"Case relates to HL7 messaging, DAD interface, interop feeds, or message trigger failures.",No
CS1715232,Patient record incorrectly deleted,Integration & Interfaces,Integration Failure,High,"Case relates to HL7 messaging, DAD interface, interop feeds, or message trigger failures.",No
CS1715787,NHS 111 interface not working,Integration & Interfaces,Integration Failure,High,"Case relates to HL7 messaging, DAD interface, interop feeds, or message trigger failures.",No
CS1715804,Unable to log in to NHS111 Test environment,Access & Security,Authentication,High,"Case relates to user authentication, password reset, SSO, or account lockout.",No
CS1715971,Staff Account,Access & Security,Authentication,High,"Case relates to user authentication, password reset, SSO, or account lockout.",No
CS1716445,Patient Merge Issue,Integration & Interfaces,Third-Party Systems,High,Case involves external NHS services (SCR/TIE/TRUD/ODS/GP Import) or vendor system dependencies.,No
CS1716628,Error messages,Integration & Interfaces,Integration Failure,High,"Case relates to HL7 messaging, DAD interface, interop feeds, or message trigger failures.",No
CS1717065,Can't get into a past clinic appointment,Integration & Interfaces,Third-Party Systems,High,Case involves external NHS services (SCR/TIE/TRUD/ODS/GP Import) or vendor system dependencies.,No
CS1717231,"PET data points, submitting New + Return",Reporting & Analytics,Reporting,High,"Case involves SSRS report generation, custom reports, or data extraction.",No
CS1717236,New Template will not print,Configuration & Administration,Configuration Change,High,"Case involves document output, printer configuration, scanner hardware, forms, or templates.",No
CS1717618,DAD Restart,Integration & Interfaces,Integration Failure,High,"Case relates to HL7 messaging, DAD interface, interop feeds, or message trigger failures.",No
CS1718132,Adastra Outbound DAD Messaging,Integration & Interfaces,Integration Failure,High,"Case relates to HL7 messaging, DAD interface, interop feeds, or message trigger failures.",No
CS1718212,Access to patient record,Access & Security,User Access,High,"Case requests user access enablement, role assignment, active user list, or account reinstatement.",No
CS1718603,New Symphony filter query,Integration & Interfaces,Third-Party Systems,High,Case involves external NHS services (SCR/TIE/TRUD/ODS/GP Import) or vendor system dependencies.,No
CS1718837,Unable to add CPAU to filters,Service Requests,New Request,Medium,"Case represents a service request for creation, software quote, or configuration updates.",No
CS1718901,111 scheduling failure,Integration & Interfaces,Integration Failure,High,"Case relates to HL7 messaging, DAD interface, interop feeds, or message trigger failures.",No
CS1719236,IG Audit,Access & Security,Audit & Compliance,High,"Case involves Information Governance, record access audit, or viewing history request.",No
CS1719242,IG audit request,Access & Security,Audit & Compliance,High,"Case involves Information Governance, record access audit, or viewing history request.",No
CS1720656,Query clinic access,Integration & Interfaces,Third-Party Systems,High,Case involves external NHS services (SCR/TIE/TRUD/ODS/GP Import) or vendor system dependencies.,No
CS1721015,Reportingserver services log files,Reporting & Analytics,Reporting,High,"Case involves SSRS report generation, custom reports, or data extraction.",No
CS1721145,Discharge letter message split into 2 messages,Integration & Interfaces,Integration Failure,High,"Case relates to HL7 messaging, DAD interface, interop feeds, or message trigger failures.",No
CS1721176,Subject access request,Access & Security,Audit & Compliance,High,"Case involves Information Governance, record access audit, or viewing history request.",No
CS1721179,Subject Access Request,Access & Security,Audit & Compliance,High,"Case involves Information Governance, record access audit, or viewing history request.",No
CS1721314,Lookups Care Group missing,Configuration & Administration,Master Data,High,"Case involves master reference data, department/ward lookups, team setup, or site configuration.",No
CS1721353,Reload letters,Configuration & Administration,Configuration Change,High,"Case involves document output, printer configuration, scanner hardware, forms, or templates.",No
CS1721870,Patient Showing as Deceased - NAAS,Integration & Interfaces,Third-Party Systems,High,Case involves external NHS services (SCR/TIE/TRUD/ODS/GP Import) or vendor system dependencies.,No
CS1722603,T Pro speech direct integration with T Pro dictation at cursor funtionality,Configuration & Administration,Master Data,High,"Case involves master reference data, department/ward lookups, team setup, or site configuration.",No
CS1722909,Query if staff member accessed Symphony,Integration & Interfaces,Third-Party Systems,High,Case involves external NHS services (SCR/TIE/TRUD/ODS/GP Import) or vendor system dependencies.,No
CS1722975,Bed Manager tracking grid needs additional patient removing from the background,Integration & Interfaces,Third-Party Systems,High,Case involves external NHS services (SCR/TIE/TRUD/ODS/GP Import) or vendor system dependencies.,No
CS1723563,Staff unable to upload e-docs,Access & Security,User Access,High,"Case requests user access enablement, role assignment, active user list, or account reinstatement.",No
CS1723601,FW: Audit of patient record,Access & Security,Audit & Compliance,High,"Case involves Information Governance, record access audit, or viewing history request.",No
CS1723630,Interface error,Integration & Interfaces,Integration Failure,High,"Case relates to HL7 messaging, DAD interface, interop feeds, or message trigger failures.",No
CS1723651,Patient stuck in location Major 9,Integration & Interfaces,Third-Party Systems,High,Case involves external NHS services (SCR/TIE/TRUD/ODS/GP Import) or vendor system dependencies.,No
CS1723745,Omnicell and MPI DAD outbound messages queued,Integration & Interfaces,Integration Failure,High,"Case relates to HL7 messaging, DAD interface, interop feeds, or message trigger failures.",No
CS1723826,CTM alert messages queued,Notifications & Communications,Alerts,High,Case relates to system alert configuration or missing automated alerts.,No
CS1724856,Symphony wont load,Performance & Availability,Availability,High,Application failing to load or launch.,No
CS1724878,Slow performance,Access & Security,Authentication,High,"Case relates to user authentication, password reset, SSO, or account lockout.",No
CS1724887,Unable to log in to Symphony,Access & Security,Authentication,High,"Case relates to user authentication, password reset, SSO, or account lockout.",No
CS1725163,Sending messages to Maxims medical tracker,Integration & Interfaces,Third-Party Systems,High,Case involves external NHS services (SCR/TIE/TRUD/ODS/GP Import) or vendor system dependencies.,No
CS1725651,Access to Symphony TRAIN database,Data Management,Data Correction,High,"Case involves database scripts, data corrections, record timestamp fixes, or duplicate text clean-up.",No
CS1726286,ECDS,Integration & Interfaces,Integration Failure,High,"Case relates to HL7 messaging, DAD interface, interop feeds, or message trigger failures.",No
CS1726342,Mesages not going to maxims,Integration & Interfaces,Integration Failure,High,"Case relates to HL7 messaging, DAD interface, interop feeds, or message trigger failures.",No
CS1726859,FW: Our ref: PE107366   FW: Possible Unauthorised Records Access 438 359 0039,Access & Security,Audit & Compliance,High,"Case involves Information Governance, record access audit, or viewing history request.",No
CS1727058,MidYorks: HL7 PAS Messages queueing: Symphony,Integration & Interfaces,Integration Failure,High,"Case relates to HL7 messaging, DAD interface, interop feeds, or message trigger failures.",No
CS1727069,A04 System Error,Integration & Interfaces,Integration Failure,High,"Case relates to HL7 messaging, DAD interface, interop feeds, or message trigger failures.",No
CS1727427,Print Tag query,Configuration & Administration,Configuration Change,High,"Case involves document output, printer configuration, scanner hardware, forms, or templates.",No
CS1727484,"Unable to change ""Tracking Stage"" to ""Yes"" for any DEP",Integration & Interfaces,Integration Failure,High,"Case relates to HL7 messaging, DAD interface, interop feeds, or message trigger failures.",No
CS1727606,Restart the DAD,Integration & Interfaces,Integration Failure,High,"Case relates to HL7 messaging, DAD interface, interop feeds, or message trigger failures.",No
CS1727616,Symphony suspended messages,Integration & Interfaces,Integration Failure,High,"Case relates to HL7 messaging, DAD interface, interop feeds, or message trigger failures.",No
CS1727623,Soft deleted account,Data Management,Data Recovery,High,"Case involves record restoration, deleted data recovery, missing e-docs, or record merging.",No
CS1727681,User Account Not Visible,Access & Security,User Access,High,"Case requests user access enablement, role assignment, active user list, or account reinstatement.",No
CS1727777,Update required to network path,Configuration & Administration,Master Data,High,"Case involves master reference data, department/ward lookups, team setup, or site configuration.",No
CS1727788,Update of network paths required - Awaiting email,Notifications & Communications,Email,High,"Case involves email notification delivery, content, or recipient issues.",No
CS1728328,Clinics on Symphony,Integration & Interfaces,Third-Party Systems,High,Case involves external NHS services (SCR/TIE/TRUD/ODS/GP Import) or vendor system dependencies.,No
CS1728432,Test DAD restart,Integration & Interfaces,Integration Failure,High,"Case relates to HL7 messaging, DAD interface, interop feeds, or message trigger failures.",No
CS1728435,Audit on Symphony,Access & Security,Audit & Compliance,High,"Case involves Information Governance, record access audit, or viewing history request.",No
CS1728440,Audit on Symphony,Access & Security,Audit & Compliance,High,"Case involves Information Governance, record access audit, or viewing history request.",No
CS1729164,Integration Flags issue for new Patientrack Process,Integration & Interfaces,Third-Party Systems,High,Case involves external NHS services (SCR/TIE/TRUD/ODS/GP Import) or vendor system dependencies.,No
CS1729202,NHS 111 Integration - Schedules within Symphony,Access & Security,Audit & Compliance,High,"Case involves Information Governance, record access audit, or viewing history request.",No
CS1729334,Windows Updates Compatibility,Configuration & Administration,System Administration,High,"Case involves server administration, disk space, failover configuration, or background environment setup.",No
CS1729748,Report on department numbers,Reporting & Analytics,Reporting,High,"Case involves SSRS report generation, custom reports, or data extraction.",No
CS1729850,Batch Printing Issue,Integration & Interfaces,Integration Failure,High,"Case relates to HL7 messaging, DAD interface, interop feeds, or message trigger failures.",No
CS1729891,DAD Reset,Integration & Interfaces,Integration Failure,High,"Case relates to HL7 messaging, DAD interface, interop feeds, or message trigger failures.",No
CS1730111,Audit Request - Account Changes,Access & Security,Audit & Compliance,High,"Case involves Information Governance, record access audit, or viewing history request.",No
CS1731024,restart SCR/CPIS,Integration & Interfaces,Integration Failure,High,"Case relates to HL7 messaging, DAD interface, interop feeds, or message trigger failures.",No
CS1731354,ECDS reports not pulled through,Reporting & Analytics,Reporting,High,"Case involves SSRS report generation, custom reports, or data extraction.",No
CS1731473,'Transaction log for database full',Data Management,Data Correction,High,"Case involves database scripts, data corrections, record timestamp fixes, or duplicate text clean-up.",No
CS1731703,Audit 26-02,Access & Security,Audit & Compliance,High,"Case involves Information Governance, record access audit, or viewing history request.",No
CS1732126,mask,Access & Security,User Access,High,"Case requests user access enablement, role assignment, active user list, or account reinstatement.",No
CS1732496,BRM department remove grey team,Configuration & Administration,Master Data,High,"Case involves master reference data, department/ward lookups, team setup, or site configuration.",No
CS1732808,URGENT - Remove Staff User End Date,Integration & Interfaces,Third-Party Systems,High,Case involves external NHS services (SCR/TIE/TRUD/ODS/GP Import) or vendor system dependencies.,No
CS1732984,Looking for ED clinic Outcome - how it is stored,Reporting & Analytics,Reporting,High,"Case involves SSRS report generation, custom reports, or data extraction.",No
CS1733508,DHCW Integration services unable to send Pathology results to WEDS symphony,Workflow & Process,Assignment,High,"Case involves task queue routing, checkout zone assignments, or ownership rules.",No
CS1733525,outbound message stuck,Integration & Interfaces,Integration Failure,High,"Case relates to HL7 messaging, DAD interface, interop feeds, or message trigger failures.",No
CS1733528,GP's not coming across from PAS system,Integration & Interfaces,Third-Party Systems,High,Case involves external NHS services (SCR/TIE/TRUD/ODS/GP Import) or vendor system dependencies.,No
CS1733630,Restart of Symphony DAD required.,Integration & Interfaces,Integration Failure,High,"Case relates to HL7 messaging, DAD interface, interop feeds, or message trigger failures.",No
CS1734044,DAD Restart,Integration & Interfaces,Integration Failure,High,"Case relates to HL7 messaging, DAD interface, interop feeds, or message trigger failures.",No
CS1734133,Deleted account,Access & Security,User Access,High,"Case requests user access enablement, role assignment, active user list, or account reinstatement.",No
CS1734488,Duty Clinician query,Configuration & Administration,Master Data,High,"Case involves master reference data, department/ward lookups, team setup, or site configuration.",No
CS1734762,User needs password reset,Access & Security,Authentication,High,"Case relates to user authentication, password reset, SSO, or account lockout.",No
CS1734959,Duty Clinician Date Expired,Integration & Interfaces,Third-Party Systems,High,Case involves external NHS services (SCR/TIE/TRUD/ODS/GP Import) or vendor system dependencies.,No
CS1735135,FW: List of patients with Penicillamine as allergy,Access & Security,Audit & Compliance,High,"Case involves Information Governance, record access audit, or viewing history request.",No
CS1735262,Attach Scanner,Configuration & Administration,Configuration Change,High,"Case involves document output, printer configuration, scanner hardware, forms, or templates.",No
CS1735426,GP not Letters pulling the Diagnosis from Symphony,Integration & Interfaces,Third-Party Systems,High,Case involves external NHS services (SCR/TIE/TRUD/ODS/GP Import) or vendor system dependencies.,No
CS1735935,Dad restart required,Integration & Interfaces,Integration Failure,High,"Case relates to HL7 messaging, DAD interface, interop feeds, or message trigger failures.",No
CS1736265,enotes flagged column query,Integration & Interfaces,Third-Party Systems,High,Case involves external NHS services (SCR/TIE/TRUD/ODS/GP Import) or vendor system dependencies.,No
CS1736336,Link to WCP not loading,Integration & Interfaces,Third-Party Systems,High,Case involves external NHS services (SCR/TIE/TRUD/ODS/GP Import) or vendor system dependencies.,No
CS1736983,Next Of Kin,Defects & Errors,Application Defect,Medium,"Case reports application defect, scanning blank pages, or functional error.",No
CS1737589,Audit request,Access & Security,Audit & Compliance,High,"Case involves Information Governance, record access audit, or viewing history request.",No
CS1738233,"OOH call, Symphony lost connection",Performance & Availability,Performance,High,"Case reports application slowness, response lag, UI freezing, or spinning wheel.",No
CS1738714,DAD Messages Status,Access & Security,Audit & Compliance,High,"Case involves Information Governance, record access audit, or viewing history request.",No
CS1739585,Account soft deleted,Performance & Availability,Performance,High,"Case reports application slowness, response lag, UI freezing, or spinning wheel.",No
CS1739668,Patients not going across from iPMS to Symphony,Integration & Interfaces,Integration Failure,High,"Case relates to HL7 messaging, DAD interface, interop feeds, or message trigger failures.",No
CS1739937,Restart of DAD required,Integration & Interfaces,Integration Failure,High,"Case relates to HL7 messaging, DAD interface, interop feeds, or message trigger failures.",No
CS1740025,Patient Merge Potential Missing Data,Integration & Interfaces,Integration Failure,High,"Case relates to HL7 messaging, DAD interface, interop feeds, or message trigger failures.",No
CS1740310,"NHS 111 information, not able to view CDA viewer",Integration & Interfaces,Integration Failure,High,"Case relates to HL7 messaging, DAD interface, interop feeds, or message trigger failures.",No
CS1740547,Users unable to log onto Symphony,Performance & Availability,Performance,High,"Case reports application slowness, response lag, UI freezing, or spinning wheel.",No
CS1741245,ECDS data and submission,Integration & Interfaces,Integration Failure,High,"Case relates to HL7 messaging, DAD interface, interop feeds, or message trigger failures.",No
CS1741360,waiting for clinician timer not changing from red to black  (new ruccurrence),Performance & Availability,Performance,High,"Case reports application slowness, response lag, UI freezing, or spinning wheel.",No
CS1742210,Worthing - A08,Integration & Interfaces,Integration Failure,High,"Case relates to HL7 messaging, DAD interface, interop feeds, or message trigger failures.",No
CS1742484,Audit Request - access to patient record,Access & Security,Audit & Compliance,High,"Case involves Information Governance, record access audit, or viewing history request.",No
CS1742729,Patient audit,Access & Security,Audit & Compliance,High,"Case involves Information Governance, record access audit, or viewing history request.",No
CS1742764,Extracts not running,Integration & Interfaces,Integration Failure,High,"Case relates to HL7 messaging, DAD interface, interop feeds, or message trigger failures.",No
CS1742839,BRM Grey Team,Integration & Interfaces,Third-Party Systems,High,Case involves external NHS services (SCR/TIE/TRUD/ODS/GP Import) or vendor system dependencies.,No
CS1742850,A03 - Message - Please assign to Konrad,Defects & Errors,Application Defect,Medium,"Case reports application defect, scanning blank pages, or functional error.",No
CS1743120,Removing Alerts from indicator tab,Integration & Interfaces,Third-Party Systems,High,Case involves external NHS services (SCR/TIE/TRUD/ODS/GP Import) or vendor system dependencies.,No
CS1743239,A02 Messages failing to trigger,Integration & Interfaces,Integration Failure,High,"Case relates to HL7 messaging, DAD interface, interop feeds, or message trigger failures.",No
CS1743285,launching thick client in Wrexham ED  on MUD desktop,Access & Security,Authentication,High,"Case relates to user authentication, password reset, SSO, or account lockout.",No
CS1743505,Users can't book patients in,Integration & Interfaces,Integration Failure,High,"Case relates to HL7 messaging, DAD interface, interop feeds, or message trigger failures.",No
CS1743747,eNotes Created by ID field,Integration & Interfaces,Third-Party Systems,High,Case involves external NHS services (SCR/TIE/TRUD/ODS/GP Import) or vendor system dependencies.,No
CS1743884,Issues with Test DEP config,Access & Security,Audit & Compliance,High,"Case involves Information Governance, record access audit, or viewing history request.",No
CS1744007,Slowness loading midas images,Performance & Availability,Performance,High,"Case reports application slowness, response lag, UI freezing, or spinning wheel.",No
CS1744109,MPI and Omnicell outbound messages queued,Integration & Interfaces,Integration Failure,High,"Case relates to HL7 messaging, DAD interface, interop feeds, or message trigger failures.",No
CS1744138,Symphony live patching,Integration & Interfaces,Integration Failure,High,"Case relates to HL7 messaging, DAD interface, interop feeds, or message trigger failures.",No
CS1744142,Error when opening Symphony,Defects & Errors,Application Defect,Medium,"Case reports application defect, scanning blank pages, or functional error.",No
CS1744160,Symphony Application Issue,Defects & Errors,Application Defect,Medium,"Case reports application defect, scanning blank pages, or functional error.",No
CS1744351,Bedford Symphony Test Interop to ICE,Integration & Interfaces,Integration Failure,High,"Case relates to HL7 messaging, DAD interface, interop feeds, or message trigger failures.",No
CS1744873,ODS/GP Update,Integration & Interfaces,Third-Party Systems,High,Case involves external NHS services (SCR/TIE/TRUD/ODS/GP Import) or vendor system dependencies.,No
CS1744893,Message Definition Issue,Access & Security,Audit & Compliance,High,"Case involves Information Governance, record access audit, or viewing history request.",No
CS1745113,Advanced filters,Access & Security,Audit & Compliance,High,"Case involves Information Governance, record access audit, or viewing history request.",No
CS1745450,No Hospital Number stat,Integration & Interfaces,Third-Party Systems,High,Case involves external NHS services (SCR/TIE/TRUD/ODS/GP Import) or vendor system dependencies.,No
CS1745524,MIYA is not receiving any messages from EIE,Integration & Interfaces,Integration Failure,High,"Case relates to HL7 messaging, DAD interface, interop feeds, or message trigger failures.",No
CS1745640,DB0129 Document,Configuration & Administration,Master Data,High,"Case involves master reference data, department/ward lookups, team setup, or site configuration.",No
CS1745691,Users report system freezing/not responding,Performance & Availability,Performance,High,"Case reports application slowness, response lag, UI freezing, or spinning wheel.",No
CS1745889,Restart SCR/CPIS/JBOSS thingies,Integration & Interfaces,Integration Failure,High,"Case relates to HL7 messaging, DAD interface, interop feeds, or message trigger failures.",No
CS1746008,Importing lookups,Integration & Interfaces,Integration Failure,High,"Case relates to HL7 messaging, DAD interface, interop feeds, or message trigger failures.",No
CS1746415,export of DSS Allergy and interactions database for import to Symphony,Integration & Interfaces,Integration Failure,High,"Case relates to HL7 messaging, DAD interface, interop feeds, or message trigger failures.",No
CS1746541,Remove DOD from Symphony,Integration & Interfaces,Integration Failure,High,"Case relates to HL7 messaging, DAD interface, interop feeds, or message trigger failures.",No
CS1746814,batch printing,Configuration & Administration,Configuration Change,High,"Case involves document output, printer configuration, scanner hardware, forms, or templates.",No
CS1746976,Special Case alert audit,Access & Security,Audit & Compliance,High,"Case involves Information Governance, record access audit, or viewing history request.",No
CS1747281,GP Import,Integration & Interfaces,Third-Party Systems,High,Case involves external NHS services (SCR/TIE/TRUD/ODS/GP Import) or vendor system dependencies.,No
CS1747422,Triage enotes coming up at Discharge,Access & Security,Audit & Compliance,High,"Case involves Information Governance, record access audit, or viewing history request.",No
CS1747576,e-audit request,Access & Security,Audit & Compliance,High,"Case involves Information Governance, record access audit, or viewing history request.",No
CS1747791,Symphony user information,Integration & Interfaces,Integration Failure,High,"Case relates to HL7 messaging, DAD interface, interop feeds, or message trigger failures.",No
CS1748017,Messages not going through to pas,Integration & Interfaces,Integration Failure,High,"Case relates to HL7 messaging, DAD interface, interop feeds, or message trigger failures.",No
CS1748482,Patient has been double Booked,Integration & Interfaces,Third-Party Systems,High,Case involves external NHS services (SCR/TIE/TRUD/ODS/GP Import) or vendor system dependencies.,No
CS1748800,Add CFG_Locations field to replication,Integration & Interfaces,Third-Party Systems,High,Case involves external NHS services (SCR/TIE/TRUD/ODS/GP Import) or vendor system dependencies.,No
CS1748861,patient not showing on report,Integration & Interfaces,Third-Party Systems,High,Case involves external NHS services (SCR/TIE/TRUD/ODS/GP Import) or vendor system dependencies.,No
CS1749091,System running slow - Awaiting reinstall,Integration & Interfaces,Integration Failure,High,"Case relates to HL7 messaging, DAD interface, interop feeds, or message trigger failures.",No
CS1749152,EIE/DAD restart,Integration & Interfaces,Integration Failure,High,"Case relates to HL7 messaging, DAD interface, interop feeds, or message trigger failures.",No
CS1749434,AE Comm Point Down,Integration & Interfaces,Integration Failure,High,"Case relates to HL7 messaging, DAD interface, interop feeds, or message trigger failures.",No
CS1750314,"emis/optum ""restart",Integration & Interfaces,Third-Party Systems,Medium,Service restart request for EMIS/Optum external integration.,No
CS1750415,Query,Access & Security,Audit & Compliance,High,"Case involves Information Governance, record access audit, or viewing history request.",No
CS1750463,Invalid Parameter: Build - On test DB,Access & Security,Authentication,High,"Case relates to user authentication, password reset, SSO, or account lockout.",No
CS1750837,Pop Up Screens/Stages not working,Integration & Interfaces,Third-Party Systems,High,Case involves external NHS services (SCR/TIE/TRUD/ODS/GP Import) or vendor system dependencies.,No
CS1751046,NHS 111 link not working properly,Configuration & Administration,Master Data,High,"Case involves master reference data, department/ward lookups, team setup, or site configuration.",No
CS1751663,Dep Config Locked,Access & Security,Audit & Compliance,High,"Case involves Information Governance, record access audit, or viewing history request.",No
CS1751767,there are SCR missing for recent patients that have been booked in?,Integration & Interfaces,Third-Party Systems,High,Case involves external NHS services (SCR/TIE/TRUD/ODS/GP Import) or vendor system dependencies.,No
CS1751856,error message when building e-audit,Access & Security,Audit & Compliance,High,"Case involves Information Governance, record access audit, or viewing history request.",No
CS1752066,RAT Senior Decision maker,Integration & Interfaces,Third-Party Systems,High,Case involves external NHS services (SCR/TIE/TRUD/ODS/GP Import) or vendor system dependencies.,No
CS1752468,SCR is not working,Integration & Interfaces,Third-Party Systems,High,Case involves external NHS services (SCR/TIE/TRUD/ODS/GP Import) or vendor system dependencies.,No
CS1752565,password reset,Access & Security,Authentication,High,"Case relates to user authentication, password reset, SSO, or account lockout.",No
CS1752832,Slowness,Integration & Interfaces,Third-Party Systems,High,Case involves external NHS services (SCR/TIE/TRUD/ODS/GP Import) or vendor system dependencies.,No
CS1754458,Symphony is not loading,Performance & Availability,Availability,High,"Case reports application outage, site-wide failure, or service unavailability.",No
CS1755879,Audit on test patient,Access & Security,Audit & Compliance,High,"Case involves Information Governance, record access audit, or viewing history request.",No
CS1756102,undelete YBB-26-000864-1,Integration & Interfaces,Third-Party Systems,High,Case involves external NHS services (SCR/TIE/TRUD/ODS/GP Import) or vendor system dependencies.,No
CS1756598,Audit report on patient access not showing all access data,Access & Security,Audit & Compliance,High,"Case involves Information Governance, record access audit, or viewing history request.",No
CS1756737,DAD restart,Integration & Interfaces,Integration Failure,High,"Case relates to HL7 messaging, DAD interface, interop feeds, or message trigger failures.",No
CS1756982,Symphony Login Error,Access & Security,Authentication,High,"Case relates to user authentication, password reset, SSO, or account lockout.",No
CS1757047,Breakdown of Manchester Triage,Configuration & Administration,Master Data,High,"Case involves master reference data, department/ward lookups, team setup, or site configuration.",No
CS1757100,Server quarterly patching scheduled for Thurs 26th March at 9am.,Integration & Interfaces,Integration Failure,High,"Case relates to HL7 messaging, DAD interface, interop feeds, or message trigger failures.",No
CS1757222,AMAU clinic gone from 1. Naas live last noted friday 20th March,Integration & Interfaces,Third-Party Systems,High,Case involves external NHS services (SCR/TIE/TRUD/ODS/GP Import) or vendor system dependencies.,No
CS1757307,Remove Grey Team,Configuration & Administration,Master Data,High,"Case involves master reference data, department/ward lookups, team setup, or site configuration.",No
CS1758621,Connolly -  Messages not processing,Integration & Interfaces,Integration Failure,High,"Case relates to HL7 messaging, DAD interface, interop feeds, or message trigger failures.",No
CS1758641,SSRS and Dashboards,Integration & Interfaces,Integration Failure,High,"Case relates to HL7 messaging, DAD interface, interop feeds, or message trigger failures.",No
CS1759000,Issue with DAD,Integration & Interfaces,Integration Failure,High,"Case relates to HL7 messaging, DAD interface, interop feeds, or message trigger failures.",No
CS1759265,if majax,User Guidance & Training,How-To Request,High,"Case involves operational guidance, clinical scoring setup (MEOWS/MAJAX), or usage assistance.",No
CS1759288,Clinic slots locked,Performance & Availability,Availability,High,"Case reports application outage, site-wide failure, or service unavailability.",No
CS1759333,Error when logging into DEP config,Access & Security,Audit & Compliance,High,"Case involves Information Governance, record access audit, or viewing history request.",No
CS1759570,Restart iis/jboss/dad,Integration & Interfaces,Integration Failure,High,"Case relates to HL7 messaging, DAD interface, interop feeds, or message trigger failures.",No
CS1760262,Messages Not Coming Through,Integration & Interfaces,Integration Failure,High,"Case relates to HL7 messaging, DAD interface, interop feeds, or message trigger failures.",No
CS1760401,Batch print - status failed,Configuration & Administration,Configuration Change,High,"Case involves document output, printer configuration, scanner hardware, forms, or templates.",No
CS1761301,Remove DOD from Symphony,Integration & Interfaces,Integration Failure,High,"Case relates to HL7 messaging, DAD interface, interop feeds, or message trigger failures.",No
CS1761472,Issues with Symphony Backup,Integration & Interfaces,Integration Failure,High,"Case relates to HL7 messaging, DAD interface, interop feeds, or message trigger failures.",No
CS1761620,FW: PALS Enquiry PE108578 |,Access & Security,Audit & Compliance,High,"Case involves Information Governance, record access audit, or viewing history request.",No
CS1761716,Bed manager,Integration & Interfaces,Integration Failure,High,"Case relates to HL7 messaging, DAD interface, interop feeds, or message trigger failures.",No
CS1761802,PAS interface downtime,Integration & Interfaces,Integration Failure,High,"Case relates to HL7 messaging, DAD interface, interop feeds, or message trigger failures.",No
CS1761894,Symphony login screen options,Access & Security,Authentication,High,"Case relates to user authentication, password reset, SSO, or account lockout.",No
CS1762576,SCR not working within Symphony,Integration & Interfaces,Third-Party Systems,High,Case involves external NHS services (SCR/TIE/TRUD/ODS/GP Import) or vendor system dependencies.,No
CS1763034,Links to STNAS1,Integration & Interfaces,Third-Party Systems,High,Case involves external NHS services (SCR/TIE/TRUD/ODS/GP Import) or vendor system dependencies.,No
CS1763154,Alerts flagging incorrectly,Integration & Interfaces,Integration Failure,High,"Case relates to HL7 messaging, DAD interface, interop feeds, or message trigger failures.",No
CS1763173,.Net Framework - 3.5 from Microsoft,Configuration & Administration,System Administration,High,"Case involves server administration, disk space, failover configuration, or background environment setup.",No
CS1763563,latest paed obs and  paed obs table failing to populate summary report in SSRS,Integration & Interfaces,Integration Failure,High,"Case relates to HL7 messaging, DAD interface, interop feeds, or message trigger failures.",No
CS1764246,Error logging into Live Symphony,Access & Security,Authentication,High,"Case relates to user authentication, password reset, SSO, or account lockout.",No
CS1764304,Please send excel spreadsheet of List of PAS Codes for each location,Configuration & Administration,Master Data,High,"Case involves master reference data, department/ward lookups, team setup, or site configuration.",No
CS1764338,Nobody can log in,Access & Security,Authentication,High,"Case relates to user authentication, password reset, SSO, or account lockout.",No
CS1764863,Soft deleted account,Data Management,Data Recovery,High,"Case involves record restoration, deleted data recovery, missing e-docs, or record merging.",No
CS1765094,ODS/GP Update,Integration & Interfaces,Third-Party Systems,High,Case involves external NHS services (SCR/TIE/TRUD/ODS/GP Import) or vendor system dependencies.,No
CS1765328,Patient Record Audit,Access & Security,Audit & Compliance,High,"Case involves Information Governance, record access audit, or viewing history request.",No
CS1765749,Patient Record Audit,Access & Security,Audit & Compliance,High,"Case involves Information Governance, record access audit, or viewing history request.",No
CS1766802,symphony locations,Reporting & Analytics,Reporting,High,"Case involves SSRS report generation, custom reports, or data extraction.",No
CS1766817,BRM grey team,Configuration & Administration,Master Data,High,"Case involves master reference data, department/ward lookups, team setup, or site configuration.",No
CS1767196,Issue when Applying Midas Alert,Integration & Interfaces,Third-Party Systems,High,Case involves external NHS services (SCR/TIE/TRUD/ODS/GP Import) or vendor system dependencies.,No
CS1767365,Restart SCR,Integration & Interfaces,Integration Failure,High,"Case relates to HL7 messaging, DAD interface, interop feeds, or message trigger failures.",No
CS1767719,ECDS Failed,Integration & Interfaces,Integration Failure,High,"Case relates to HL7 messaging, DAD interface, interop feeds, or message trigger failures.",No
CS1767760,Postcoder not working,Integration & Interfaces,Third-Party Systems,High,Case involves external NHS services (SCR/TIE/TRUD/ODS/GP Import) or vendor system dependencies.,No
CS1768313,Replication issue,Integration & Interfaces,Third-Party Systems,High,Case involves external NHS services (SCR/TIE/TRUD/ODS/GP Import) or vendor system dependencies.,No
CS1768322,GP Connect not working,Performance & Availability,Availability,High,"Case reports application outage, site-wide failure, or service unavailability.",No
CS1768476,Staff Audit Request,Access & Security,Audit & Compliance,High,"Case involves Information Governance, record access audit, or viewing history request.",No
CS1768597,DAD Restart,Integration & Interfaces,Integration Failure,High,"Case relates to HL7 messaging, DAD interface, interop feeds, or message trigger failures.",No
CS1768680,Replication issue,Performance & Availability,Availability,High,"Case reports application outage, site-wide failure, or service unavailability.",No
CS1768975,Unsupported DLL,Service Requests,New Request,Medium,"Case represents a service request for creation, software quote, or configuration updates.",No
CS1769148,Adding a new drug to drug name list lookup not appearing in application,Integration & Interfaces,Third-Party Systems,High,Case involves external NHS services (SCR/TIE/TRUD/ODS/GP Import) or vendor system dependencies.,No
CS1769590,restart jboss/iis/dad,Integration & Interfaces,Integration Failure,High,"Case relates to HL7 messaging, DAD interface, interop feeds, or message trigger failures.",No
CS1770072,OOH - HOSTED _ OPS Live DAD SERVER ALERT,Integration & Interfaces,Integration Failure,High,"Case relates to HL7 messaging, DAD interface, interop feeds, or message trigger failures.",No
CS1770090,All reports not showing correct data,Reporting & Analytics,Reporting,High,"Case involves SSRS report generation, custom reports, or data extraction.",No
CS1770119,Access to UAT for developers,Data Management,Data Correction,High,"Case involves database scripts, data corrections, record timestamp fixes, or duplicate text clean-up.",No
CS1770217,Error message displayed when trying to download Midas document,Integration & Interfaces,Third-Party Systems,High,Case involves external NHS services (SCR/TIE/TRUD/ODS/GP Import) or vendor system dependencies.,No
CS1770574,SCR is not working in Symphony,Integration & Interfaces,Integration Failure,High,"Case relates to HL7 messaging, DAD interface, interop feeds, or message trigger failures.",No
CS1771038,invalid DOB error,Integration & Interfaces,Third-Party Systems,High,Case involves external NHS services (SCR/TIE/TRUD/ODS/GP Import) or vendor system dependencies.,No
CS1771391,Change Tracking has been turned off on Reporting db,Integration & Interfaces,Integration Failure,High,"Case relates to HL7 messaging, DAD interface, interop feeds, or message trigger failures.",No
CS1771506,NHS 111 Integration - Schedules within Symphony,Performance & Availability,Performance,High,"Case reports application slowness, response lag, UI freezing, or spinning wheel.",No
CS1771668,Clinic attendance header contains incorrect condition,Integration & Interfaces,Third-Party Systems,High,Case involves external NHS services (SCR/TIE/TRUD/ODS/GP Import) or vendor system dependencies.,No
CS1771829,Patient incorrectly set as Deceased.,Integration & Interfaces,Third-Party Systems,High,Case involves external NHS services (SCR/TIE/TRUD/ODS/GP Import) or vendor system dependencies.,No
CS1771981,Possible Deletion of Attendance on incorrect patient,Integration & Interfaces,Third-Party Systems,High,Case involves external NHS services (SCR/TIE/TRUD/ODS/GP Import) or vendor system dependencies.,No
CS1772228,PAS interface has stopped - St. Columcille's hospital.,Integration & Interfaces,Integration Failure,High,"Case relates to HL7 messaging, DAD interface, interop feeds, or message trigger failures.",No
CS1772326,Access the Live SQL Server,Data Management,Data Correction,High,"Case involves database scripts, data corrections, record timestamp fixes, or duplicate text clean-up.",No
CS1772471,patient level e-docs system message to all users trying to open,Integration & Interfaces,Third-Party Systems,High,Case involves external NHS services (SCR/TIE/TRUD/ODS/GP Import) or vendor system dependencies.,No
CS1772488,Radiology order not sent as expected,Integration & Interfaces,Integration Failure,High,"Case relates to HL7 messaging, DAD interface, interop feeds, or message trigger failures.",No
CS1772624,Access to STC Reports Replicated DB,Integration & Interfaces,Third-Party Systems,High,Case involves external NHS services (SCR/TIE/TRUD/ODS/GP Import) or vendor system dependencies.,No
CS1772631,Symphony test outputting unescaped ampersand in Hl7,Integration & Interfaces,Integration Failure,High,"Case relates to HL7 messaging, DAD interface, interop feeds, or message trigger failures.",No
CS1772633,Investigations and Treatment new DEPs,Performance & Availability,Performance,High,"Case reports application slowness, response lag, UI freezing, or spinning wheel.",No
CS1772837,Patient not Discharged,Integration & Interfaces,Third-Party Systems,High,Case involves external NHS services (SCR/TIE/TRUD/ODS/GP Import) or vendor system dependencies.,No
CS1773736,Symphony postcode error,Integration & Interfaces,Third-Party Systems,High,Case involves external NHS services (SCR/TIE/TRUD/ODS/GP Import) or vendor system dependencies.,No
CS1774139,Omnicell cabinet not displaying patient details,Integration & Interfaces,Integration Failure,High,"Case relates to HL7 messaging, DAD interface, interop feeds, or message trigger failures.",No
CS1774225,Teddy Flags not present,Integration & Interfaces,Third-Party Systems,High,Case involves external NHS services (SCR/TIE/TRUD/ODS/GP Import) or vendor system dependencies.,No
CS1774330,Symphont running slow,Performance & Availability,Performance,High,"Case reports application slowness, response lag, UI freezing, or spinning wheel.",No
CS1774480,Remove incorrect Attendance,Integration & Interfaces,Third-Party Systems,High,Case involves external NHS services (SCR/TIE/TRUD/ODS/GP Import) or vendor system dependencies.,No
CS1774527,Bed Manager tracking grid,Performance & Availability,Performance,High,"Case reports application slowness, response lag, UI freezing, or spinning wheel.",No
CS1774575,"looking at a server emisweb1 , we would like to decommission but need confirm...",Workflow & Process,Approval Management,High,"Case involves approval tasks, approver routing, or approval delays.",No
CS1774644,Symphony postcode error,Integration & Interfaces,Third-Party Systems,High,Case involves external NHS services (SCR/TIE/TRUD/ODS/GP Import) or vendor system dependencies.,No
CS1774860,Issue with patients appearing as RIP on symphony,Access & Security,Audit & Compliance,High,"Case involves Information Governance, record access audit, or viewing history request.",No
CS1775341,AD login,Access & Security,Authentication,High,"Case relates to user authentication, password reset, SSO, or account lockout.",No
CS1775409,e-docs missing,Data Management,Data Recovery,High,"Case involves record restoration, deleted data recovery, missing e-docs, or record merging.",No
CS1775543,ECDS,Reporting & Analytics,Reporting,High,"Case involves SSRS report generation, custom reports, or data extraction.",No
CS1775698,Audit for BDGH-25-046633-1,Access & Security,Audit & Compliance,High,"Case involves Information Governance, record access audit, or viewing history request.",No
CS1775722,ECDS failed,Integration & Interfaces,Integration Failure,High,"Case relates to HL7 messaging, DAD interface, interop feeds, or message trigger failures.",No
CS1775750,Batch printing error,Configuration & Administration,Configuration Change,High,"Case involves document output, printer configuration, scanner hardware, forms, or templates.",No
CS1775777,User list,Access & Security,User Access,High,"Case requests user access enablement, role assignment, active user list, or account reinstatement.",No
CS1775902,System Backup,Integration & Interfaces,Integration Failure,High,"Case relates to HL7 messaging, DAD interface, interop feeds, or message trigger failures.",No
CS1775945,Access to diagnosis audit code spreadsheet,Access & Security,Audit & Compliance,High,"Case involves Information Governance, record access audit, or viewing history request.",No
CS1776299,Unable to MIDAS due to error,Configuration & Administration,Configuration Change,High,"Case involves document output, printer configuration, scanner hardware, forms, or templates.",No
CS1776534,Address change - 7745704,Integration & Interfaces,Third-Party Systems,High,Case involves external NHS services (SCR/TIE/TRUD/ODS/GP Import) or vendor system dependencies.,No
CS1776914,Symphony DBA Tunning Questions,Integration & Interfaces,Integration Failure,High,"Case relates to HL7 messaging, DAD interface, interop feeds, or message trigger failures.",No
CS1776982,Remove DOD from Symphony,Integration & Interfaces,Third-Party Systems,High,Case involves external NHS services (SCR/TIE/TRUD/ODS/GP Import) or vendor system dependencies.,No
CS1777027,URGENT - SYMPHONY DOWN ACROSS SITE,Access & Security,Authentication,High,"Case relates to user authentication, password reset, SSO, or account lockout.",No
CS1777339,STAS820 disk space,Reporting & Analytics,Reporting,High,"Case involves SSRS report generation, custom reports, or data extraction.",No
CS1777353,DAD messages queueing for Omnicell feeds and MPI outbound,Integration & Interfaces,Integration Failure,High,"Case relates to HL7 messaging, DAD interface, interop feeds, or message trigger failures.",No
CS1777356,Messages from Test EIE are not going out,Integration & Interfaces,Integration Failure,High,"Case relates to HL7 messaging, DAD interface, interop feeds, or message trigger failures.",No
CS1777698,BRM - Weekly SQL Scheduled Job Amendment,Integration & Interfaces,Third-Party Systems,High,Case involves external NHS services (SCR/TIE/TRUD/ODS/GP Import) or vendor system dependencies.,No
CS1778141,Test Database,Configuration & Administration,System Administration,High,"Case involves server administration, disk space, failover configuration, or background environment setup.",No
CS1778306,DAD restart,Integration & Interfaces,Integration Failure,High,"Case relates to HL7 messaging, DAD interface, interop feeds, or message trigger failures.",No
CS1778346,edocs query,Integration & Interfaces,Third-Party Systems,High,Case involves external NHS services (SCR/TIE/TRUD/ODS/GP Import) or vendor system dependencies.,No
CS1778441,NGH batch printing,Configuration & Administration,Configuration Change,High,"Case involves document output, printer configuration, scanner hardware, forms, or templates.",No
CS1778526,Query,Integration & Interfaces,Third-Party Systems,High,Case involves external NHS services (SCR/TIE/TRUD/ODS/GP Import) or vendor system dependencies.,No
CS1778554,EIE Feed for Acceptance,Access & Security,Authentication,High,"Case relates to user authentication, password reset, SSO, or account lockout.",No
CS1778604,Patients with duplicate MRNs,Integration & Interfaces,Third-Party Systems,High,Case involves external NHS services (SCR/TIE/TRUD/ODS/GP Import) or vendor system dependencies.,No
CS1778677,SSRS platform,Access & Security,Authentication,High,"Case relates to user authentication, password reset, SSO, or account lockout.",No
CS1778808,Audit data request for specified patients between time period provided,Access & Security,Audit & Compliance,High,"Case involves Information Governance, record access audit, or viewing history request.",No
CS1778993,Error when trying to merge patient,Integration & Interfaces,Third-Party Systems,High,Case involves external NHS services (SCR/TIE/TRUD/ODS/GP Import) or vendor system dependencies.,No
CS1779275,'Finish' button greyed out on multiple DEPs,Performance & Availability,Performance,High,"Case reports application slowness, response lag, UI freezing, or spinning wheel.",No
CS1779345,CPIS Failed(JBOSS),Notifications & Communications,Alerts,High,Case relates to system alert configuration or missing automated alerts.,No
CS1779403,RDS numlock issue,Defects & Errors,Application Defect,Medium,"Case reports application defect, scanning blank pages, or functional error.",No
CS1779483,Patient information not coming through from NHS 111; see CS1751046,Integration & Interfaces,Integration Failure,High,"Case relates to HL7 messaging, DAD interface, interop feeds, or message trigger failures.",No
CS1779897,Dash board,Reporting & Analytics,Dashboard,High,"Case involves dashboard configuration, metrics display, or dashboard access.",No
CS1780079,DOD needs adding to Symphony,Integration & Interfaces,Integration Failure,High,"Case relates to HL7 messaging, DAD interface, interop feeds, or message trigger failures.",No
CS1780229,Error on TIE,Integration & Interfaces,Integration Failure,High,"Case relates to HL7 messaging, DAD interface, interop feeds, or message trigger failures.",No
CS1780833,Audit 26-03,Access & Security,Audit & Compliance,High,"Case involves Information Governance, record access audit, or viewing history request.",No
CS1781225,QAS - address search and postcode is not working for Bedford Symphony Live,Configuration & Administration,Master Data,High,"Case involves master reference data, department/ward lookups, team setup, or site configuration.",No
CS1781276,Patient Record Audit,Access & Security,Audit & Compliance,High,"Case involves Information Governance, record access audit, or viewing history request.",No
CS1781289,Patient Record Audit,Access & Security,Audit & Compliance,High,"Case involves Information Governance, record access audit, or viewing history request.",No
CS1781743,Urgent - Audit on staff member for an investigation,Access & Security,Audit & Compliance,High,"Case involves Information Governance, record access audit, or viewing history request.",No
CS1781953,Error message when trying to scan documents to a patient,Integration & Interfaces,Third-Party Systems,High,Case involves external NHS services (SCR/TIE/TRUD/ODS/GP Import) or vendor system dependencies.,No
CS1781968,DAD stopped working,Integration & Interfaces,Integration Failure,High,"Case relates to HL7 messaging, DAD interface, interop feeds, or message trigger failures.",No
CS1782179,Installer Broken,Access & Security,Authentication,High,"Case relates to user authentication, password reset, SSO, or account lockout.",No
CS1782464,Domestic abuse audit,Access & Security,Audit & Compliance,High,"Case involves Information Governance, record access audit, or viewing history request.",No
CS1782465,Dad Restart,Integration & Interfaces,Integration Failure,High,"Case relates to HL7 messaging, DAD interface, interop feeds, or message trigger failures.",No
CS1782479,Need DAD restart,Integration & Interfaces,Integration Failure,High,"Case relates to HL7 messaging, DAD interface, interop feeds, or message trigger failures.",No
CS1783146,User deleted AE Episode - ED-26-040592-1,Access & Security,Audit & Compliance,High,"Case involves Information Governance, record access audit, or viewing history request.",No
CS1783560,Password complexity special character,Access & Security,Authentication,High,"Case relates to user authentication, password reset, SSO, or account lockout.",No
CS1783796,TEST DAD Configuration,Integration & Interfaces,Integration Failure,High,"Case relates to HL7 messaging, DAD interface, interop feeds, or message trigger failures.",No
CS1783808,Test DB (EMIS_SYM_AB_DEV_130526) showing offline,Performance & Availability,Availability,High,"Case reports application outage, site-wide failure, or service unavailability.",No
CS1784509,Restart of Symphony DAD required,Integration & Interfaces,Integration Failure,High,"Case relates to HL7 messaging, DAD interface, interop feeds, or message trigger failures.",No
CS1784536,Blank pages when scanning,Configuration & Administration,Configuration Change,High,"Case involves document output, printer configuration, scanner hardware, forms, or templates.",No
CS1784855,GP Surgeries Not Pulling From WPAS,Integration & Interfaces,Third-Party Systems,High,Case involves external NHS services (SCR/TIE/TRUD/ODS/GP Import) or vendor system dependencies.,No
CS1785266,Slow performance issues across sites and difficulty with log on,Access & Security,Authentication,High,"Case relates to user authentication, password reset, SSO, or account lockout.",No
CS1786089,Symphony reporting not feeding through Eye Casualty data,Integration & Interfaces,Third-Party Systems,High,Case involves external NHS services (SCR/TIE/TRUD/ODS/GP Import) or vendor system dependencies.,No
CS1786176,No data from Symphony Luton in the data warehouse,Integration & Interfaces,Data Exchange,High,"Case involves structured data exchange, data warehouse extraction, or import/export loading.",No
CS1786243,DAD Message delays from locked records and occasional ntdll errors.,Integration & Interfaces,Integration Failure,High,"Case relates to HL7 messaging, DAD interface, interop feeds, or message trigger failures.",No
CS1786278,Our DAD has gone down,Integration & Interfaces,Integration Failure,High,"Case relates to HL7 messaging, DAD interface, interop feeds, or message trigger failures.",No
CS1786356,Cannot launch ICE from menu,Integration & Interfaces,Third-Party Systems,High,Case involves external NHS services (SCR/TIE/TRUD/ODS/GP Import) or vendor system dependencies.,No
CS1786626,Messages were queuing specifically 02,Integration & Interfaces,Integration Failure,High,"Case relates to HL7 messaging, DAD interface, interop feeds, or message trigger failures.",No
CS1786732,Bedford - Symphony scorecard is not updating,Performance & Availability,Performance,High,"Case reports application slowness, response lag, UI freezing, or spinning wheel.",No
CS1787132,CS1786176 - Urgent: No data from Symphony Luton to SSRS,Reporting & Analytics,Reporting,High,"Case involves SSRS report generation, custom reports, or data extraction.",No
CS1787155,Patient With MRN 88389 Not Appearing On Symphony EDIS,Integration & Interfaces,Integration Failure,High,"Case relates to HL7 messaging, DAD interface, interop feeds, or message trigger failures.",No
CS1787187,DAD was restarted internally last night,Integration & Interfaces,Integration Failure,High,"Case relates to HL7 messaging, DAD interface, interop feeds, or message trigger failures.",No
CS1787222,DAD restart,Integration & Interfaces,Integration Failure,High,"Case relates to HL7 messaging, DAD interface, interop feeds, or message trigger failures.",No
CS1787355,Deceased Account,Access & Security,Audit & Compliance,High,"Case involves Information Governance, record access audit, or viewing history request.",No
CS1787381,print template editor opd referral letter,Configuration & Administration,Master Data,High,"Case involves master reference data, department/ward lookups, team setup, or site configuration.",No
CS1787666,A08 need clearing,Service Requests,New Request,Medium,"Case represents a service request for creation, software quote, or configuration updates.",No
CS1787952,Issues Bassetlaw Ambulatory Care booking in patient,Integration & Interfaces,Third-Party Systems,High,Case involves external NHS services (SCR/TIE/TRUD/ODS/GP Import) or vendor system dependencies.,No
CS1788869,An increase in Eye Casualty discharges not sending,Defects & Errors,Application Defect,Medium,"Case reports application defect, scanning blank pages, or functional error.",No
CS1789772,Slowness,Performance & Availability,Performance,High,"Case reports application slowness, response lag, UI freezing, or spinning wheel.",No
CS1789839,interface stopping intermittently,Integration & Interfaces,Integration Failure,High,"Case relates to HL7 messaging, DAD interface, interop feeds, or message trigger failures.",No
CS1789867,DAD went down,Integration & Interfaces,Integration Failure,High,"Case relates to HL7 messaging, DAD interface, interop feeds, or message trigger failures.",No
CS1789906,Postcode finder not working,Configuration & Administration,System Administration,High,"Case involves server administration, disk space, failover configuration, or background environment setup.",No
CS1789913,Postcode error on Symphony,Integration & Interfaces,Integration Failure,High,"Case relates to HL7 messaging, DAD interface, interop feeds, or message trigger failures.",No
CS1789943,BRM grey team,Configuration & Administration,Master Data,High,"Case involves master reference data, department/ward lookups, team setup, or site configuration.",No
CS1790228,Interface with CaMIS is down,Integration & Interfaces,Integration Failure,High,"Case relates to HL7 messaging, DAD interface, interop feeds, or message trigger failures.",No
CS1790390,Midas images can't be viewed,Configuration & Administration,Master Data,High,"Case involves master reference data, department/ward lookups, team setup, or site configuration.",No
CS1790413,RIP patient in a and e right now,Integration & Interfaces,Third-Party Systems,High,Case involves external NHS services (SCR/TIE/TRUD/ODS/GP Import) or vendor system dependencies.,No
CS1790814,User audit for LW108,Access & Security,Audit & Compliance,High,"Case involves Information Governance, record access audit, or viewing history request.",No
CS1791131,Audit 26-05,Access & Security,Audit & Compliance,High,"Case involves Information Governance, record access audit, or viewing history request.",No
CS1791277,FOI request,Access & Security,Audit & Compliance,High,"Case involves Information Governance, record access audit, or viewing history request.",No
CS1791357,user is unable to see list of patients that under his name,Integration & Interfaces,Third-Party Systems,High,Case involves external NHS services (SCR/TIE/TRUD/ODS/GP Import) or vendor system dependencies.,No
CS1791603,MIDAS Guidance,Configuration & Administration,Configuration Change,High,"Case involves document output, printer configuration, scanner hardware, forms, or templates.",No
CS1791632,Batch printing error,Configuration & Administration,Configuration Change,High,"Case involves document output, printer configuration, scanner hardware, forms, or templates.",No
CS1791788,Restart jboss/iis/dad,Integration & Interfaces,Integration Failure,High,"Case relates to HL7 messaging, DAD interface, interop feeds, or message trigger failures.",No
CS1792092,IIS/Jboss/DAD again,Integration & Interfaces,Integration Failure,High,"Case relates to HL7 messaging, DAD interface, interop feeds, or message trigger failures.",No
CS1792162,Access to patient records,Integration & Interfaces,Third-Party Systems,High,Case involves external NHS services (SCR/TIE/TRUD/ODS/GP Import) or vendor system dependencies.,No
CS1792623,Error message on one particular patient,Integration & Interfaces,Third-Party Systems,High,Case involves external NHS services (SCR/TIE/TRUD/ODS/GP Import) or vendor system dependencies.,No
CS1792645,ODS/GP Update - Do NOT run any Updates,Integration & Interfaces,Third-Party Systems,High,Case involves external NHS services (SCR/TIE/TRUD/ODS/GP Import) or vendor system dependencies.,No
CS1793132,ED Users report extract,Integration & Interfaces,Third-Party Systems,High,Case involves external NHS services (SCR/TIE/TRUD/ODS/GP Import) or vendor system dependencies.,No
CS1793655,DAD restart,Integration & Interfaces,Integration Failure,High,"Case relates to HL7 messaging, DAD interface, interop feeds, or message trigger failures.",No
CS1793711,DAD has gone down again today,Integration & Interfaces,Integration Failure,High,"Case relates to HL7 messaging, DAD interface, interop feeds, or message trigger failures.",No
CS1793793,DOD not showing on Symphony,Integration & Interfaces,Third-Party Systems,High,Case involves external NHS services (SCR/TIE/TRUD/ODS/GP Import) or vendor system dependencies.,No
CS1794134,Audit 26-06 - Hosp No: DIS0720087,Access & Security,Audit & Compliance,High,"Case involves Information Governance, record access audit, or viewing history request.",No
CS1794194,Audit 26-06 - Hosp No: DIS2420066,Access & Security,Audit & Compliance,High,"Case involves Information Governance, record access audit, or viewing history request.",No
CS1794197,Audit 26-06 - Hosp No: DIS3159398,Access & Security,Audit & Compliance,High,"Case involves Information Governance, record access audit, or viewing history request.",No
CS1794199,Audit 26-06 - Hosp No: DIS2198101,Access & Security,Audit & Compliance,High,"Case involves Information Governance, record access audit, or viewing history request.",No
CS1794202,Audit 26-06 - Hosp No: DIS0794256,Access & Security,Audit & Compliance,High,"Case involves Information Governance, record access audit, or viewing history request.",No
CS1794203,Audit 26-06 - Hosp No: DIS2377960,Access & Security,Audit & Compliance,High,"Case involves Information Governance, record access audit, or viewing history request.",No
CS1794261,GP Import,Integration & Interfaces,Third-Party Systems,High,Case involves external NHS services (SCR/TIE/TRUD/ODS/GP Import) or vendor system dependencies.,No
CS1794361,Need to unmerge  two RLQ's for patients with same name,Integration & Interfaces,Third-Party Systems,High,Case involves external NHS services (SCR/TIE/TRUD/ODS/GP Import) or vendor system dependencies.,No
CS1794488,Unable to book into clinic slot,Configuration & Administration,Master Data,High,"Case involves master reference data, department/ward lookups, team setup, or site configuration.",No
CS1794785,DB2,Reporting & Analytics,Reporting,High,"Case involves SSRS report generation, custom reports, or data extraction.",No
CS1794930,e-docs issue with digital photos,Integration & Interfaces,Third-Party Systems,High,Case involves external NHS services (SCR/TIE/TRUD/ODS/GP Import) or vendor system dependencies.,No
CS1794943,Print button greyed out,Performance & Availability,Performance,High,"Case reports application slowness, response lag, UI freezing, or spinning wheel.",No
CS1795481,DAD restart on site,Integration & Interfaces,Integration Failure,High,"Case relates to HL7 messaging, DAD interface, interop feeds, or message trigger failures.",No
CS1795502,Quarterly server patching - Thurs 18th June,Integration & Interfaces,Integration Failure,High,"Case relates to HL7 messaging, DAD interface, interop feeds, or message trigger failures.",No
CS1795552,User is having issues with Symphony account.,Access & Security,Authentication,High,"Case relates to user authentication, password reset, SSO, or account lockout.",No
CS1795612,Patient Audit Request,Access & Security,Audit & Compliance,High,"Case involves Information Governance, record access audit, or viewing history request.",No
CS1796075,Error message when discharging and trying to book clinic appointment,Integration & Interfaces,Third-Party Systems,High,Case involves external NHS services (SCR/TIE/TRUD/ODS/GP Import) or vendor system dependencies.,No
CS1796381,DAD Restart,Integration & Interfaces,Integration Failure,High,"Case relates to HL7 messaging, DAD interface, interop feeds, or message trigger failures.",No
CS1796468,EEMAC Reporting,Access & Security,Audit & Compliance,High,"Case involves Information Governance, record access audit, or viewing history request.",No
CS1796483,Error 91 Message,Access & Security,Audit & Compliance,High,"Case involves Information Governance, record access audit, or viewing history request.",No
CS1796637,"SCR message, automatic email alert",Access & Security,Audit & Compliance,High,"Case involves Information Governance, record access audit, or viewing history request.",No
CS1796671,Restart of Symphony DAD required,Integration & Interfaces,Integration Failure,High,"Case relates to HL7 messaging, DAD interface, interop feeds, or message trigger failures.",No
CS1796735,Failing Demographic Updates,Integration & Interfaces,Integration Failure,High,"Case relates to HL7 messaging, DAD interface, interop feeds, or message trigger failures.",No
CS1797375,FW: Re. Subject access request,Access & Security,Audit & Compliance,High,"Case involves Information Governance, record access audit, or viewing history request.",No
CS1797384,FW: Audit report for access - Morgan,Access & Security,Audit & Compliance,High,"Case involves Information Governance, record access audit, or viewing history request.",No
CS1797613,Several PCs logged off and are now getting error messages,Configuration & Administration,Master Data,High,"Case involves master reference data, department/ward lookups, team setup, or site configuration.",No
CS1797962,Report to show staff activity,Access & Security,Authentication,High,"Case relates to user authentication, password reset, SSO, or account lockout.",No
CS1797991,Audit Request - access of patient record,Access & Security,Audit & Compliance,High,"Case involves Information Governance, record access audit, or viewing history request.",No
CS1798076,Require audit report run,Access & Security,Audit & Compliance,High,"Case involves Information Governance, record access audit, or viewing history request.",No
CS1798125,Panda,Integration & Interfaces,Third-Party Systems,High,Case involves external NHS services (SCR/TIE/TRUD/ODS/GP Import) or vendor system dependencies.,No
CS1798138,Symphony AMAU Transfers,Integration & Interfaces,Integration Failure,High,"Case relates to HL7 messaging, DAD interface, interop feeds, or message trigger failures.",No
CS1798818,RHMSYM111,Configuration & Administration,System Administration,Medium,Server status query regarding active infrastructure.,No
CS1798826,Restart required,Integration & Interfaces,Integration Failure,High,"Case relates to HL7 messaging, DAD interface, interop feeds, or message trigger failures.",No
CS1799105,Error After Installing RISP Client,Access & Security,Authentication,High,"Case relates to user authentication, password reset, SSO, or account lockout.",No
CS1799302,printing issue single user,Configuration & Administration,Configuration Change,High,"Case involves document output, printer configuration, scanner hardware, forms, or templates.",No
CS1799308,Postcode finder not working again - GBG Loqate,Defects & Errors,Application Defect,Medium,"Case reports application defect, scanning blank pages, or functional error.",No
CS1799617,Slow performance,Integration & Interfaces,Integration Failure,High,"Case relates to HL7 messaging, DAD interface, interop feeds, or message trigger failures.",No
CS1799637,Export of DEP usage,Reporting & Analytics,Reporting,High,"Case involves SSRS report generation, custom reports, or data extraction.",No
CS1799950,Symphony DAD Interface will not start after Windows Updates,Integration & Interfaces,Integration Failure,High,"Case relates to HL7 messaging, DAD interface, interop feeds, or message trigger failures.",No
CS1800288,"Adding ""address"" to output",Access & Security,Audit & Compliance,High,"Case involves Information Governance, record access audit, or viewing history request.",No
CS1800403,Audit,Access & Security,Audit & Compliance,High,"Case involves Information Governance, record access audit, or viewing history request.",No
CS1800444,Omnicelle and MPI DAD messages queuing,Integration & Interfaces,Integration Failure,High,"Case relates to HL7 messaging, DAD interface, interop feeds, or message trigger failures.",No
CS1800655,Request for copy of Symphony DB Schema,Service Requests,New Request,Medium,"Case represents a service request for creation, software quote, or configuration updates.",No
CS1800754,Postcode finder not working again,Defects & Errors,Application Defect,Medium,"Case reports application defect, scanning blank pages, or functional error.",No
CS1801827,RemoteApp Error Message,Access & Security,Authentication,High,"Case relates to user authentication, password reset, SSO, or account lockout.",No
CS1802083,TUH REF 787347 - Missing print jobs again,Reporting & Analytics,Reporting,High,"Case involves SSRS report generation, custom reports, or data extraction.",No
CS1802120,Attending patients at Penrith UTC with previous NHS111 attendance,Integration & Interfaces,Third-Party Systems,High,Case involves external NHS services (SCR/TIE/TRUD/ODS/GP Import) or vendor system dependencies.,No
CS1802477,practice SS utilization,Reporting & Analytics,Analytics,Medium,Practice utilization tracking and usage query.,No
CS1802553,Audit data request for specified patients between time period provided,Access & Security,Audit & Compliance,High,"Case involves Information Governance, record access audit, or viewing history request.",No
CS1802798,Active Users for Symphony,Access & Security,User Access,High,"Case requests user access enablement, role assignment, active user list, or account reinstatement.",No
CS1802975,GP Connect error,Integration & Interfaces,Third-Party Systems,High,Case involves external NHS services (SCR/TIE/TRUD/ODS/GP Import) or vendor system dependencies.,No
CS1802995,Omnicell and MPI DAD messages queued,Integration & Interfaces,Integration Failure,High,"Case relates to HL7 messaging, DAD interface, interop feeds, or message trigger failures.",No
CS1803006,System slow and some sort of error message,Performance & Availability,Performance,High,"Case reports application slowness, response lag, UI freezing, or spinning wheel.",No
CS1803070,UDDA table and mappings export request,Service Requests,New Request,Medium,"Case represents a service request for creation, software quote, or configuration updates.",No
CS1803132,Print mask failing to load,Configuration & Administration,Configuration Change,High,"Case involves document output, printer configuration, scanner hardware, forms, or templates.",No
CS1803228,Batch printing error,Integration & Interfaces,Third-Party Systems,High,Case involves external NHS services (SCR/TIE/TRUD/ODS/GP Import) or vendor system dependencies.,No
CS1803522,Staff Auidtt,Access & Security,Audit & Compliance,High,"Case involves Information Governance, record access audit, or viewing history request.",No
CS1803612,Dischage does not go through to IPM for B074955,Integration & Interfaces,Third-Party Systems,High,Case involves external NHS services (SCR/TIE/TRUD/ODS/GP Import) or vendor system dependencies.,No
CS1803868,Bed Manager tracking grid,Integration & Interfaces,Third-Party Systems,High,Case involves external NHS services (SCR/TIE/TRUD/ODS/GP Import) or vendor system dependencies.,No
CS1803872,3 unknown items in checkout zone,Workflow & Process,Assignment,High,"Case involves task queue routing, checkout zone assignments, or ownership rules.",No
CS1804392,URGENT - New information standard for the reasonable adjustment digital flag,Access & Security,Authentication,High,"Case relates to user authentication, password reset, SSO, or account lockout.",No
CS1804644,PC in UCC getting attached error message,Defects & Errors,Application Defect,Medium,"Case reports application defect, scanning blank pages, or functional error.",No
CS1804949,Low disk space,Configuration & Administration,System Administration,High,"Case involves server administration, disk space, failover configuration, or background environment setup.",No
CS1805158,Management plans second stage not updating the first stage,Integration & Interfaces,Third-Party Systems,High,Case involves external NHS services (SCR/TIE/TRUD/ODS/GP Import) or vendor system dependencies.,No
CS1805229,Active users,Access & Security,User Access,High,"Case requests user access enablement, role assignment, active user list, or account reinstatement.",No
CS1805273,MPI DAD outbound messages queuing,Integration & Interfaces,Integration Failure,High,"Case relates to HL7 messaging, DAD interface, interop feeds, or message trigger failures.",No
CS1805483,Users unable to log in via Remote app,Access & Security,Authentication,High,"Case relates to user authentication, password reset, SSO, or account lockout.",No
CS1805515,Audit 26-08,Access & Security,Audit & Compliance,High,"Case involves Information Governance, record access audit, or viewing history request.",No
CS1805790,Audit 26-09 P1,Access & Security,Audit & Compliance,High,"Case involves Information Governance, record access audit, or viewing history request.",No
CS1806086,Batch printing not working,Integration & Interfaces,Third-Party Systems,High,Case involves external NHS services (SCR/TIE/TRUD/ODS/GP Import) or vendor system dependencies.,No
CS1806178,FW: majxa pt's,Access & Security,Audit & Compliance,High,"Case involves Information Governance, record access audit, or viewing history request.",No
CS1806209,There is a problem with HL7 interface between Symphony luton TEST and TIE TEST,Integration & Interfaces,Integration Failure,High,"Case relates to HL7 messaging, DAD interface, interop feeds, or message trigger failures.",No
CS1806507,Symphony performance extremely slow,Integration & Interfaces,Integration Failure,High,"Case relates to HL7 messaging, DAD interface, interop feeds, or message trigger failures.",No
CS1806557,Error trying to perform batch print,Integration & Interfaces,Integration Failure,High,"Case relates to HL7 messaging, DAD interface, interop feeds, or message trigger failures.",No
CS1806739,Test iPMS number not coming over to test Symphony,Integration & Interfaces,Third-Party Systems,High,Case involves external NHS services (SCR/TIE/TRUD/ODS/GP Import) or vendor system dependencies.,No
CS1806923,PMI number not created for patient,Integration & Interfaces,Integration Failure,High,"Case relates to HL7 messaging, DAD interface, interop feeds, or message trigger failures.",No
CS1807258,restart dad/iis/jboss,Integration & Interfaces,Integration Failure,High,"Case relates to HL7 messaging, DAD interface, interop feeds, or message trigger failures.",No
CS1807286,Printing not working since failover at the weekend,Reporting & Analytics,Reporting,High,"Case involves SSRS report generation, custom reports, or data extraction.",No
CS1807322,Luton - Query about using Majax,User Guidance & Training,How-To Request,High,"Case involves operational guidance, clinical scoring setup (MEOWS/MAJAX), or usage assistance.",No
CS1807531,Full Audit of access to this patients records,Access & Security,Audit & Compliance,High,"Case involves Information Governance, record access audit, or viewing history request.",No
CS1807735,Historical documents not in midas folder,Integration & Interfaces,Third-Party Systems,High,Case involves external NHS services (SCR/TIE/TRUD/ODS/GP Import) or vendor system dependencies.,No
CS1807819,Symphony DEP Config access,Access & Security,Audit & Compliance,High,"Case involves Information Governance, record access audit, or viewing history request.",No
CS1807879,Audit request,Access & Security,Audit & Compliance,High,"Case involves Information Governance, record access audit, or viewing history request.",No
CS1808032,CHB ED OUT-PATIENT: is DAD running on test?,Integration & Interfaces,Integration Failure,High,"Case relates to HL7 messaging, DAD interface, interop feeds, or message trigger failures.",No
CS1808325,"Audit of access to patient record, plus any & all changes made to the record",Access & Security,Audit & Compliance,High,"Case involves Information Governance, record access audit, or viewing history request.",No
CS1808690,Symphony Crashed boths sites - Multiple users,Integration & Interfaces,Integration Failure,High,"Case relates to HL7 messaging, DAD interface, interop feeds, or message trigger failures.",No
CS1808891,Restart Required,Integration & Interfaces,Integration Failure,High,"Case relates to HL7 messaging, DAD interface, interop feeds, or message trigger failures.",No
CS1809123,TIE interface failure,Integration & Interfaces,Integration Failure,High,"Case relates to HL7 messaging, DAD interface, interop feeds, or message trigger failures.",No
CS1809437,Unable to print labels,Configuration & Administration,Master Data,High,"Case involves master reference data, department/ward lookups, team setup, or site configuration.",No
CS1809595,question about replicated  (aka-: rep1),Reporting & Analytics,Reporting,High,"Case involves SSRS report generation, custom reports, or data extraction.",No
CS1809663,Audit 26-10 P1,Access & Security,Audit & Compliance,High,"Case involves Information Governance, record access audit, or viewing history request.",No
CS1809667,Audit 26-10 P2,Access & Security,Audit & Compliance,High,"Case involves Information Governance, record access audit, or viewing history request.",No
CS1809668,Audit 26-10 P3,Access & Security,Audit & Compliance,High,"Case involves Information Governance, record access audit, or viewing history request.",No
CS1809681,Audit 26-11,Access & Security,Audit & Compliance,High,"Case involves Information Governance, record access audit, or viewing history request.",No
CS1810209,cannot launch ICE from Symphony,Defects & Errors,Application Defect,Medium,"Case reports application defect, scanning blank pages, or functional error.",No
CS1810219,Symphoney does not send document s to Viper.,Integration & Interfaces,Integration Failure,High,"Case relates to HL7 messaging, DAD interface, interop feeds, or message trigger failures.",No
CS1810327,Audit of access to a patient record,Access & Security,Audit & Compliance,High,"Case involves Information Governance, record access audit, or viewing history request.",No
CS1810673,Generic account has access to everything following Symphony downtime,Configuration & Administration,Master Data,High,"Case involves master reference data, department/ward lookups, team setup, or site configuration.",No
CS1810742,Printing template - QR query,Configuration & Administration,Master Data,High,"Case involves master reference data, department/ward lookups, team setup, or site configuration.",No
CS1811100,Teddy bear flag missing,Integration & Interfaces,Third-Party Systems,High,Case involves external NHS services (SCR/TIE/TRUD/ODS/GP Import) or vendor system dependencies.,No
CS1811171,Messages stuck,Integration & Interfaces,Integration Failure,High,"Case relates to HL7 messaging, DAD interface, interop feeds, or message trigger failures.",No
CS1811205,DAD Restart,Integration & Interfaces,Integration Failure,High,"Case relates to HL7 messaging, DAD interface, interop feeds, or message trigger failures.",No
CS1811318,"Symphony down, unable to access",Performance & Availability,Availability,High,"Case reports application outage, site-wide failure, or service unavailability.",No
CS1811326,BRM department,Configuration & Administration,Master Data,High,"Case involves master reference data, department/ward lookups, team setup, or site configuration.",No
CS1811799,Location of Icons folder,Integration & Interfaces,Third-Party Systems,High,Case involves external NHS services (SCR/TIE/TRUD/ODS/GP Import) or vendor system dependencies.,No
CS1811946,internal investigation. Audit,Access & Security,Audit & Compliance,High,"Case involves Information Governance, record access audit, or viewing history request.",No
CS1811956,Audit trail of demographic changes,Access & Security,Audit & Compliance,High,"Case involves Information Governance, record access audit, or viewing history request.",No
CS1812015,patient audit,Access & Security,Audit & Compliance,High,"Case involves Information Governance, record access audit, or viewing history request.",No
CS1812194,Access audit request,Access & Security,Audit & Compliance,High,"Case involves Information Governance, record access audit, or viewing history request.",No
CS1812834,Please can you tell me who created and last edited Freya Hunt's log in,Access & Security,Authentication,High,"Case relates to user authentication, password reset, SSO, or account lockout.",No
CS1812931,Disk space,Data Management,Data Correction,High,"Case involves database scripts, data corrections, record timestamp fixes, or duplicate text clean-up.",No
CS1812980,Audit request,Access & Security,Audit & Compliance,High,"Case involves Information Governance, record access audit, or viewing history request.",No
CS1813041,Review of access,Integration & Interfaces,Third-Party Systems,High,Case involves external NHS services (SCR/TIE/TRUD/ODS/GP Import) or vendor system dependencies.,No
CS1813197,Restart required,Integration & Interfaces,Integration Failure,High,"Case relates to HL7 messaging, DAD interface, interop feeds, or message trigger failures.",No
CS1813664,Access,Access & Security,User Access,High,Departmental dropdown access request for Cromer and ED.,No
CS1813676,DAD restart,Integration & Interfaces,Integration Failure,High,"Case relates to HL7 messaging, DAD interface, interop feeds, or message trigger failures.",No
CS1813712,Remove DOD for patient,Integration & Interfaces,Third-Party Systems,High,Case involves external NHS services (SCR/TIE/TRUD/ODS/GP Import) or vendor system dependencies.,No
CS1813916,patient GP feeding to Symphony from Lorenzo,Integration & Interfaces,Third-Party Systems,High,Case involves external NHS services (SCR/TIE/TRUD/ODS/GP Import) or vendor system dependencies.,No
CS1813990,HIE Viewer popping up script error,Integration & Interfaces,Integration Failure,High,"Case relates to HL7 messaging, DAD interface, interop feeds, or message trigger failures.",No
CS1814077,Contextual Link,Performance & Availability,Availability,High,"Case reports application outage, site-wide failure, or service unavailability.",No
CS1814217,All Paeds report have disapeared,Performance & Availability,Performance,High,"Case reports application slowness, response lag, UI freezing, or spinning wheel.",No
CS1814255,Performance Issues on Symphony DB,Integration & Interfaces,Integration Failure,High,"Case relates to HL7 messaging, DAD interface, interop feeds, or message trigger failures.",No
CS1814446,Showing incorrect date on record,Integration & Interfaces,Integration Failure,High,"Case relates to HL7 messaging, DAD interface, interop feeds, or message trigger failures.",No
CS1814607,DAD Restart -WVT,Integration & Interfaces,Integration Failure,High,"Case relates to HL7 messaging, DAD interface, interop feeds, or message trigger failures.",No
CS1815139,Data finding,Notifications & Communications,Email,High,"Case involves email notification delivery, content, or recipient issues.",No
CS1815612,Audit data,Access & Security,Audit & Compliance,High,"Case involves Information Governance, record access audit, or viewing history request.",No
CS1815613,Patient Audit,Access & Security,Audit & Compliance,High,"Case involves Information Governance, record access audit, or viewing history request.",No
CS1816131,Unable to register patients,Integration & Interfaces,Third-Party Systems,High,Case involves external NHS services (SCR/TIE/TRUD/ODS/GP Import) or vendor system dependencies.,No
CS1816142,Called for a dad restart,Integration & Interfaces,Integration Failure,High,"Case relates to HL7 messaging, DAD interface, interop feeds, or message trigger failures.",No
CS1816315,Remove ADT messages,Integration & Interfaces,Integration Failure,High,"Case relates to HL7 messaging, DAD interface, interop feeds, or message trigger failures.",No
CS1816521,URGENT - Symphony Data - Luton Live,Reporting & Analytics,Analytics,High,"Case involves data metrics, KPI validation, or analytics discrepancies.",No
CS1816549,Query clinic slots,Integration & Interfaces,Third-Party Systems,High,Case involves external NHS services (SCR/TIE/TRUD/ODS/GP Import) or vendor system dependencies.,No
CS1816639,Connections to old STNAS1 server,Access & Security,Authentication,High,"Case relates to user authentication, password reset, SSO, or account lockout.",No
CS1817246,Audit Request,Access & Security,Audit & Compliance,High,"Case involves Information Governance, record access audit, or viewing history request.",No
CS1817247,Audit Request,Access & Security,Audit & Compliance,High,"Case involves Information Governance, record access audit, or viewing history request.",No
CS1817260,Audit Request,Access & Security,Audit & Compliance,High,"Case involves Information Governance, record access audit, or viewing history request.",No
CS1817654,Unable to book into clinic slot,Configuration & Administration,Master Data,High,"Case involves master reference data, department/ward lookups, team setup, or site configuration.",No
CS1817709,"User unable to log in, error message",Access & Security,Authentication,High,"Case relates to user authentication, password reset, SSO, or account lockout.",No
CS1817925,Entry been deleted incorrectly,Integration & Interfaces,Third-Party Systems,High,Case involves external NHS services (SCR/TIE/TRUD/ODS/GP Import) or vendor system dependencies.,No
CS1818047,DoD flag needs to be removed from patient,Integration & Interfaces,Third-Party Systems,High,Case involves external NHS services (SCR/TIE/TRUD/ODS/GP Import) or vendor system dependencies.,No
CS1818169,Bedford Symphony - No A03 sent from Symphony for patient H088173,Integration & Interfaces,Integration Failure,High,"Case relates to HL7 messaging, DAD interface, interop feeds, or message trigger failures.",No
CS1818947,GP Update Q1 2026,Service Requests,New Request,Medium,"Case represents a service request for creation, software quote, or configuration updates.",No
CS1818953,Updated Contextual Link,Access & Security,Authentication,High,"Case relates to user authentication, password reset, SSO, or account lockout.",No
CS1819577,Unable to discharge patients,Integration & Interfaces,Third-Party Systems,High,Case involves external NHS services (SCR/TIE/TRUD/ODS/GP Import) or vendor system dependencies.,No
CS1819665,Diagnosis not working,Access & Security,Audit & Compliance,High,"Case involves Information Governance, record access audit, or viewing history request.",No
CS1820102,access log for a Coroner’s Inquest.,Access & Security,Audit & Compliance,High,"Case involves Information Governance, record access audit, or viewing history request.",No
CS1820146,Unable to book Xray through Symphony users are getting errors,Defects & Errors,Application Defect,Medium,"Case reports application defect, scanning blank pages, or functional error.",No
CS1820584,incorrectly formatted attendance message,Integration & Interfaces,Integration Failure,High,"Case relates to HL7 messaging, DAD interface, interop feeds, or message trigger failures.",No
CS1820586,Special Case Alert Audit,Access & Security,Audit & Compliance,High,"Case involves Information Governance, record access audit, or viewing history request.",No
CS1821217,Date and time stores,Integration & Interfaces,Data Exchange,Medium,Date and time timestamp structure query for cloud integration.,No
CS1821247,Symphony postcode finder,Integration & Interfaces,Third-Party Systems,High,Case involves external NHS services (SCR/TIE/TRUD/ODS/GP Import) or vendor system dependencies.,No
CS1821264,Audit Request,Access & Security,Audit & Compliance,High,"Case involves Information Governance, record access audit, or viewing history request.",No
CS1821332,ICE upgrade - need change to interop,Performance & Availability,Performance,High,"Case reports application slowness, response lag, UI freezing, or spinning wheel.",No
CS1821439,Merge A40 message not processed,Integration & Interfaces,Integration Failure,High,"Case relates to HL7 messaging, DAD interface, interop feeds, or message trigger failures.",No
CS1821467,Request for Roles and Responsibilties,Integration & Interfaces,Integration Failure,High,"Case relates to HL7 messaging, DAD interface, interop feeds, or message trigger failures.",No
CS1821534,Ptaient alert removed,Integration & Interfaces,Third-Party Systems,High,Case involves external NHS services (SCR/TIE/TRUD/ODS/GP Import) or vendor system dependencies.,No
