"trend","number","account","priority","sys_created_on","resolved_at","TTR_seconds","TTR","SLA_Business_Time_seconds","SLA_Business_Time","SLA_Duration_seconds","SLA_Duration","short_description"
"Audit / IG / access investigation","CS1610399","Leeds Teaching Hospitals NHS Trust","3 - Medium","04/07/2025 09:05:44","18/07/2025 10:21:06","1214122","14 days, 1 hrs, 15 mins","213417.0","2 days, 11 hrs, 16 mins","386217.0","4 days, 11 hrs, 16 mins","Reports not showing the correct details"
"Audit / IG / access investigation","CS1616353","Leeds Teaching Hospitals NHS Trust","4 - Low","16/07/2025 10:41:10","17/07/2025 12:53:03","94313","1 days, 2 hrs, 11 mins","51113.0","14 hrs, 11 mins","94313.0","1 days, 2 hrs, 11 mins","Majax"
"Audit / IG / access investigation","CS1617557","Doncaster and Bassetlaw Teaching Hospitals NHS Foundation Trust","4 - Low","17/07/2025 12:00:50","17/07/2025 15:08:32","11262","0 days, 3 hrs, 7 mins","11262.0","3 hrs, 7 mins","11262.0","3 hrs, 7 mins","Audit for when Special Case alert added to patient"
"DAD / HL7 / interface messaging","CS1618519","Doncaster and Bassetlaw Teaching Hospitals NHS Foundation Trust","3 - Medium","18/07/2025 12:46:50","21/07/2025 13:50:32","263022","3 days, 1 hrs, 3 mins","32622.0","9 hrs, 3 mins","263022.0","3 days, 1 hrs, 3 mins","Server Patching  following cyber alert"
"DAD / HL7 / interface messaging","CS1618831","Luton And Dunstable Hospital NHS Foundation Trust","4 - Low","18/07/2025 16:30:42","21/07/2025 13:57:08","249986","2 days, 21 hrs, 26 mins","116806.0","1 days, 8 hrs, 26 mins","246406.0","2 days, 20 hrs, 26 mins","Hl7 Message suspended"
"DAD / HL7 / interface messaging","CS1618897","South Tees Hospitals NHS Foundation Trust","2 - High","19/07/2025 07:49:12","19/07/2025 15:53:42","29070","0 days, 8 hrs, 4 mins","21584.0","5 hrs, 59 mins","21584.0","5 hrs, 59 mins","No messages coming in from TIE"
"DAD / HL7 / interface messaging","CS1618918","South Tees Hospitals NHS Foundation Trust","2 - High","19/07/2025 14:56:49","19/07/2025 16:45:31","6522","0 days, 1 hrs, 48 mins","6522.0","1 hrs, 48 mins","6522.0","1 hrs, 48 mins","GP Connect not working"
"Performance / outage / errors","CS1618920","South Tees Hospitals NHS Foundation Trust","2 - High","19/07/2025 15:54:59","21/07/2025 08:51:14","147375","1 days, 16 hrs, 56 mins","3189.0","53 mins","3189.0","53 mins","Admission Summary not working"
"Audit / IG / access investigation","CS1619318","Health Service Executive","4 - Low","21/07/2025 11:29:50","21/07/2025 15:36:04","14774","0 days, 4 hrs, 6 mins","14774.0","4 hrs, 6 mins","14774.0","4 hrs, 6 mins","Symphony interface down Sunday 20th July 2025"
"DAD / HL7 / interface messaging","CS1620938","Mid Yorkshire Teaching NHS Trust","4 - Low","22/07/2025 16:42:10","24/07/2025 11:20:01","153471","1 days, 18 hrs, 37 mins","18121.0","5 hrs, 2 mins","18620.0","5 hrs, 10 mins","EIE/DAD restart"
"DAD / HL7 / interface messaging","CS1624113","Swansea Bay University Health Board","3 - Medium","28/07/2025 11:52:10","28/07/2025 12:38:38","2788","0 days, 0 hrs, 46 mins","2788.0","46 mins","2788.0","46 mins","DAD outbound messages queued"
"Audit / IG / access investigation","CS1624173","University Hospital Southampton NHS Foundation Trust","3 - Medium","28/07/2025 12:25:42","31/07/2025 16:49:01","274999","3 days, 4 hrs, 23 mins","14648.0","4 hrs, 4 mins","14648.0","4 hrs, 4 mins","SLOW INTERFACE ISSUE"
"Audit / IG / access investigation","CS1624455","Tallaght University Hospital","4 - Low","28/07/2025 16:29:24","29/07/2025 17:10:04","88840","1 days, 0 hrs, 40 mins","28625.0","7 hrs, 57 mins","86829.0","1 days, 7 mins","Users are unable to add pead patients data through the dashboard"
"Audit / IG / access investigation","CS1625056","Mid Yorkshire Teaching NHS Trust","3 - Medium","29/07/2025 14:41:28","30/07/2025 14:05:40","84252","0 days, 23 hrs, 24 mins","8312.0","2 hrs, 18 mins","10351.0","2 hrs, 52 mins","FW: Subject Access Request  ZK"
"Audit / IG / access investigation","CS1625249","Leeds Teaching Hospitals NHS Trust","4 - Low","30/07/2025 07:58:09","08/12/2025 02:19:28","11298079","130 days, 18 hrs, 21 mins","4070147.0","47 days, 2 hrs, 35 mins","8135079.0","94 days, 3 hrs, 44 mins","lack or responsiveness of the System"
"Audit / IG / access investigation","CS1625386","North West Anglia NHS Foundation Trust","3 - Medium","30/07/2025 10:03:30","31/07/2025 10:08:14","86684","1 days, 0 hrs, 4 mins","17006.0","4 hrs, 43 mins","74606.0","20 hrs, 43 mins","Server performance and failing jobs"
"Audit / IG / access investigation","CS1625481","Isle Of Wight NHS Trust","4 - Low","30/07/2025 11:03:50","",,"","","","","","Corrupt DEP's"
"Audit / IG / access investigation","CS1625575","Mid Yorkshire Teaching NHS Trust","3 - Medium","30/07/2025 12:09:24","31/07/2025 17:58:37","107353","1 days, 5 hrs, 49 mins","12595.0","3 hrs, 29 mins","13423.0","3 hrs, 43 mins","FW: Unable to log onto training environment of Symphony"
"DAD / HL7 / interface messaging","CS1625661","Luton And Dunstable Hospital NHS Foundation Trust","4 - Low","30/07/2025 13:08:52","31/07/2025 16:58:01","100149","1 days, 3 hrs, 49 mins","13160.0","3 hrs, 39 mins","13160.0","3 hrs, 39 mins","Hl7 message suspended ipm to Symphony"
"Audit / IG / access investigation","CS1625909","Doncaster and Bassetlaw Teaching Hospitals NHS Foundation Trust","4 - Low","30/07/2025 16:54:17","31/07/2025 13:35:23","74466","0 days, 20 hrs, 41 mins","16866.0","4 hrs, 41 mins","74466.0","20 hrs, 41 mins","Audit when alert was added and by who"
"Audit / IG / access investigation","CS1625980","Leeds Teaching Hospitals NHS Trust","3 - Medium","31/07/2025 08:40:38","13/08/2025 13:59:36","1142338","13 days, 5 hrs, 18 mins","141246.0","1 days, 15 hrs, 14 mins","186698.0","2 days, 3 hrs, 51 mins","ECDS Failed"
"Audit / IG / access investigation","CS1626109","Northern Lincolnshire And Goole NHS Foundation Trust","3 - Medium","31/07/2025 10:14:13","07/08/2025 16:44:50","628237","7 days, 6 hrs, 30 mins","17691.0","4 hrs, 54 mins","17691.0","4 hrs, 54 mins","CPIS/SCR query"
"DAD / HL7 / interface messaging","CS1626621","Swansea Bay University Health Board","4 - Low","31/07/2025 16:51:59","04/08/2025 11:12:43","325244","3 days, 18 hrs, 20 mins","177.0","2 mins","177.0","2 mins","Should we merge a patient or transfer the episode to a new one?"
"Audit / IG / access investigation","CS1626936","Aneurin Bevan University Healthboard","3 - Medium","01/08/2025 12:07:20","01/08/2025 13:42:23","5703","0 days, 1 hrs, 35 mins","4412.0","1 hrs, 13 mins","4412.0","1 hrs, 13 mins","Existing account inaccessible"
"Audit / IG / access investigation","CS1626939","Doncaster and Bassetlaw Teaching Hospitals NHS Foundation Trust","3 - Medium","01/08/2025 12:09:57","01/08/2025 15:44:27","12870","0 days, 3 hrs, 34 mins","5171.0","1 hrs, 26 mins","5171.0","1 hrs, 26 mins","Replication Not Running? "
"Audit / IG / access investigation","CS1627665","North West Anglia NHS Foundation Trust","4 - Low","04/08/2025 12:25:43","05/08/2025 10:48:00","80537","0 days, 22 hrs, 22 mins","18856.0","5 hrs, 14 mins","76239.0","21 hrs, 10 mins","Audit 25-14 Request"
"Audit / IG / access investigation","CS1627877","Bedford Hospital NHS Trust","4 - Low","04/08/2025 15:28:50","20/08/2025 14:54:20","1380330","15 days, 23 hrs, 25 mins","196632.0","2 days, 6 hrs, 37 mins","715032.0","8 days, 6 hrs, 37 mins","Audit request"
"DAD / HL7 / interface messaging","CS1628394","South Tees Hospitals NHS Foundation Trust","3 - Medium","05/08/2025 12:37:42","05/08/2025 13:30:47","3185","0 days, 0 hrs, 53 mins","3185.0","53 mins","3185.0","53 mins","Locked record on EIE"
"DAD / HL7 / interface messaging","CS1628460","Mid Yorkshire Teaching NHS Trust","4 - Low","05/08/2025 13:24:50","05/08/2025 14:26:31","3701","0 days, 1 hrs, 1 mins","2523.0","42 mins","2523.0","42 mins","One of the patients 7636184 N.J is been deceased on Symphony."
"DAD / HL7 / interface messaging","CS1629223","Health Service Executive","4 - Low","06/08/2025 13:29:54","07/08/2025 12:16:40","82006","0 days, 22 hrs, 46 mins","14519.0","4 hrs, 1 mins","72119.0","20 hrs, 1 mins","Interface issues unable to scan to Midas"
"Audit / IG / access investigation","CS1629389","Doncaster and Bassetlaw Teaching Hospitals NHS Foundation Trust","4 - Low","06/08/2025 15:51:37","08/08/2025 11:28:23","157006","1 days, 19 hrs, 36 mins","41805.0","11 hrs, 36 mins","102793.0","1 days, 4 hrs, 33 mins","Test DEP Config - Duplicate field in front end"
"Audit / IG / access investigation","CS1629631","Mid Yorkshire Teaching NHS Trust","4 - Low","07/08/2025 10:01:43","13/08/2025 16:13:13","540690","6 days, 6 hrs, 11 mins","135022.0","1 days, 13 hrs, 30 mins","538222.0","6 days, 5 hrs, 30 mins","Symphony batch reporting "
"Audit / IG / access investigation","CS1630452","North Cumbria Integrated Care NHS Foundation Trust","3 - Medium","08/08/2025 11:30:24","08/08/2025 15:02:46","12742","0 days, 3 hrs, 32 mins","12379.0","3 hrs, 26 mins","12379.0","3 hrs, 26 mins","Access Audit"
"DAD / HL7 / interface messaging","CS1630486","Betsi Cadwaladr University Healthboard","3 - Medium","08/08/2025 11:53:47","28/08/2025 10:25:55","1722728","19 days, 22 hrs, 32 mins","89007.0","1 days, 43 mins","438138.0","5 days, 1 hrs, 42 mins","Patient_Details_ExtraFields"
"Performance / outage / errors","CS1630610","South Tees Hospitals NHS Foundation Trust","2 - High","08/08/2025 13:45:44","08/08/2025 16:52:49","11225","0 days, 3 hrs, 7 mins","11224.0","3 hrs, 7 mins","11224.0","3 hrs, 7 mins","EIE down locked record"
"Performance / outage / errors","CS1630621","South Tees Hospitals NHS Foundation Trust","3 - Medium","08/08/2025 13:55:24","08/08/2025 14:26:09","1845","0 days, 0 hrs, 30 mins","1845.0","30 mins","1845.0","30 mins","Record stuck in EIE"
"DAD / HL7 / interface messaging","CS1630868","Luton And Dunstable Hospital NHS Foundation Trust","3 - Medium","09/08/2025 11:18:44","19/08/2025 11:14:29","863745","9 days, 23 hrs, 55 mins","48969.0","13 hrs, 36 mins","92169.0","1 days, 1 hrs, 36 mins","Messages not passing between ICE Interop and Symphony"
"Audit / IG / access investigation","CS1630982","Brighton And Sussex University Hospitals NHS Trust","3 - Medium","11/08/2025 09:29:21","13/08/2025 15:04:05","192884","2 days, 5 hrs, 34 mins","41120.0","11 hrs, 25 mins","98720.0","1 days, 3 hrs, 25 mins","Field disappeared"
"DAD / HL7 / interface messaging","CS1631037","University Hospital Southampton NHS Foundation Trust","3 - Medium","11/08/2025 09:58:24","11/08/2025 14:11:06","15162","0 days, 4 hrs, 12 mins","15162.0","4 hrs, 12 mins","15162.0","4 hrs, 12 mins","Stuck Messages in DAD Outbound Queue"
"DAD / HL7 / interface messaging","CS1631264","Hospice Peterborough And Stamford Hospitals NHS Foundation Trust","2 - High","11/08/2025 12:03:41","11/08/2025 18:15:47","22326","0 days, 6 hrs, 12 mins","","","","","SCR / CPIS"
"DAD / HL7 / interface messaging","CS1631603","North West Anglia NHS Foundation Trust","3 - Medium","11/08/2025 18:12:06","11/08/2025 18:17:23","317","0 days, 0 hrs, 5 mins","0.0","","317.0","5 mins","Attendance SCR/CPIS check isnt working"
"Audit / IG / access investigation","CS1632045","Aneurin Bevan University Healthboard","4 - Low","12/08/2025 12:25:14","19/08/2025 13:08:56","607422","7 days, 0 hrs, 43 mins","100712.0","1 days, 3 hrs, 58 mins","446312.0","5 days, 3 hrs, 58 mins","Patient booked in but delay in showing up on Symphony"
"Audit / IG / access investigation","CS1632072","Tallaght University Hospital","4 - Low","12/08/2025 12:45:11","04/09/2025 14:22:14","1993023","23 days, 1 hrs, 37 mins","100410.0","1 days, 3 hrs, 53 mins","163842.0","1 days, 21 hrs, 30 mins","ED Episode did not go to iPMS (PAS)"
"Audit / IG / access investigation","CS1632672","Luton And Dunstable Hospital NHS Foundation Trust","4 - Low","13/08/2025 10:49:38","29/08/2025 11:34:40","1385102","16 days, 0 hrs, 45 mins","271788.0","3 days, 3 hrs, 29 mins","530988.0","6 days, 3 hrs, 29 mins","Patient Update Message Rejected"
"DAD / HL7 / interface messaging","CS1633263","Wye Valley NHS Trust","2 - High","14/08/2025 08:21:36","14/08/2025 08:38:14","998","0 days, 0 hrs, 16 mins","998.0","16 mins","998.0","16 mins","DAD"
"DAD / HL7 / interface messaging","CS1633351","University Hospital Southampton NHS Foundation Trust","3 - Medium","14/08/2025 09:37:40","14/08/2025 14:28:27","17447","0 days, 4 hrs, 50 mins","17447.0","4 hrs, 50 mins","17447.0","4 hrs, 50 mins","Symphony - edocs items stuck in the outbound DAD queue"
"DAD / HL7 / interface messaging","CS1633462","Doncaster and Bassetlaw Teaching Hospitals NHS Foundation Trust","3 - Medium","14/08/2025 10:45:48","14/08/2025 16:43:00","21432","0 days, 5 hrs, 57 mins","15811.0","4 hrs, 23 mins","15811.0","4 hrs, 23 mins","Wrong attendance removed"
"Audit / IG / access investigation","CS1633634","Northern Lincolnshire And Goole NHS Foundation Trust","3 - Medium","14/08/2025 12:41:16","",,"","","","","","Symphony error on adding specialty "
"DAD / HL7 / interface messaging","CS1633713","Health Service Executive","3 - Medium","14/08/2025 13:40:24","14/08/2025 16:41:47","10883","0 days, 3 hrs, 1 mins","10883.0","3 hrs, 1 mins","10883.0","3 hrs, 1 mins","Patient showing RIP"
"DAD / HL7 / interface messaging","CS1633770","Tallaght University Hospital","4 - Low","14/08/2025 14:34:00","21/08/2025 14:08:43","603283","6 days, 23 hrs, 34 mins","90162.0","1 days, 1 hrs, 2 mins","435762.0","5 days, 1 hrs, 2 mins","ED Discharge Failed to send to HL"
"Audit / IG / access investigation","CS1633902","Health Service Executive","4 - Low","14/08/2025 16:04:12","15/08/2025 16:57:32","89600","1 days, 0 hrs, 53 mins","20030.0","5 hrs, 33 mins","77630.0","21 hrs, 33 mins","Why are patients being marked as RIP?"
"Audit / IG / access investigation","CS1634082","North West Anglia NHS Foundation Trust","3 - Medium","15/08/2025 09:28:36","12/09/2025 16:04:13","2442937","28 days, 6 hrs, 35 mins","53431.0","14 hrs, 50 mins","57177.0","15 hrs, 52 mins","DAD lock - near constant - can you see what/why?"
"Audit / IG / access investigation","CS1634255","Doncaster and Bassetlaw Teaching Hospitals NHS Foundation Trust","3 - Medium","15/08/2025 11:19:00","15/08/2025 14:59:02","13202","0 days, 3 hrs, 40 mins","13202.0","3 hrs, 40 mins","13202.0","3 hrs, 40 mins","User Unable to Log In to Symphony "
"DAD / HL7 / interface messaging","CS1634817","University Hospital Southampton NHS Foundation Trust","3 - Medium","18/08/2025 09:27:40","18/08/2025 11:29:41","7321","0 days, 2 hrs, 2 mins","7321.0","2 hrs, 2 mins","7321.0","2 hrs, 2 mins","Stuck Messages in DAB Outbound Queue"
"Audit / IG / access investigation","CS1634971","Northern Care Alliance NHS Foundation Trust","3 - Medium","18/08/2025 11:01:28","02/09/2025 02:29:28","1265280","14 days, 15 hrs, 28 mins","47187.0","13 hrs, 6 mins","90387.0","1 days, 1 hrs, 6 mins","RE: Stuck message in Symphony DAD queue"
"Audit / IG / access investigation","CS1635313","Swansea Bay University Health Board","3 - Medium","18/08/2025 15:02:42","21/08/2025 15:38:34","261352","3 days, 0 hrs, 35 mins","55123.0","15 hrs, 18 mins","166723.0","1 days, 22 hrs, 18 mins","User unable to log in"
"Audit / IG / access investigation","CS1635414","North West Anglia NHS Foundation Trust","3 - Medium","18/08/2025 16:48:16","23/09/2025 13:26:25","3098289","35 days, 20 hrs, 38 mins","594001.0","6 days, 21 hrs","2494801.0","28 days, 21 hrs","CS1437675  - discharge HL7 contains 1/1/2200"
"Performance / outage / errors","CS1635833","Torbay and South Devon NHS Foundation Trust","3 - Medium","19/08/2025 12:23:41","28/08/2025 11:39:22","774941","8 days, 23 hrs, 15 mins","20204.0","5 hrs, 36 mins","76704.0","21 hrs, 18 mins","GP letters failed to compile "
"DAD / HL7 / interface messaging","CS1636643","Northern Care Alliance NHS Foundation Trust","3 - Medium","20/08/2025 13:27:14","20/08/2025 13:28:27","73","0 days, 0 hrs, 1 mins","73.0","1 mins","73.0","1 mins","DAD event monitor "
"Audit / IG / access investigation","CS1637394","Swansea Bay University Health Board","3 - Medium","21/08/2025 13:56:50","21/08/2025 16:57:31","10841","0 days, 3 hrs, 0 mins","9486.0","2 hrs, 38 mins","9486.0","2 hrs, 38 mins","Clinic slot locked, unable to add patient"
"DAD / HL7 / interface messaging","CS1637450","Children's Health Ireland","4 - Low","21/08/2025 14:34:25","22/08/2025 10:04:25","70200","0 days, 19 hrs, 30 mins","8088.0","2 hrs, 14 mins","65688.0","18 hrs, 14 mins","I am trying to update a printmask in Symphony but am unable to locate the CHI pa"
"Audit / IG / access investigation","CS1637673","University Hospital Southampton NHS Foundation Trust","3 - Medium","22/08/2025 09:19:19","22/08/2025 10:19:55","3636","0 days, 1 hrs, 0 mins","3636.0","1 hrs","3636.0","1 hrs","DAD Outbound Queue - SGH ED TimeLine and A04"
"DAD / HL7 / interface messaging","CS1637706","Doncaster and Bassetlaw Teaching Hospitals NHS Foundation Trust","3 - Medium","22/08/2025 09:40:06","27/08/2025 10:04:15","433449","5 days, 0 hrs, 24 mins","7591.0","2 hrs, 6 mins","7591.0","2 hrs, 6 mins","PDS giving an error"
"Audit / IG / access investigation","CS1638069","Luton And Dunstable Hospital NHS Foundation Trust","4 - Low","22/08/2025 15:25:01","01/09/2025 16:24:36","867575","10 days, 0 hrs, 59 mins","219714.0","2 days, 13 hrs, 1 mins","522114.0","6 days, 1 hrs, 1 mins","Symphony > Overseas Status is Blank from iPM v8 > Luton TEST"
"Audit / IG / access investigation","CS1638245","Health Service Executive","4 - Low","25/08/2025 12:44:07","29/08/2025 11:33:15","341348","3 days, 22 hrs, 49 mins","103871.0","1 days, 4 hrs, 51 mins","334271.0","3 days, 20 hrs, 51 mins","Batch print-to-file GP letters for emailing"
"DAD / HL7 / interface messaging","CS1638278","Gibraltar Health Authority (GHA)","1 - Critical","26/08/2025 08:08:51","26/08/2025 12:59:38","17447","0 days, 4 hrs, 50 mins","5689.0","1 hrs, 34 mins","5689.0","1 hrs, 34 mins","Patient Add and Updates not coming through from CAMIS"
"DAD / HL7 / interface messaging","CS1639141","Kent Community Health NHS Foundation Trust","4 - Low","27/08/2025 10:14:45","29/08/2025 09:10:10","168925","1 days, 22 hrs, 55 mins","57614.0","16 hrs","100814.0","1 days, 4 hrs","delete an episode"
"DAD / HL7 / interface messaging","CS1639986","Health Service Executive","4 - Low","28/08/2025 11:32:41","01/09/2025 15:50:49","361088","4 days, 4 hrs, 18 mins","46751.0","12 hrs, 59 mins","104351.0","1 days, 4 hrs, 59 mins","Billing Invoice missing"
"DAD / HL7 / interface messaging","CS1640357","Health Service Executive","2 - High","29/08/2025 02:47:04","29/08/2025 11:52:50","32746","0 days, 9 hrs, 5 mins","17990.0","4 hrs, 59 mins","17990.0","4 hrs, 59 mins","Patients not coming in from IPMS"
"DAD / HL7 / interface messaging","CS1640366","Mid Yorkshire Teaching NHS Trust","2 - High","29/08/2025 08:28:09","29/08/2025 11:20:35","10346","0 days, 2 hrs, 52 mins","2240.0","37 mins","4151.0","1 hrs, 9 mins","Restart DAD for Symphony messaging"
"DAD / HL7 / interface messaging","CS1642757","Swansea Bay University Health Board","2 - High","02/09/2025 11:33:19","02/09/2025 13:15:49","6150","0 days, 1 hrs, 42 mins","1189.0","19 mins","1189.0","19 mins","DAD outbound messages queuing"
"DAD / HL7 / interface messaging","CS1643400","North West Anglia NHS Foundation Trust","3 - Medium","03/09/2025 10:21:16","04/09/2025 08:19:03","79067","0 days, 21 hrs, 57 mins","5240.0","1 hrs, 27 mins","59732.0","16 hrs, 35 mins","SCR/CPIS attendance (possible performance)"
"Audit / IG / access investigation","CS1643932","North Cumbria Integrated Care NHS Foundation Trust","3 - Medium","03/09/2025 16:30:56","04/09/2025 09:50:47","62391","0 days, 17 hrs, 19 mins","19190.0","5 hrs, 19 mins","62390.0","17 hrs, 19 mins","Error Message when loading DEP Config"
"DAD / HL7 / interface messaging","CS1644097","University Hospital Southampton NHS Foundation Trust","3 - Medium","04/09/2025 09:39:29","04/09/2025 11:36:42","7033","0 days, 1 hrs, 57 mins","7032.0","1 hrs, 57 mins","7032.0","1 hrs, 57 mins","Outbound Failure DAD Messague Queue"
"DAD / HL7 / interface messaging","CS1644520","Swansea Bay University Health Board","3 - Medium","04/09/2025 14:24:25","04/09/2025 16:08:07","6222","0 days, 1 hrs, 43 mins","3484.0","58 mins","3484.0","58 mins","DAD outbound messages queued"
"DAD / HL7 / interface messaging","CS1644865","Children's Health Ireland","3 - Medium","05/09/2025 09:50:20","16/09/2025 13:40:11","964191","11 days, 3 hrs, 49 mins","34348.0","9 hrs, 32 mins","95486.0","1 days, 2 hrs, 31 mins","Issues with DAD"
"Audit / IG / access investigation","CS1645990","Northern Lincolnshire And Goole NHS Foundation Trust","3 - Medium","08/09/2025 12:53:26","10/09/2025 10:50:09","165403","1 days, 21 hrs, 56 mins","52346.0","14 hrs, 32 mins","95546.0","1 days, 2 hrs, 32 mins","Tracking screen not updating at different machines"
"DAD / HL7 / interface messaging","CS1646102","Luton And Dunstable Hospital NHS Foundation Trust","4 - Low","08/09/2025 14:11:02","10/09/2025 10:00:33","157771","1 days, 19 hrs, 49 mins","71371.0","19 hrs, 49 mins","157771.0","1 days, 19 hrs, 49 mins","A31 messages that fail "
"DAD / HL7 / interface messaging","CS1646405","Doncaster and Bassetlaw Teaching Hospitals NHS Foundation Trust","2 - High","09/09/2025 08:22:55","09/09/2025 09:05:39","2564","0 days, 0 hrs, 42 mins","2564.0","42 mins","2564.0","42 mins","DAD restart"
"DAD / HL7 / interface messaging","CS1646731","Swansea Bay University Health Board","3 - Medium","09/09/2025 11:35:30","11/09/2025 13:05:01","178171","2 days, 1 hrs, 29 mins","33249.0","9 hrs, 14 mins","33249.0","9 hrs, 14 mins","DAD outbound messages queued"
"Audit / IG / access investigation","CS1647425","University Hospital Southampton NHS Foundation Trust","3 - Medium","10/09/2025 10:24:33","10/09/2025 13:30:04","11131","0 days, 3 hrs, 5 mins","9497.0","2 hrs, 38 mins","9497.0","2 hrs, 38 mins","Reinstate consultant's erroneously end dated account"
"DAD / HL7 / interface messaging","CS1647685","Western Sussex Hospitals NHS Trust","4 - Low","10/09/2025 13:07:28","12/09/2025 10:18:33","162665","1 days, 21 hrs, 11 mins","27482.0","7 hrs, 38 mins","85082.0","23 hrs, 38 mins","Number of connections to  a Symphony Port for HL7 Messages"
"DAD / HL7 / interface messaging","CS1648011","Wye Valley NHS Trust","3 - Medium","11/09/2025 06:52:43","11/09/2025 10:12:06","11963","0 days, 3 hrs, 19 mins","2550.0","42 mins","7541.0","2 hrs, 5 mins","A&E Comm Point Down"
"DAD / HL7 / interface messaging","CS1648114","University Hospital Southampton NHS Foundation Trust","3 - Medium","11/09/2025 09:28:12","12/09/2025 11:51:00","94968","1 days, 2 hrs, 22 mins","37368.0","10 hrs, 22 mins","94968.0","1 days, 2 hrs, 22 mins","Symphony DAD message  queue Outbound  failure"
"DAD / HL7 / interface messaging","CS1648858","Wye Valley NHS Trust","2 - High","12/09/2025 09:03:27","12/09/2025 13:32:24","16137","0 days, 4 hrs, 28 mins","1219.0","20 mins","1219.0","20 mins","DAD Restart"
"Audit / IG / access investigation","CS1648887","Betsi Cadwaladr University Healthboard","3 - Medium","12/09/2025 09:17:38","17/09/2025 13:05:55","445697","5 days, 3 hrs, 48 mins","30181.0","8 hrs, 23 mins","30181.0","8 hrs, 23 mins","system lag/slow 01:00- 02:00"
"Audit / IG / access investigation","CS1648961","North West Anglia NHS Foundation Trust","4 - Low","12/09/2025 09:53:58","12/09/2025 15:53:02","21544","0 days, 5 hrs, 59 mins","21544.0","5 hrs, 59 mins","21544.0","5 hrs, 59 mins","Audit 25-18 Request"
"Audit / IG / access investigation","CS1649123","Isle Of Wight NHS Trust","4 - Low","12/09/2025 11:23:24","15/09/2025 12:10:21","262017","3 days, 0 hrs, 46 mins","31617.0","8 hrs, 46 mins","262017.0","3 days, 46 mins","Audit of who created 2 records"
"Audit / IG / access investigation","CS1649186","North Cumbria Integrated Care NHS Foundation Trust","3 - Medium","12/09/2025 12:10:03","15/09/2025 15:41:24","271881","3 days, 3 hrs, 31 mins","128541.0","1 days, 11 hrs, 42 mins","258141.0","2 days, 23 hrs, 42 mins","Audit Report of Staff Activity"
"DAD / HL7 / interface messaging","CS1649239","Isle Of Wight NHS Trust","3 - Medium","12/09/2025 12:50:50","10/10/2025 16:17:15","2431585","28 days, 3 hrs, 26 mins","521698.0","6 days, 54 mins","2249698.0","26 days, 54 mins","Error Message"
"DAD / HL7 / interface messaging","CS1649595","University Hospital Southampton NHS Foundation Trust","3 - Medium","15/09/2025 09:18:09","16/09/2025 14:41:08","105779","1 days, 5 hrs, 22 mins","18220.0","5 hrs, 3 mins","18220.0","5 hrs, 3 mins","Stuck Messages in DAB Outbound Queue. "
"Audit / IG / access investigation","CS1649986","Gibraltar Health Authority (GHA)","4 - Low","15/09/2025 12:29:04","23/09/2025 11:52:55","689031","7 days, 23 hrs, 23 mins","148562.0","1 days, 17 hrs, 16 mins","557787.0","6 days, 10 hrs, 56 mins","Audit reports only retrieving results up to 2022 "
"DAD / HL7 / interface messaging","CS1650129","Bedford Hospital NHS Trust","4 - Low","15/09/2025 14:06:48","01/10/2025 02:54:28","1342060","15 days, 12 hrs, 47 mins","43848.0","12 hrs, 10 mins","159048.0","1 days, 20 hrs, 10 mins","Symphony Test Interop not working to Bedford Test ICE"
"Audit / IG / access investigation","CS1650156","Northern Care Alliance NHS Foundation Trust","3 - Medium","15/09/2025 14:25:52","19/09/2025 15:32:17","349585","4 days, 1 hrs, 6 mins","160398.0","1 days, 20 hrs, 33 mins","333198.0","3 days, 20 hrs, 33 mins","ECDS File on 09/09/2025 not loaded"
"Audit / IG / access investigation","CS1650585","North Cumbria Integrated Care NHS Foundation Trust","3 - Medium","16/09/2025 10:22:26","16/09/2025 14:14:27","13921","0 days, 3 hrs, 52 mins","7543.0","2 hrs, 5 mins","7543.0","2 hrs, 5 mins","Audit of Patient record"
"Audit / IG / access investigation","CS1650989","Betsi Cadwaladr University Healthboard","3 - Medium","16/09/2025 14:52:29","16/09/2025 16:14:52","4943","0 days, 1 hrs, 22 mins","2950.0","49 mins","2950.0","49 mins","BCUHB symphony stalled, 10:10h fail over, now SSRS summary reports incomplete"
"DAD / HL7 / interface messaging","CS1651867","South Tees Hospitals NHS Foundation Trust","2 - High","17/09/2025 15:24:56","17/09/2025 15:27:35","159","0 days, 0 hrs, 2 mins","159.0","2 mins","159.0","2 mins","CTM Alert"
"DAD / HL7 / interface messaging","CS1651982","North Cumbria Integrated Care NHS Foundation Trust","4 - Low","17/09/2025 17:06:02","22/09/2025 16:57:34","431492","4 days, 23 hrs, 51 mins","201662.0","2 days, 8 hrs, 1 mins","374462.0","4 days, 8 hrs, 1 mins","Remove name from record"
"DAD / HL7 / interface messaging","CS1652757","North Cumbria Integrated Care NHS Foundation Trust","4 - Low","19/09/2025 08:30:10","22/09/2025 16:59:22","289752","3 days, 8 hrs, 29 mins","159894.0","1 days, 20 hrs, 24 mins","289494.0","3 days, 8 hrs, 24 mins","Patient Alias"
"DAD / HL7 / interface messaging","CS1652784","Mid Yorkshire Teaching NHS Trust","4 - Low","19/09/2025 08:57:38","19/09/2025 12:46:51","13753","0 days, 3 hrs, 49 mins","13611.0","3 hrs, 46 mins","13753.0","3 hrs, 49 mins","Remove DOD from Symphony"
"DAD / HL7 / interface messaging","CS1652823","University Hospital Southampton NHS Foundation Trust","3 - Medium","19/09/2025 09:25:50","25/09/2025 09:08:16","517346","5 days, 23 hrs, 42 mins","30602.0","8 hrs, 30 mins","88202.0","1 days, 30 mins","Stuck messages"
"DAD / HL7 / interface messaging","CS1652960","University Hospital Southampton NHS Foundation Trust","2 - High","19/09/2025 10:53:26","19/09/2025 11:09:34","968","0 days, 0 hrs, 16 mins","967.0","16 mins","967.0","16 mins","URGENT Symphony LIVE slow and not allowing to save changes or admit patients"
"DAD / HL7 / interface messaging","CS1654157","Swansea Bay University Health Board","3 - Medium","22/09/2025 15:25:52","04/11/2025 00:14:29","3660517","42 days, 8 hrs, 48 mins","282052.0","3 days, 6 hrs, 20 mins","1185652.0","13 days, 17 hrs, 20 mins","PMI number not being created with new reg's"
"DAD / HL7 / interface messaging","CS1654356","University Hospital Southampton NHS Foundation Trust","1 - Critical","22/09/2025 19:13:39","22/09/2025 19:47:48","2049","0 days, 0 hrs, 34 mins","2049.0","34 mins","2049.0","34 mins","Unable to get onto Symphony Live"
"DAD / HL7 / interface messaging","CS1654372","University Hospital Southampton NHS Foundation Trust","3 - Medium","23/09/2025 04:17:48","23/09/2025 11:57:42","27594","0 days, 7 hrs, 39 mins","10662.0","2 hrs, 57 mins","14095.0","3 hrs, 54 mins","Symphony circling"
"Audit / IG / access investigation","CS1654708","Tallaght University Hospital","4 - Low","23/09/2025 11:40:31","01/10/2025 12:07:45","692834","8 days, 0 hrs, 27 mins","56145.0","15 hrs, 35 mins","116656.0","1 days, 8 hrs, 24 mins","TUH REF 749985 - Reassigning Symphony episode - Failed"
"Audit / IG / access investigation","CS1655041","Isle Of Wight NHS Trust","4 - Low","23/09/2025 15:16:51","",,"","","","","","GP Connect Issue"
"DAD / HL7 / interface messaging","CS1655421","Tallaght University Hospital","4 - Low","24/09/2025 10:25:06","25/09/2025 12:59:27","95661","1 days, 2 hrs, 34 mins","21061.0","5 hrs, 51 mins","78661.0","21 hrs, 51 mins","Merge patient episode"
"DAD / HL7 / interface messaging","CS1655606","Swansea Bay University Health Board","3 - Medium","24/09/2025 12:10:11","26/09/2025 09:52:26","164535","1 days, 21 hrs, 42 mins","49789.0","13 hrs, 49 mins","158496.0","1 days, 20 hrs, 1 mins","EIE queue has locked record"
"Audit / IG / access investigation","CS1655696","Mid Yorkshire Teaching NHS Trust","3 - Medium","24/09/2025 13:08:01","01/10/2025 11:36:03","599282","6 days, 22 hrs, 28 mins","36773.0","10 hrs, 12 mins","151973.0","1 days, 18 hrs, 12 mins","FW: Patient 7793533 "
"DAD / HL7 / interface messaging","CS1656053","Wye Valley NHS Trust","2 - High","24/09/2025 21:13:57","24/09/2025 21:37:23","1406","0 days, 0 hrs, 23 mins","1406.0","23 mins","1406.0","23 mins","Messages not going through"
"DAD / HL7 / interface messaging","CS1656115","University Hospital Southampton NHS Foundation Trust","3 - Medium","25/09/2025 09:13:06","26/09/2025 10:49:31","92185","1 days, 1 hrs, 36 mins","34585.0","9 hrs, 36 mins","92185.0","1 days, 1 hrs, 36 mins","Discharge summaries stuck in the queue - unable to proceed"
"Audit / IG / access investigation","CS1657322","Wye Valley NHS Trust","3 - Medium","26/09/2025 13:14:09","21/10/2025 14:09:48","2163339","25 days, 0 hrs, 55 mins","324038.0","3 days, 18 hrs","1474986.0","17 days, 1 hrs, 43 mins","Missing ED Discharge Reports"
"DAD / HL7 / interface messaging","CS1657842","South Tees Hospitals NHS Foundation Trust","3 - Medium","29/09/2025 09:34:26","29/09/2025 10:31:29","3423","0 days, 0 hrs, 57 mins","3423.0","57 mins","3423.0","57 mins","Restart of Symphony DAD required"
"DAD / HL7 / interface messaging","CS1658283","Swansea Bay University Health Board","3 - Medium","29/09/2025 12:58:02","29/09/2025 14:30:58","5576","0 days, 1 hrs, 32 mins","5576.0","1 hrs, 32 mins","5576.0","1 hrs, 32 mins","DAD outbound messages queueing "
"DAD / HL7 / interface messaging","CS1658305","Wye Valley NHS Trust","3 - Medium","29/09/2025 13:15:07","19/11/2025 12:12:27","4402640","50 days, 22 hrs, 57 mins","345642.0","4 days","1154138.0","13 days, 8 hrs, 35 mins","Two different messaging issues "
"DAD / HL7 / interface messaging","CS1658432","Wye Valley NHS Trust","4 - Low","29/09/2025 14:45:49","27/10/2025 12:28:09","2410940","27 days, 21 hrs, 42 mins","244557.0","2 days, 19 hrs, 55 mins","824667.0","9 days, 13 hrs, 4 mins","NHS 111 patient consultation information not showing when viewing CDA viewer. "
"Audit / IG / access investigation","CS1658677","Health Service Executive","4 - Low","29/09/2025 18:55:47","30/09/2025 11:43:14","60447","0 days, 16 hrs, 47 mins","9794.0","2 hrs, 43 mins","60447.0","16 hrs, 47 mins","Batch print-to-file GP letters for emailing"
"Performance / outage / errors","CS1658691","University Hospital Southampton NHS Foundation Trust","3 - Medium","30/09/2025 02:45:29","30/09/2025 02:57:02","693","0 days, 0 hrs, 11 mins","0.0","","693.0","11 mins","Symphony not loading"
"Performance / outage / errors","CS1658767","Kent Community Health NHS Foundation Trust","4 - Low","30/09/2025 09:02:16","14/10/2025 09:52:16","1212600","14 days, 0 hrs, 50 mins","19225.0","5 hrs, 20 mins","19225.0","5 hrs, 20 mins","Password Reset"
"Audit / IG / access investigation","CS1658937","Betsi Cadwaladr University Healthboard","4 - Low","30/09/2025 10:11:31","03/10/2025 14:12:25","273654","3 days, 4 hrs, 0 mins","100690.0","1 days, 3 hrs, 58 mins","272120.0","3 days, 3 hrs, 35 mins","unable to export from e-audit"
"Audit / IG / access investigation","CS1660862","Betsi Cadwaladr University Healthboard","4 - Low","01/10/2025 13:54:11","06/10/2025 17:14:08","443997","5 days, 3 hrs, 19 mins","72829.0","20 hrs, 13 mins","360829.0","4 days, 4 hrs, 13 mins",".ico files and what they are bound to/ flagged /represent in BCUHB Symph"
"DAD / HL7 / interface messaging","CS1661231","Northern Lincolnshire And Goole NHS Foundation Trust","3 - Medium","01/10/2025 17:00:16","02/10/2025 14:19:22","76746","0 days, 21 hrs, 19 mins","29074.0","8 hrs, 4 mins","30267.0","8 hrs, 24 mins","Check that interface is working"
"DAD / HL7 / interface messaging","CS1661369","Wye Valley NHS Trust","2 - High","02/10/2025 08:58:42","02/10/2025 14:26:58","19696","0 days, 5 hrs, 28 mins","1859.0","30 mins","1859.0","30 mins","DAD Interface"
"DAD / HL7 / interface messaging","CS1661448","University Hospital Southampton NHS Foundation Trust","4 - Low","02/10/2025 09:33:42","03/10/2025 12:31:07","97045","1 days, 2 hrs, 57 mins","25505.0","7 hrs, 5 mins","25505.0","7 hrs, 5 mins","Failed message delivery"
"DAD / HL7 / interface messaging","CS1662446","Wye Valley NHS Trust","3 - Medium","02/10/2025 21:16:07","02/10/2025 21:43:48","1661","0 days, 0 hrs, 27 mins","0.0","","1661.0","27 mins","DAD Interface"
"DAD / HL7 / interface messaging","CS1662576","Health Service Executive","3 - Medium","03/10/2025 09:35:47","03/10/2025 10:16:56","2469","0 days, 0 hrs, 41 mins","2469.0","41 mins","2469.0","41 mins","Naas RIP patient"
"Audit / IG / access investigation","CS1663026","Doncaster and Bassetlaw Teaching Hospitals NHS Foundation Trust","4 - Low","03/10/2025 14:22:33","06/10/2025 13:21:03","255510","2 days, 22 hrs, 58 mins","25110.0","6 hrs, 58 mins","255510.0","2 days, 22 hrs, 58 mins","Audit when User last accessed system"
"Audit / IG / access investigation","CS1663128","Bedford Hospital NHS Trust","4 - Low","03/10/2025 15:18:22","03/11/2025 13:50:54","2673152","30 days, 22 hrs, 32 mins","25564.0","7 hrs, 6 mins","25564.0","7 hrs, 6 mins","Luton Symphony UAT - GP Blank "
"Audit / IG / access investigation","CS1663883","Tallaght University Hospital","4 - Low","06/10/2025 11:43:38","08/10/2025 17:06:36","192178","2 days, 5 hrs, 22 mins","76582.0","21 hrs, 16 mins","192178.0","2 days, 5 hrs, 22 mins","ICD10 Codes for ED Discharge diagnosis"
"Audit / IG / access investigation","CS1664213","North West Anglia NHS Foundation Trust","4 - Low","06/10/2025 14:42:14","06/10/2025 17:17:57","9343","0 days, 2 hrs, 35 mins","8266.0","2 hrs, 17 mins","9343.0","2 hrs, 35 mins","New Depts - quick query"
"Audit / IG / access investigation","CS1664380","North West Anglia NHS Foundation Trust","4 - Low","06/10/2025 16:13:27","30/10/2025 10:41:44","2053697","23 days, 18 hrs, 28 mins","457088.0","5 days, 6 hrs, 58 mins","1958288.0","22 days, 15 hrs, 58 mins","Unable to complete many DEPs in Symphony Test"
"DAD / HL7 / interface messaging","CS1665278","Leeds Teaching Hospitals NHS Trust","3 - Medium","07/10/2025 14:15:19","13/10/2025 09:42:59","502060","5 days, 19 hrs, 27 mins","10698.0","2 hrs, 58 mins","10698.0","2 hrs, 58 mins","PDS search to the spine"
"DAD / HL7 / interface messaging","CS1665653","Brighton And Sussex University Hospitals NHS Trust","3 - Medium","08/10/2025 09:12:23","17/10/2025 14:41:47","797364","9 days, 5 hrs, 29 mins","23667.0","6 hrs, 34 mins","23667.0","6 hrs, 34 mins","Missing attendance"
"DAD / HL7 / interface messaging","CS1665974","Swansea Bay University Health Board","3 - Medium","08/10/2025 11:26:54","08/10/2025 13:01:22","5668","0 days, 1 hrs, 34 mins","5668.0","1 hrs, 34 mins","5668.0","1 hrs, 34 mins","DAD outbound MPI messages queueing"
"Audit / IG / access investigation","CS1666316","Children's Health Ireland","4 - Low","08/10/2025 14:33:36","10/10/2025 12:57:27","167031","1 days, 22 hrs, 23 mins","51830.0","14 hrs, 23 mins","167030.0","1 days, 22 hrs, 23 mins","Audit of symphony users accessing patient demographics"
"DAD / HL7 / interface messaging","CS1666513","Children's Health Ireland","4 - Low","08/10/2025 16:52:20","26/11/2025 04:44:29","4189929","48 days, 11 hrs, 52 mins","414646.0","4 days, 19 hrs, 10 mins","1686940.0","19 days, 12 hrs, 35 mins","patient number mix up"
"Audit / IG / access investigation","CS1667215","Doncaster and Bassetlaw Teaching Hospitals NHS Foundation Trust","4 - Low","09/10/2025 13:37:15","28/10/2025 02:14:28","1600633","18 days, 12 hrs, 37 mins","79598.0","22 hrs, 6 mins","425198.0","4 days, 22 hrs, 6 mins","Print Template Editor query "
"Audit / IG / access investigation","CS1667460","Northern Lincolnshire And Goole NHS Foundation Trust","4 - Low","09/10/2025 16:34:59","10/10/2025 14:06:39","77500","0 days, 21 hrs, 31 mins","34300.0","9 hrs, 31 mins","77500.0","21 hrs, 31 mins","User ID"
"DAD / HL7 / interface messaging","CS1667469","Mid Yorkshire Teaching NHS Trust","4 - Low","09/10/2025 16:46:36","09/10/2025 17:37:10","3034","0 days, 0 hrs, 50 mins","804.0","13 mins","3034.0","50 mins","Deceased in Error "
"DAD / HL7 / interface messaging","CS1667484","Wye Valley NHS Trust","3 - Medium","09/10/2025 17:10:47","09/10/2025 17:20:40","593","0 days, 0 hrs, 9 mins","0.0","","593.0","9 mins","DAD Restart"
"DAD / HL7 / interface messaging","CS1668253","Wye Valley NHS Trust","2 - High","10/10/2025 21:23:17","10/10/2025 21:54:29","1872","0 days, 0 hrs, 31 mins","1872.0","31 mins","1872.0","31 mins","Trust have called for a dad restart"
"DAD / HL7 / interface messaging","CS1668408","Doncaster and Bassetlaw Teaching Hospitals NHS Foundation Trust","2 - High","12/10/2025 11:16:26","12/10/2025 13:25:08","7722","0 days, 2 hrs, 8 mins","7722.0","2 hrs, 8 mins","7722.0","2 hrs, 8 mins","Messages not going to adastra"
"Audit / IG / access investigation","CS1668516","Isle Of Wight NHS Trust","3 - Medium","13/10/2025 08:17:52","04/11/2025 14:16:14","1922302","22 days, 5 hrs, 58 mins","417001.0","4 days, 19 hrs, 50 mins","1518805.0","17 days, 13 hrs, 53 mins","e-Notes"
"Audit / IG / access investigation","CS1668662","Health Service Executive","4 - Low","13/10/2025 09:59:21","07/11/2025 03:54:29","2138108","24 days, 17 hrs, 55 mins","257308.0","2 days, 23 hrs, 28 mins","948508.0","10 days, 23 hrs, 28 mins","issue patient duplicate"
"DAD / HL7 / interface messaging","CS1669729","Swansea Bay University Health Board","3 - Medium","14/10/2025 12:18:38","14/10/2025 18:05:33","20815","0 days, 5 hrs, 46 mins","11198.0","3 hrs, 6 mins","11198.0","3 hrs, 6 mins","DAD outbound messages queued"
"Audit / IG / access investigation","CS1670128","Wye Valley NHS Trust","2 - High","14/10/2025 20:30:53","14/10/2025 20:37:45","412","0 days, 0 hrs, 6 mins","412.0","6 mins","412.0","6 mins","OOH - DAD Restart"
"Audit / IG / access investigation","CS1670198","South Tees Hospitals NHS Foundation Trust","4 - Low","15/10/2025 08:54:28","17/10/2025 13:55:12","190844","2 days, 5 hrs, 0 mins","73840.0","20 hrs, 30 mins","189372.0","2 days, 4 hrs, 36 mins","Access to Patient record"
"DAD / HL7 / interface messaging","CS1670256","South Tees Hospitals NHS Foundation Trust","3 - Medium","15/10/2025 09:25:02","15/10/2025 09:48:58","1436","0 days, 0 hrs, 23 mins","1436.0","23 mins","1436.0","23 mins","EIE feed has gone down"
"Audit / IG / access investigation","CS1670369","Wye Valley NHS Trust","4 - Low","15/10/2025 10:33:09","16/10/2025 14:26:57","100428","1 days, 3 hrs, 53 mins","42828.0","11 hrs, 53 mins","100428.0","1 days, 3 hrs, 53 mins","Access to a patient record"
"DAD / HL7 / interface messaging","CS1670492","South Tees Hospitals NHS Foundation Trust","3 - Medium","15/10/2025 11:42:50","16/10/2025 10:09:58","80828","0 days, 22 hrs, 27 mins","23147.0","6 hrs, 25 mins","80612.0","22 hrs, 23 mins","Postcode lookup has an error"
"Audit / IG / access investigation","CS1670706","North Cumbria Integrated Care NHS Foundation Trust","3 - Medium","15/10/2025 14:17:47","16/10/2025 15:19:35","90108","1 days, 1 hrs, 1 mins","40219.0","11 hrs, 10 mins","83419.0","23 hrs, 10 mins","Flags Issue - Patients displaying with Paediatric & Sepsis flags"
"DAD / HL7 / interface messaging","CS1670967","Wye Valley NHS Trust","2 - High","15/10/2025 18:31:15","15/10/2025 18:41:17","602","0 days, 0 hrs, 10 mins","601.0","10 mins","601.0","10 mins","OOH - DAD restart"
"DAD / HL7 / interface messaging","CS1670987","Wye Valley NHS Trust","2 - High","16/10/2025 07:14:13","16/10/2025 08:32:59","4726","0 days, 1 hrs, 18 mins","4726.0","1 hrs, 18 mins","4726.0","1 hrs, 18 mins","DAD Restart"
"DAD / HL7 / interface messaging","CS1670997","Wye Valley NHS Trust","4 - Low","16/10/2025 08:00:21","16/10/2025 12:46:26","17165","0 days, 4 hrs, 46 mins","0.0","","2149.0","35 mins","TIE interface show messages pending "
"Audit / IG / access investigation","CS1671060","North Cumbria Integrated Care NHS Foundation Trust","2 - High","16/10/2025 09:15:13","16/10/2025 10:05:58","3045","0 days, 0 hrs, 50 mins","3045.0","50 mins","3045.0","50 mins","Issue with flags in Symphony"
"DAD / HL7 / interface messaging","CS1671191","Swansea Bay University Health Board","3 - Medium","16/10/2025 10:20:31","27/10/2025 15:36:38","969367","11 days, 5 hrs, 16 mins","122546.0","1 days, 10 hrs, 2 mins","406946.0","4 days, 17 hrs, 2 mins","DHCW Integration unable to send messages from MPI to SBHB WEDS"
"Audit / IG / access investigation","CS1671291","Leeds Teaching Hospitals NHS Trust","3 - Medium","16/10/2025 11:09:27","05/12/2025 02:44:28","4289701","49 days, 15 hrs, 35 mins","956390.0","11 days, 1 hrs, 39 mins","1820390.0","21 days, 1 hrs, 39 mins","ECDS submission - Looks like our attendance source mappings are not correct. "
"DAD / HL7 / interface messaging","CS1671396","Swansea Bay University Health Board","4 - Low","16/10/2025 12:11:34","17/10/2025 15:13:51","97337","1 days, 3 hrs, 2 mins","41537.0","11 hrs, 32 mins","97337.0","1 days, 3 hrs, 2 mins","Remove DoD"
"DAD / HL7 / interface messaging","CS1671416","Swansea Bay University Health Board","4 - Low","16/10/2025 12:25:16","17/10/2025 15:23:27","97091","1 days, 2 hrs, 58 mins","40813.0","11 hrs, 20 mins","96613.0","1 days, 2 hrs, 50 mins","Add deceased marker"
"Audit / IG / access investigation","CS1672030","Tallaght University Hospital","4 - Low","17/10/2025 10:16:26","20/10/2025 16:51:09","282883","3 days, 6 hrs, 34 mins","52483.0","14 hrs, 34 mins","282883.0","3 days, 6 hrs, 34 mins","Print job 'Triage' folder missing under Print Jobs Adults"
"DAD / HL7 / interface messaging","CS1672331","University Hospital Southampton NHS Foundation Trust","4 - Low","17/10/2025 14:18:52","30/10/2025 15:44:57","1128365","13 days, 1 hrs, 26 mins","196928.0","2 days, 6 hrs, 42 mins","948894.0","10 days, 23 hrs, 34 mins","Symphony Test environment only sending through new Eye Cas attendances into TIE."
"Audit / IG / access investigation","CS1672424","Mid Yorkshire Teaching NHS Trust","4 - Low","17/10/2025 14:55:24","23/10/2025 16:54:26","525542","6 days, 1 hrs, 59 mins","122341.0","1 days, 9 hrs, 59 mins","525541.0","6 days, 1 hrs, 59 mins","Audit request - 7716202"
"Audit / IG / access investigation","CS1674972","Leeds Teaching Hospitals NHS Trust","2 - High","22/10/2025 12:33:52","30/12/2025 02:09:28","5924136","68 days, 13 hrs, 35 mins","2131429.0","24 days, 16 hrs, 3 mins","4208629.0","48 days, 17 hrs, 3 mins","Dead locks on Symphony"
"DAD / HL7 / interface messaging","CS1675378","Isle Of Wight NHS Trust","2 - High","23/10/2025 01:53:57","23/10/2025 01:55:57","120","0 days, 0 hrs, 2 mins","120.0","2 mins","120.0","2 mins","OOH - Symphony message delays"
"Audit / IG / access investigation","CS1675797","Luton And Dunstable Hospital NHS Foundation Trust","4 - Low","23/10/2025 12:32:49","17/02/2026 13:42:14","10112965","117 days, 1 hrs, 9 mins","411637.0","4 days, 18 hrs, 20 mins","890437.0","10 days, 7 hrs, 20 mins","Breaches report"
"Audit / IG / access investigation","CS1676292","Mid Yorkshire Teaching NHS Trust","4 - Low","24/10/2025 09:16:29","24/10/2025 10:43:28","5219","0 days, 1 hrs, 26 mins","3078.0","51 mins","3078.0","51 mins","1458724 - Address update audit"
"Audit / IG / access investigation","CS1676740","Leeds Teaching Hospitals NHS Trust","3 - Medium","24/10/2025 14:57:22","18/11/2025 02:44:28","2116026","24 days, 11 hrs, 47 mins","320693.0","3 days, 17 hrs, 4 mins","623093.0","7 days, 5 hrs, 4 mins","Odd dates on discharge letter"
"Audit / IG / access investigation","CS1677216","Bedford Hospital NHS Trust","4 - Low","27/10/2025 08:55:33","29/10/2025 11:23:38","181685","2 days, 2 hrs, 28 mins","42921.0","11 hrs, 55 mins","100788.0","1 days, 3 hrs, 59 mins","Audit request"
"Audit / IG / access investigation","CS1677275","South Tees Hospitals NHS Foundation Trust","3 - Medium","27/10/2025 09:22:24","27/10/2025 10:45:13","4969","0 days, 1 hrs, 22 mins","1448.0","24 mins","1448.0","24 mins","Patient Audit - J251591"
"Audit / IG / access investigation","CS1677421","Aneurin Bevan University Healthboard","3 - Medium","27/10/2025 10:38:58","28/10/2025 13:22:09","96191","1 days, 2 hrs, 43 mins","11791.0","3 hrs, 16 mins","11791.0","3 hrs, 16 mins","Reporting on pregnant ladies who are requested an x-ray"
"DAD / HL7 / interface messaging","CS1677810","Swansea Bay University Health Board","3 - Medium","27/10/2025 15:47:38","28/10/2025 12:17:44","73806","0 days, 20 hrs, 30 mins","18006.0","5 hrs","73806.0","20 hrs, 30 mins","DAD outbound queue messages building"
"Audit / IG / access investigation","CS1678543","Swansea Bay University Health Board","3 - Medium","28/10/2025 15:35:58","28/10/2025 17:37:40","7302","0 days, 2 hrs, 1 mins","5797.0","1 hrs, 36 mins","6257.0","1 hrs, 44 mins","Clinic slot locked"
"DAD / HL7 / interface messaging","CS1678622","Mid Yorkshire Teaching NHS Trust","4 - Low","28/10/2025 16:59:15","29/10/2025 12:17:06","69471","0 days, 19 hrs, 17 mins","11871.0","3 hrs, 17 mins","69471.0","19 hrs, 17 mins","Remove RIP on Symphony"
"DAD / HL7 / interface messaging","CS1678683","Isle Of Wight NHS Trust","2 - High","29/10/2025 08:21:31","29/10/2025 14:17:52","21381","0 days, 5 hrs, 56 mins","4928.0","1 hrs, 22 mins","4928.0","1 hrs, 22 mins","Interface appeared to have stopped"
"DAD / HL7 / interface messaging","CS1679586","Wye Valley NHS Trust","3 - Medium","30/10/2025 06:40:54","30/10/2025 08:49:29","7715","0 days, 2 hrs, 8 mins","0.0","","5444.0","1 hrs, 30 mins","Restart DAD"
"Audit / IG / access investigation","CS1680292","Northern Lincolnshire And Goole NHS Foundation Trust","3 - Medium","31/10/2025 08:59:41","31/10/2025 14:57:42","21481","0 days, 5 hrs, 58 mins","14302.0","3 hrs, 58 mins","14302.0","3 hrs, 58 mins","WebServer Issuesa"
"DAD / HL7 / interface messaging","CS1680703","Wye Valley NHS Trust","4 - Low","31/10/2025 14:25:00","07/11/2025 11:51:54","595614","6 days, 21 hrs, 26 mins","54378.0","15 hrs, 6 mins","342378.0","3 days, 23 hrs, 6 mins","Incorrect  hospital number on Symphony documentation"
"DAD / HL7 / interface messaging","CS1680999","Health Service Executive","4 - Low","03/11/2025 09:23:45","17/11/2025 15:19:56","1230971","14 days, 5 hrs, 56 mins","127470.0","1 days, 11 hrs, 24 mins","300270.0","3 days, 11 hrs, 24 mins","Staff member"
"Audit / IG / access investigation","CS1681361","Aneurin Bevan University Healthboard","3 - Medium","03/11/2025 12:46:14","14/11/2025 16:56:42","965428","11 days, 4 hrs, 10 mins","64325.0","17 hrs, 52 mins","179525.0","2 days, 1 hrs, 52 mins","Dr unable to request radiology or assign self to patient"
"Audit / IG / access investigation","CS1681495","Aneurin Bevan University Healthboard","4 - Low","03/11/2025 14:18:41","06/11/2025 17:05:55","269234","3 days, 2 hrs, 47 mins","70265.0","19 hrs, 31 mins","185820.0","2 days, 3 hrs, 37 mins","CEAU caregroup"
"Audit / IG / access investigation","CS1681867","South Tees Hospitals NHS Foundation Trust","3 - Medium","04/11/2025 09:32:13","05/11/2025 12:52:55","98442","1 days, 3 hrs, 20 mins","21690.0","6 hrs, 1 mins","21690.0","6 hrs, 1 mins","Audit of Patient record access"
"Audit / IG / access investigation","CS1682503","Leeds Teaching Hospitals NHS Trust","3 - Medium","04/11/2025 15:49:54","26/11/2025 12:46:45","1889811","21 days, 20 hrs, 56 mins","382223.0","4 days, 10 hrs, 10 mins","771023.0","8 days, 22 hrs, 10 mins","Wristband Printer Stability / Performance Improvement"
"Audit / IG / access investigation","CS1682567","Tallaght University Hospital","3 - Medium","04/11/2025 16:47:56","05/11/2025 09:20:49","59573","0 days, 16 hrs, 32 mins","1973.0","32 mins","59573.0","16 hrs, 32 mins","Escalation re CS1645063 and CS1681125"
"Audit / IG / access investigation","CS1682637","Health Service Executive","3 - Medium","05/11/2025 08:19:30","12/11/2025 13:00:52","621682","7 days, 4 hrs, 41 mins","46147.0","12 hrs, 49 mins","104523.0","1 days, 5 hrs, 2 mins","Symphony not opening for some users"
"Audit / IG / access investigation","CS1683601","Luton And Dunstable Hospital NHS Foundation Trust","4 - Low","06/11/2025 10:07:26","31/12/2025 03:49:28","4729322","54 days, 17 hrs, 42 mins","1111160.0","12 days, 20 hrs, 39 mins","2234360.0","25 days, 20 hrs, 39 mins","Symphony Test Environment: GP data "
"Audit / IG / access investigation","CS1683616","Wye Valley NHS Trust","4 - Low","06/11/2025 10:12:49","07/11/2025 15:14:56","104527","1 days, 5 hrs, 2 mins","12927.0","3 hrs, 35 mins","12927.0","3 hrs, 35 mins","Symphony NHS 111 Test system not communicating with Maxims "
"Audit / IG / access investigation","CS1683876","Leeds Teaching Hospitals NHS Trust","3 - Medium","06/11/2025 12:47:13","06/11/2025 18:05:06","19073","0 days, 5 hrs, 17 mins","19073.0","5 hrs, 17 mins","19073.0","5 hrs, 17 mins","Audit of staff "
"DAD / HL7 / interface messaging","CS1683997","Gibraltar Health Authority (GHA)","2 - High","06/11/2025 14:24:22","06/11/2025 16:53:21","8939","0 days, 2 hrs, 28 mins","6889.0","1 hrs, 54 mins","6889.0","1 hrs, 54 mins","HL 7 updates not reaching Symphony"
"Audit / IG / access investigation","CS1684555","Mid Yorkshire Teaching NHS Trust","3 - Medium","07/11/2025 11:22:50","07/11/2025 16:37:34","18884","0 days, 5 hrs, 14 mins","18884.0","5 hrs, 14 mins","18884.0","5 hrs, 14 mins","FW: IG breach"
"DAD / HL7 / interface messaging","CS1685103","Wye Valley NHS Trust","2 - High","08/11/2025 19:23:02","09/11/2025 04:04:46","31304","0 days, 8 hrs, 41 mins","692.0","11 mins","692.0","11 mins","Called and asked for dad restart"
"DAD / HL7 / interface messaging","CS1685104","Health Service Executive","2 - High","09/11/2025 03:48:24","09/11/2025 04:03:46","922","0 days, 0 hrs, 15 mins","922.0","15 mins","922.0","15 mins","messages not going to maxims"
"Audit / IG / access investigation","CS1685133","Doncaster and Bassetlaw Teaching Hospitals NHS Foundation Trust","3 - Medium","10/11/2025 08:09:46","10/11/2025 11:16:49","11223","0 days, 3 hrs, 7 mins","4683.0","1 hrs, 18 mins","7697.0","2 hrs, 8 mins","Can't access DEP config Test"
"Audit / IG / access investigation","CS1685775","North West Anglia NHS Foundation Trust","4 - Low","10/11/2025 15:32:22","12/11/2025 13:15:22","164580","1 days, 21 hrs, 43 mins","12579.0","3 hrs, 29 mins","13356.0","3 hrs, 42 mins","Audit 25-21"
"Audit / IG / access investigation","CS1686145","South Tees Hospitals NHS Foundation Trust","4 - Low","11/11/2025 10:20:02","12/11/2025 13:29:16","97754","1 days, 3 hrs, 9 mins","39449.0","10 hrs, 57 mins","97049.0","1 days, 2 hrs, 57 mins","Patient Access Audit"
"Audit / IG / access investigation","CS1686934","Western Health and Social Care Trust","4 - Low","12/11/2025 09:52:25","17/11/2025 12:58:10","443145","5 days, 3 hrs, 5 mins","74367.0","20 hrs, 39 mins","117567.0","1 days, 8 hrs, 39 mins","Staff audit"
"Audit / IG / access investigation","CS1687265","Mid Yorkshire Teaching NHS Trust","4 - Low","12/11/2025 12:44:21","19/11/2025 17:30:06","621945","7 days, 4 hrs, 45 mins","152483.0","1 days, 18 hrs, 21 mins","614693.0","7 days, 2 hrs, 44 mins","FW: Audit J RIce"
"Performance / outage / errors","CS1687643","Betsi Cadwaladr University Healthboard","3 - Medium","13/11/2025 06:06:03","17/11/2025 14:44:44","376721","4 days, 8 hrs, 38 mins","68141.0","18 hrs, 55 mins","127882.0","1 days, 11 hrs, 31 mins","Symphony Down - all terminals"
"DAD / HL7 / interface messaging","CS1687646","Wye Valley NHS Trust","2 - High","13/11/2025 06:33:24","13/11/2025 08:21:20","6476","0 days, 1 hrs, 47 mins","6475.0","1 hrs, 47 mins","6475.0","1 hrs, 47 mins","Symphony Comm Point Down"
"Audit / IG / access investigation","CS1687713","Leeds Teaching Hospitals NHS Trust","4 - Low","13/11/2025 09:14:06","09/12/2025 03:49:29","2226923","25 days, 18 hrs, 35 mins","522760.0","6 days, 1 hrs, 12 mins","1041160.0","12 days, 1 hrs, 12 mins","ECDS further details "
"Audit / IG / access investigation","CS1687790","North Cumbria Integrated Care NHS Foundation Trust","3 - Medium","13/11/2025 10:08:44","13/11/2025 13:46:40","13076","0 days, 3 hrs, 37 mins","13076.0","3 hrs, 37 mins","13076.0","3 hrs, 37 mins","Script to reinstate deleted accounts"
"Performance / outage / errors","CS1688222","South Tees Hospitals NHS Foundation Trust","3 - Medium","13/11/2025 15:07:34","25/11/2025 11:22:30","1023296","11 days, 20 hrs, 14 mins","25099.0","6 hrs, 58 mins","25099.0","6 hrs, 58 mins","Symphony running very slowly"
"Performance / outage / errors","CS1688374","Betsi Cadwaladr University Healthboard","3 - Medium","14/11/2025 03:34:08","17/11/2025 14:43:49","299381","3 days, 11 hrs, 9 mins","14685.0","4 hrs, 4 mins","15096.0","4 hrs, 11 mins","Symphony Down - all terminals"
"DAD / HL7 / interface messaging","CS1688440","Gibraltar Health Authority (GHA)","4 - Low","14/11/2025 08:56:42","19/11/2025 13:51:30","449688","5 days, 4 hrs, 54 mins","102701.0","1 days, 4 hrs, 31 mins","448499.0","5 days, 4 hrs, 34 mins","Patient with 770 episodes causing lag in system "
"DAD / HL7 / interface messaging","CS1689088","Wye Valley NHS Trust","3 - Medium","14/11/2025 17:29:08","14/11/2025 17:42:31","803","0 days, 0 hrs, 13 mins","0.0","","803.0","13 mins","DAD Restart"
"DAD / HL7 / interface messaging","CS1689146","Health Service Executive","3 - Medium","16/11/2025 11:12:51","16/11/2025 12:18:09","3918","0 days, 1 hrs, 5 mins","0.0","","2363.0","39 mins","Patients are not coming in from IPMS"
"DAD / HL7 / interface messaging","CS1689237","University Hospital Southampton NHS Foundation Trust","3 - Medium","17/11/2025 09:31:04","17/11/2025 15:37:17","21973","0 days, 6 hrs, 6 mins","21972.0","6 hrs, 6 mins","21972.0","6 hrs, 6 mins","Stuck Messages in DAB Outbound Queue. "
"Audit / IG / access investigation","CS1689547","Betsi Cadwaladr University Healthboard","3 - Medium","17/11/2025 12:24:13","",,"","","","","","system failure "
"Audit / IG / access investigation","CS1689583","Western Health and Social Care Trust","4 - Low","17/11/2025 12:53:40","17/11/2025 15:22:00","8900","0 days, 2 hrs, 28 mins","","","","","Staff audit"
"Audit / IG / access investigation","CS1690248","Torbay and South Devon NHS Foundation Trust","3 - Medium","18/11/2025 11:18:04","01/12/2025 13:44:54","1132010","13 days, 2 hrs, 26 mins","268010.0","3 days, 2 hrs, 26 mins","1132010.0","13 days, 2 hrs, 26 mins","Security vulnerabilities on Symphony servers"
"Audit / IG / access investigation","CS1690600","North West Anglia NHS Foundation Trust","3 - Medium","18/11/2025 15:41:41","19/11/2025 10:26:22","67481","0 days, 18 hrs, 44 mins","8371.0","2 hrs, 19 mins","65324.0","18 hrs, 8 mins","Diagnosis lookup not populating in symphony (correctly/reliably)"
"DAD / HL7 / interface messaging","CS1691430","Wye Valley NHS Trust","2 - High","20/11/2025 04:39:09","20/11/2025 05:03:25","1456","0 days, 0 hrs, 24 mins","1455.0","24 mins","1455.0","24 mins","Symphony down"
"Audit / IG / access investigation","CS1691479","Bedford Hospital NHS Trust","4 - Low","20/11/2025 09:11:15","16/12/2025 11:12:57","2253702","26 days, 2 hrs, 1 mins","375877.0","4 days, 8 hrs, 24 mins","1412677.0","16 days, 8 hrs, 24 mins","A&E episode does not go through to iPM"
"Audit / IG / access investigation","CS1691662","Norfolk and Norwich University Hospitals NHS Foundation Trust","4 - Low","20/11/2025 10:51:36","21/11/2025 10:51:59","86423","1 days, 0 hrs, 0 mins","16950.0","4 hrs, 42 mins","16950.0","4 hrs, 42 mins","Patient audit"
"Audit / IG / access investigation","CS1691956","Tallaght University Hospital","4 - Low","20/11/2025 14:09:57","31/12/2025 02:54:29","3501872","40 days, 12 hrs, 44 mins","229058.0","2 days, 15 hrs, 37 mins","689858.0","7 days, 23 hrs, 37 mins","TUH REF 745300 - DAD Queue Outbound - Suspended Status"
"DAD / HL7 / interface messaging","CS1691974","Doncaster and Bassetlaw Teaching Hospitals NHS Foundation Trust","3 - Medium","20/11/2025 14:22:47","20/11/2025 14:26:40","233","0 days, 0 hrs, 3 mins","233.0","3 mins","233.0","3 mins","Messages Stuck"
"DAD / HL7 / interface messaging","CS1692121","South Tees Hospitals NHS Foundation Trust","3 - Medium","20/11/2025 16:22:55","20/11/2025 17:16:36","3221","0 days, 0 hrs, 53 mins","2225.0","37 mins","3221.0","53 mins","Restart of Live DAD required"
"DAD / HL7 / interface messaging","CS1692395","South Tees Hospitals NHS Foundation Trust","3 - Medium","21/11/2025 10:28:24","21/11/2025 15:01:18","16374","0 days, 4 hrs, 32 mins","15965.0","4 hrs, 26 mins","15965.0","4 hrs, 26 mins","Restart of Live Symphony DAD required"
"DAD / HL7 / interface messaging","CS1692455","Swansea Bay University Health Board","3 - Medium","21/11/2025 11:07:24","24/11/2025 13:27:18","267594","3 days, 2 hrs, 19 mins","33290.0","9 hrs, 14 mins","260242.0","3 days, 17 mins","DAD outbound messages queuing"
"DAD / HL7 / interface messaging","CS1692694","Health Service Executive","3 - Medium","21/11/2025 14:48:48","05/12/2025 00:29:28","1158040","13 days, 9 hrs, 40 mins","5564.0","1 hrs, 32 mins","5564.0","1 hrs, 32 mins","Can't print patient labels — NAAS"
"DAD / HL7 / interface messaging","CS1692862","Wye Valley NHS Trust","2 - High","23/11/2025 11:59:10","23/11/2025 12:54:39","3329","0 days, 0 hrs, 55 mins","3329.0","55 mins","3329.0","55 mins","DAD restart required"
"Audit / IG / access investigation","CS1693468","North West Anglia NHS Foundation Trust","3 - Medium","24/11/2025 14:31:45","24/12/2025 15:09:18","2594253","30 days, 0 hrs, 37 mins","205270.0","2 days, 9 hrs, 1 mins","957498.0","11 days, 1 hrs, 58 mins","repeated locks via DAD on attendance/reception"
"Audit / IG / access investigation","CS1693472","North West Anglia NHS Foundation Trust","4 - Low","24/11/2025 14:36:40","05/12/2025 08:05:21","926921","10 days, 17 hrs, 28 mins","126072.0","1 days, 11 hrs, 1 mins","635419.0","7 days, 8 hrs, 30 mins","overwrite test DB"
"Audit / IG / access investigation","CS1693659","Health Service Executive","4 - Low","24/11/2025 21:26:09","03/12/2025 15:43:12","757023","8 days, 18 hrs, 17 mins","30248.0","8 hrs, 24 mins","202132.0","2 days, 8 hrs, 8 mins","Printing Older Records"
"DAD / HL7 / interface messaging","CS1695294","University Hospital Southampton NHS Foundation Trust","3 - Medium","27/11/2025 09:55:26","15/12/2025 12:06:50","1563084","18 days, 2 hrs, 11 mins","143935.0","1 days, 15 hrs, 58 mins","547135.0","6 days, 7 hrs, 58 mins","Discharge summary stuck in the queue - unable to proceed"
"Audit / IG / access investigation","CS1695721","Leeds Teaching Hospitals NHS Trust","3 - Medium","27/11/2025 14:54:18","28/11/2025 12:31:54","77856","0 days, 21 hrs, 37 mins","34656.0","9 hrs, 37 mins","77856.0","21 hrs, 37 mins","IG audit request"
"Audit / IG / access investigation","CS1696131","Swansea Bay University Health Board","3 - Medium","28/11/2025 11:00:24","16/12/2025 13:33:39","1564395","18 days, 2 hrs, 33 mins","135622.0","1 days, 13 hrs, 40 mins","303022.0","3 days, 12 hrs, 10 mins","Increased inbound messages to DHCW"
"DAD / HL7 / interface messaging","CS1696308","Aneurin Bevan University Healthboard","4 - Low","28/11/2025 13:03:55","03/12/2025 10:08:09","421454","4 days, 21 hrs, 4 mins","71765.0","19 hrs, 56 mins","361392.0","4 days, 4 hrs, 23 mins","Error message when trying to batch print"
"Audit / IG / access investigation","CS1696807","Aneurin Bevan University Healthboard","3 - Medium","01/12/2025 10:16:41","05/12/2025 08:25:54","338953","3 days, 22 hrs, 9 mins","4913.0","1 hrs, 21 mins","60467.0","16 hrs, 47 mins","Batch Printing Error"
"Audit / IG / access investigation","CS1697294","Western Sussex Hospitals NHS Trust","4 - Low","01/12/2025 15:03:31","",,"","","","","","Request and Outcome Not Working"
"Audit / IG / access investigation","CS1697540","North West Anglia NHS Foundation Trust","3 - Medium","02/12/2025 09:09:22","02/12/2025 13:36:55","16053","0 days, 4 hrs, 27 mins","8910.0","2 hrs, 28 mins","8910.0","2 hrs, 28 mins","SCR/CPIS not working"
"Audit / IG / access investigation","CS1698201","Leeds Teaching Hospitals NHS Trust","4 - Low","02/12/2025 16:00:30","04/12/2025 17:16:42","177372","2 days, 1 hrs, 16 mins","90971.0","1 days, 1 hrs, 16 mins","177371.0","2 days, 1 hrs, 16 mins","National Patient Safety Alert - Audit of ""penicillamine"""
"DAD / HL7 / interface messaging","CS1699444","Health Service Executive","3 - Medium","04/12/2025 12:33:44","19/12/2025 09:10:20","1283796","14 days, 20 hrs, 36 mins","258425.0","2 days, 23 hrs, 47 mins","893916.0","10 days, 8 hrs, 18 mins","GP MFN interface does not apply the information correctly"
"Audit / IG / access investigation","CS1699783","Health Service Executive","4 - Low","04/12/2025 22:12:33","11/12/2025 09:38:15","559542","6 days, 11 hrs, 25 mins","56358.0","15 hrs, 39 mins","325605.0","3 days, 18 hrs, 26 mins","Pulling in GP details"
"Performance / outage / errors","CS1700043","Mid Yorkshire Teaching NHS Trust","3 - Medium","05/12/2025 11:19:29","24/12/2025 15:27:21","1656472","19 days, 4 hrs, 7 mins","4338.0","1 hrs, 12 mins","4420.0","1 hrs, 13 mins","Symphony printing issues on Windows 11"
"DAD / HL7 / interface messaging","CS1700322","Northern Care Alliance NHS Foundation Trust","3 - Medium","05/12/2025 15:55:32","05/12/2025 17:03:45","4093","0 days, 1 hrs, 8 mins","705.0","11 mins","705.0","11 mins","Symphony Failover Cluster is not showing DAD"
"DAD / HL7 / interface messaging","CS1700704","South Tees Hospitals NHS Foundation Trust","3 - Medium","08/12/2025 10:39:14","08/12/2025 13:42:34","11000","0 days, 3 hrs, 3 mins","8807.0","2 hrs, 26 mins","8807.0","2 hrs, 26 mins","Restart of Symphony DAD required"
"DAD / HL7 / interface messaging","CS1700964","North West Anglia NHS Foundation Trust","4 - Low","08/12/2025 13:39:54","08/12/2025 17:55:16","15322","0 days, 4 hrs, 15 mins","10112.0","2 hrs, 48 mins","13082.0","3 hrs, 38 mins","Test interface "
"Audit / IG / access investigation","CS1701036","Western Sussex Hospitals NHS Trust","4 - Low","08/12/2025 14:52:06","09/12/2025 15:31:20","88754","1 days, 0 hrs, 39 mins","26494.0","7 hrs, 21 mins","84094.0","23 hrs, 21 mins","Staff SSRS"
"Audit / IG / access investigation","CS1701492","Doncaster and Bassetlaw Teaching Hospitals NHS Foundation Trust","3 - Medium","09/12/2025 11:08:21","12/12/2025 16:19:19","277858","3 days, 5 hrs, 10 mins","4769.0","1 hrs, 19 mins","4769.0","1 hrs, 19 mins","Potential Corrupt Messages in Symphony"
"DAD / HL7 / interface messaging","CS1701568","North West Anglia NHS Foundation Trust","4 - Low","09/12/2025 11:54:22","23/12/2025 11:47:47","1209205","13 days, 23 hrs, 53 mins","287605.0","3 days, 7 hrs, 53 mins","1209205.0","13 days, 23 hrs, 53 mins","Test - errors now interface working"
"Audit / IG / access investigation","CS1701736","Leeds Teaching Hospitals NHS Trust","3 - Medium","09/12/2025 14:13:08","16/12/2025 15:08:59","608151","7 days, 0 hrs, 55 mins","155811.0","1 days, 19 hrs, 16 mins","285411.0","3 days, 7 hrs, 16 mins","Bed available requests are not showing correctly on the system."
"DAD / HL7 / interface messaging","CS1701898","Northern Lincolnshire And Goole NHS Foundation Trust","2 - High","09/12/2025 16:26:41","09/12/2025 17:48:36","4915","0 days, 1 hrs, 21 mins","4715.0","1 hrs, 18 mins","4715.0","1 hrs, 18 mins","DAD Interface down"
"Audit / IG / access investigation","CS1702346","Northern Lincolnshire And Goole NHS Foundation Trust","3 - Medium","10/12/2025 12:05:51","12/12/2025 10:49:49","168238","1 days, 22 hrs, 43 mins","11624.0","3 hrs, 13 mins","11624.0","3 hrs, 13 mins","Symphony ADT Outbound"
"DAD / HL7 / interface messaging","CS1702522","Aneurin Bevan University Healthboard","3 - Medium","10/12/2025 12:46:29","11/12/2025 09:28:35","74526","0 days, 20 hrs, 42 mins","14503.0","4 hrs, 1 mins","14503.0","4 hrs, 1 mins","Patient merge may have deleted attendances"
"DAD / HL7 / interface messaging","CS1702847","University Hospital Southampton NHS Foundation Trust","2 - High","11/12/2025 00:07:08","11/12/2025 09:40:07","34379","0 days, 9 hrs, 32 mins","31197.0","8 hrs, 39 mins","31197.0","8 hrs, 39 mins","CTM alert messages queueing"
"DAD / HL7 / interface messaging","CS1702848","Wye Valley NHS Trust","2 - High","11/12/2025 06:44:18","11/12/2025 09:48:20","11042","0 days, 3 hrs, 4 mins","6186.0","1 hrs, 43 mins","6186.0","1 hrs, 43 mins","DAD Restart"
"DAD / HL7 / interface messaging","CS1702991","North West Anglia NHS Foundation Trust","3 - Medium","11/12/2025 10:02:10","11/12/2025 14:19:27","15437","0 days, 4 hrs, 17 mins","10486.0","2 hrs, 54 mins","10486.0","2 hrs, 54 mins","Build up of ADT A08 - Post Discharge Messages"
"Audit / IG / access investigation","CS1703141","Aneurin Bevan LHB-Blaenau Gwent Locality","4 - Low","11/12/2025 11:36:57","15/12/2025 11:59:42","346965","4 days, 0 hrs, 22 mins","","","","","I would like to look at the generic docs for the DAD "
"Audit / IG / access investigation","CS1703197","Northampton General Hospital NHS Trust","4 - Low","11/12/2025 12:06:44","19/12/2025 13:17:13","695429","8 days, 1 hrs, 10 mins","42703.0","11 hrs, 51 mins","100303.0","1 days, 3 hrs, 51 mins","Running a patient/staff audit"
"DAD / HL7 / interface messaging","CS1703348","Swansea Bay University Health Board","3 - Medium","11/12/2025 14:20:15","12/12/2025 12:41:11","80456","0 days, 22 hrs, 20 mins","12464.0","3 hrs, 27 mins","68264.0","18 hrs, 57 mins","User unable to log into fat client"
"DAD / HL7 / interface messaging","CS1704143","Western Sussex Hospitals NHS Trust","2 - High","13/12/2025 09:20:23","13/12/2025 09:38:29","1086","0 days, 0 hrs, 18 mins","1086.0","18 mins","1086.0","18 mins","Msssages not going through to PAS OOH"
"Audit / IG / access investigation","CS1704324","NHS Ayrshire and Arran","4 - Low","15/12/2025 10:02:41","17/12/2025 11:06:36","176635","2 days, 1 hrs, 3 mins","55497.0","15 hrs, 24 mins","170697.0","1 days, 23 hrs, 24 mins","CHI number validation query"
"Audit / IG / access investigation","CS1704473","Aneurin Bevan University Healthboard","4 - Low","15/12/2025 11:40:11","16/12/2025 12:36:12","89761","1 days, 0 hrs, 56 mins","32161.0","8 hrs, 56 mins","89761.0","1 days, 56 mins","I would like to look at the generic docs for the DAD "
"Audit / IG / access investigation","CS1704720","Mid Yorkshire Teaching NHS Trust","4 - Low","15/12/2025 14:59:40","15/12/2025 16:21:15","4895","0 days, 1 hrs, 21 mins","3380.0","56 mins","3380.0","56 mins","MSMQ - Symphony server use?"
"Audit / IG / access investigation","CS1704870","Betsi Cadwaladr University Healthboard","4 - Low","15/12/2025 16:57:28","16/12/2025 10:54:34","64626","0 days, 17 hrs, 57 mins","7026.0","1 hrs, 57 mins","64626.0","17 hrs, 57 mins","Unable to ViewPDFs in the View E-docs"
"DAD / HL7 / interface messaging","CS1705147","Torbay and South Devon NHS Foundation Trust","3 - Medium","16/12/2025 11:07:12","16/12/2025 11:26:23","1151","0 days, 0 hrs, 19 mins","1151.0","19 mins","1151.0","19 mins","Microsoft Update"
"Audit / IG / access investigation","CS1705976","Luton And Dunstable Hospital NHS Foundation Trust","4 - Low","17/12/2025 12:28:00","14/01/2026 01:14:28","2378788","27 days, 12 hrs, 46 mins","4121.0","1 hrs, 8 mins","4121.0","1 hrs, 8 mins","Acuity Score audit report"
"Audit / IG / access investigation","CS1707674","South Tees Hospitals NHS Foundation Trust","4 - Low","22/12/2025 08:43:12","23/12/2025 12:26:57","99825","1 days, 3 hrs, 43 mins","39943.0","11 hrs, 5 mins","98551.0","1 days, 3 hrs, 22 mins","Patient 4063779327"
"Audit / IG / access investigation","CS1707932","Western Sussex Hospitals NHS Trust","3 - Medium","22/12/2025 11:53:51","22/12/2025 12:55:55","3724","0 days, 1 hrs, 2 mins","3724.0","1 hrs, 2 mins","3724.0","1 hrs, 2 mins","Unable to discharge patient"
"DAD / HL7 / interface messaging","CS1709022","Swansea Bay University Health Board","3 - Medium","24/12/2025 12:31:51","24/12/2025 15:02:23","9032","0 days, 2 hrs, 30 mins","7178.0","1 hrs, 59 mins","7178.0","1 hrs, 59 mins","MPI and Omnicell messages queued"
"Audit / IG / access investigation","CS1709157","Health Service Executive","4 - Low","24/12/2025 17:48:25","24/12/2025 17:52:31","246","0 days, 0 hrs, 4 mins","0.0","","246.0","4 mins","NAAS - Audit Request"
"DAD / HL7 / interface messaging","CS1709237","Western Sussex Hospitals NHS Trust","3 - Medium","29/12/2025 08:09:51","30/12/2025 11:04:25","96874","1 days, 2 hrs, 54 mins","24282.0","6 hrs, 44 mins","27291.0","7 hrs, 34 mins","Inactive values are still showing "
"Audit / IG / access investigation","CS1709292","Torbay and South Devon NHS Foundation Trust","3 - Medium","29/12/2025 09:09:28","29/12/2025 14:26:31","19023","0 days, 5 hrs, 17 mins","15428.0","4 hrs, 17 mins","15428.0","4 hrs, 17 mins","Re-use password on generic account"
"Audit / IG / access investigation","CS1709638","Bedford Hospital NHS Trust","4 - Low","29/12/2025 14:31:58","29/12/2025 16:27:10","6912","0 days, 1 hrs, 55 mins","6912.0","1 hrs, 55 mins","6912.0","1 hrs, 55 mins","A&E episode not going through to iPM"
"Performance / outage / errors","CS1710924","Western Sussex Hospitals NHS Trust","4 - Low","02/01/2026 09:48:38","22/01/2026 16:50:11","1753293","20 days, 7 hrs, 1 mins","144783.0","1 days, 16 hrs, 13 mins","550369.0","6 days, 8 hrs, 52 mins","Booked appointment issue"
"Audit / IG / access investigation","CS1711713","Luton And Dunstable Hospital NHS Foundation Trust","4 - Low","05/01/2026 11:38:17","06/01/2026 15:04:59","98802","1 days, 3 hrs, 26 mins","55602.0","15 hrs, 26 mins","98802.0","1 days, 3 hrs, 26 mins","Allergy to Penicillin to Patient Details audit"
"Audit / IG / access investigation","CS1711755","Health Service Executive","4 - Low","05/01/2026 12:09:37","14/01/2026 12:17:27","778070","9 days, 0 hrs, 7 mins","34818.0","9 hrs, 40 mins","39830.0","11 hrs, 3 mins","Issue with location Bay J symphony"
"DAD / HL7 / interface messaging","CS1712055","South Tees Hospitals NHS Foundation Trust","2 - High","05/01/2026 16:19:37","06/01/2026 09:59:34","63597","0 days, 17 hrs, 39 mins","9178.0","2 hrs, 32 mins","9178.0","2 hrs, 32 mins","not PAS interface EIE and Symphony"
"Audit / IG / access investigation","CS1712298","Northern Lincolnshire And Goole NHS Foundation Trust","3 - Medium","06/01/2026 09:52:43","08/01/2026 13:42:42","186599","2 days, 3 hrs, 49 mins","34048.0","9 hrs, 27 mins","34048.0","9 hrs, 27 mins","Slow Indexing"
"Audit / IG / access investigation","CS1712776","Children's Health Ireland","4 - Low","06/01/2026 15:39:44","10/02/2026 11:33:31","3009227","34 days, 19 hrs, 53 mins","178106.0","2 days, 1 hrs, 28 mins","926906.0","10 days, 17 hrs, 28 mins","Staff audit"
"Audit / IG / access investigation","CS1712953","North West Anglia NHS Foundation Trust","2 - High","07/01/2026 08:38:00","07/01/2026 14:38:49","21649","0 days, 6 hrs, 0 mins","4916.0","1 hrs, 21 mins","4916.0","1 hrs, 21 mins","SCR/CPIS restart asap please"
"Audit / IG / access investigation","CS1713008","Isle Of Wight NHS Trust","4 - Low","07/01/2026 09:17:30","08/01/2026 12:21:00","97410","1 days, 3 hrs, 3 mins","39233.0","10 hrs, 53 mins","44637.0","12 hrs, 23 mins","Injury Screen Prompt"
"DAD / HL7 / interface messaging","CS1713875","North West Anglia NHS Foundation Trust","4 - Low","08/01/2026 10:04:31","08/01/2026 10:27:47","1396","0 days, 0 hrs, 23 mins","1396.0","23 mins","1396.0","23 mins","Patient entered in error"
"DAD / HL7 / interface messaging","CS1715209","Brighton And Sussex University Hospitals NHS Trust","2 - High","09/01/2026 20:07:29","09/01/2026 21:47:53","6024","0 days, 1 hrs, 40 mins","887.0","14 mins","887.0","14 mins","OOH - DAD Interface"
"DAD / HL7 / interface messaging","CS1715232","South Tees Hospitals NHS Foundation Trust","4 - Low","10/01/2026 13:04:35","15/01/2026 11:53:37","427742","4 days, 22 hrs, 49 mins","90041.0","1 days, 1 hrs","420966.0","4 days, 20 hrs, 56 mins","Patient record incorrectly deleted "
"DAD / HL7 / interface messaging","CS1715787","Wye Valley NHS Trust","4 - Low","12/01/2026 14:17:08","05/02/2026 01:44:29","2028441","23 days, 11 hrs, 27 mins","103455.0","1 days, 4 hrs, 44 mins","449820.0","5 days, 4 hrs, 57 mins","NHS 111 interface not working "
"Audit / IG / access investigation","CS1715971","Aneurin Bevan University Healthboard","4 - Low","12/01/2026 17:06:38","13/01/2026 13:08:14","72096","0 days, 20 hrs, 1 mins","8993.0","2 hrs, 29 mins","66195.0","18 hrs, 23 mins","Staff Account "
"DAD / HL7 / interface messaging","CS1717236","Children's Health Ireland","4 - Low","14/01/2026 11:59:26","22/01/2026 16:53:39","708853","8 days, 4 hrs, 54 mins","718.0","11 mins","718.0","11 mins","New Template will not print"
"DAD / HL7 / interface messaging","CS1717618","Wye Valley NHS Trust","2 - High","15/01/2026 07:00:20","15/01/2026 09:08:35","7695","0 days, 2 hrs, 8 mins","7695.0","2 hrs, 8 mins","7695.0","2 hrs, 8 mins","DAD Restart"
"Audit / IG / access investigation","CS1718132","Doncaster and Bassetlaw Teaching Hospitals NHS Foundation Trust","4 - Low","15/01/2026 13:37:58","22/01/2026 14:02:30","606272","7 days, 0 hrs, 24 mins","18193.0","5 hrs, 3 mins","19052.0","5 hrs, 17 mins","Adastra Outbound DAD Messaging"
"DAD / HL7 / interface messaging","CS1718901","North West Anglia NHS Foundation Trust","3 - Medium","16/01/2026 13:20:07","30/01/2026 14:39:48","1214381","14 days, 1 hrs, 19 mins","14564.0","4 hrs, 2 mins","240571.0","2 days, 18 hrs, 49 mins","111 scheduling failure"
"Audit / IG / access investigation","CS1719236","Leeds Teaching Hospitals NHS Trust","3 - Medium","19/01/2026 08:55:36","22/01/2026 13:20:14","275078","3 days, 4 hrs, 24 mins","7865.0","2 hrs, 11 mins","7865.0","2 hrs, 11 mins","IG Audit"
"Audit / IG / access investigation","CS1719242","Leeds Teaching Hospitals NHS Trust","3 - Medium","19/01/2026 08:58:46","22/01/2026 13:21:05","274939","3 days, 4 hrs, 22 mins","27336.0","7 hrs, 35 mins","27336.0","7 hrs, 35 mins","IG audit request"
"Audit / IG / access investigation","CS1720656","Health Service Executive","4 - Low","20/01/2026 14:53:16","20/01/2026 16:10:32","4636","0 days, 1 hrs, 17 mins","1531.0","25 mins","1531.0","25 mins","Query clinic access"
"DAD / HL7 / interface messaging","CS1721145","Leeds Teaching Hospitals NHS Trust","3 - Medium","21/01/2026 11:19:20","28/01/2026 16:58:27","625147","7 days, 5 hrs, 39 mins","58854.0","16 hrs, 20 mins","102054.0","1 days, 4 hrs, 20 mins","Discharge letter message split into 2 messages"
"Audit / IG / access investigation","CS1721176","South Tees Hospitals NHS Foundation Trust","3 - Medium","21/01/2026 11:42:32","22/01/2026 10:15:52","81200","0 days, 22 hrs, 33 mins","23600.0","6 hrs, 33 mins","81200.0","22 hrs, 33 mins","Subject access request"
"Audit / IG / access investigation","CS1721179","South Tees Hospitals NHS Foundation Trust","4 - Low","21/01/2026 11:44:33","21/01/2026 13:18:33","5640","0 days, 1 hrs, 34 mins","5640.0","1 hrs, 34 mins","5640.0","1 hrs, 34 mins","Subject Access Request"
"Audit / IG / access investigation","CS1723601","Mid Yorkshire Teaching NHS Trust","3 - Medium","26/01/2026 13:38:17","28/01/2026 12:24:56","168399","1 days, 22 hrs, 46 mins","53199.0","14 hrs, 46 mins","168399.0","1 days, 22 hrs, 46 mins","FW: Audit of patient record"
"Performance / outage / errors","CS1723630","Leeds Teaching Hospitals NHS Trust","3 - Medium","26/01/2026 14:02:16","30/01/2026 14:50:22","348486","4 days, 0 hrs, 48 mins","146368.0","1 days, 16 hrs, 39 mins","276519.0","3 days, 4 hrs, 48 mins","Interface error"
"Audit / IG / access investigation","CS1723651","Health Service Executive","4 - Low","26/01/2026 14:15:20","28/01/2026 12:07:44","165144","1 days, 21 hrs, 52 mins","49944.0","13 hrs, 52 mins","165144.0","1 days, 21 hrs, 52 mins","Patient stuck in location Major 9"
"DAD / HL7 / interface messaging","CS1723745","Swansea Bay University Health Board","3 - Medium","26/01/2026 15:30:38","27/01/2026 10:50:44","69606","0 days, 19 hrs, 20 mins","8594.0","2 hrs, 23 mins","10516.0","2 hrs, 55 mins","Omnicell and MPI DAD outbound messages queued"
"DAD / HL7 / interface messaging","CS1723826","Doncaster and Bassetlaw Teaching Hospitals NHS Foundation Trust","3 - Medium","26/01/2026 16:42:01","26/01/2026 17:11:35","1774","0 days, 0 hrs, 29 mins","1079.0","17 mins","1774.0","29 mins","CTM alert messages queued "
"Audit / IG / access investigation","CS1724878","Torbay and South Devon NHS Foundation Trust","2 - High","28/01/2026 08:40:28","28/01/2026 10:11:39","5471","0 days, 1 hrs, 31 mins","624.0","10 mins","624.0","10 mins","Slow performance"
"DAD / HL7 / interface messaging","CS1725163","Wye Valley NHS Trust","3 - Medium","28/01/2026 11:39:55","30/01/2026 16:56:27","191792","2 days, 5 hrs, 16 mins","1188.0","19 mins","1188.0","19 mins","Sending messages to Maxims medical tracker"
"DAD / HL7 / interface messaging","CS1726342","Wye Valley NHS Trust","2 - High","29/01/2026 18:38:13","29/01/2026 18:53:30","917","0 days, 0 hrs, 15 mins","917.0","15 mins","917.0","15 mins","Mesages not going to maxims"
"Audit / IG / access investigation","CS1726859","Mid Yorkshire Teaching NHS Trust","3 - Medium","30/01/2026 14:56:58","02/02/2026 15:38:37","261699","3 days, 0 hrs, 41 mins","31299.0","8 hrs, 41 mins","261699.0","3 days, 41 mins","FW: Our ref: PE107366   FW: Possible Unauthorised Records Access 438 359 0039"
"Audit / IG / access investigation","CS1727058","Mid Yorkshire Teaching NHS Trust","3 - Medium","02/02/2026 07:24:31","02/02/2026 10:18:27","10436","0 days, 2 hrs, 53 mins","4707.0","1 hrs, 18 mins","9131.0","2 hrs, 32 mins","MidYorks: HL7 PAS Messages queueing: Symphony"
"DAD / HL7 / interface messaging","CS1727069","Western Sussex Hospitals NHS Trust","3 - Medium","02/02/2026 08:13:38","02/02/2026 13:35:41","19323","0 days, 5 hrs, 22 mins","15746.0","4 hrs, 22 mins","18198.0","5 hrs, 3 mins","A04 System Error"
"DAD / HL7 / interface messaging","CS1727606","Isle Of Wight NHS Trust","4 - Low","02/02/2026 13:21:12","02/02/2026 14:24:34","3802","0 days, 1 hrs, 3 mins","3489.0","58 mins","3489.0","58 mins","Restart the DAD"
"Audit / IG / access investigation","CS1727616","Luton And Dunstable Hospital NHS Foundation Trust","3 - Medium","02/02/2026 13:28:27","26/02/2026 00:19:34","2026267","23 days, 10 hrs, 51 mins","131420.0","1 days, 12 hrs, 30 mins","304220.0","3 days, 12 hrs, 30 mins","Symphony suspended messages"
"DAD / HL7 / interface messaging","CS1728432","South Tees Hospitals NHS Foundation Trust","3 - Medium","03/02/2026 12:26:15","03/02/2026 12:49:26","1391","0 days, 0 hrs, 23 mins","1391.0","23 mins","1391.0","23 mins","Test DAD restart"
"Audit / IG / access investigation","CS1728435","Northampton General Hospital NHS Trust","4 - Low","03/02/2026 12:27:57","17/02/2026 01:24:29","1169792","13 days, 12 hrs, 56 mins","13829.0","3 hrs, 50 mins","13829.0","3 hrs, 50 mins","Audit on Symphony"
"Audit / IG / access investigation","CS1728440","Northampton General Hospital NHS Trust","4 - Low","03/02/2026 12:31:40","05/02/2026 16:17:51","186371","2 days, 3 hrs, 46 mins","11587.0","3 hrs, 13 mins","11587.0","3 hrs, 13 mins","Audit on Symphony"
"Audit / IG / access investigation","CS1729164","Brighton And Sussex University Hospitals NHS Trust","3 - Medium","04/02/2026 11:05:23","",,"","","","","","Integration Flags issue for new Patientrack Process"
"Audit / IG / access investigation","CS1729202","North Cumbria Integrated Care NHS Foundation Trust","4 - Low","04/02/2026 11:29:14","17/02/2026 09:15:07","1115153","12 days, 21 hrs, 45 mins","343085.0","3 days, 23 hrs, 18 mins","688685.0","7 days, 23 hrs, 18 mins","NHS 111 Integration - Schedules within Symphony"
"Audit / IG / access investigation","CS1729850","Aneurin Bevan University Healthboard","4 - Low","05/02/2026 10:15:10","24/02/2026 09:19:04","1638234","18 days, 23 hrs, 3 mins","212216.0","2 days, 10 hrs, 56 mins","962202.0","11 days, 3 hrs, 16 mins","Batch Printing Issue"
"DAD / HL7 / interface messaging","CS1729891","Isle Of Wight NHS Trust","4 - Low","05/02/2026 10:40:28","05/02/2026 11:04:56","1468","0 days, 0 hrs, 24 mins","1468.0","24 mins","1468.0","24 mins","DAD Reset"
"Audit / IG / access investigation","CS1730111","Doncaster and Bassetlaw Teaching Hospitals NHS Foundation Trust","4 - Low","05/02/2026 13:03:13","11/02/2026 10:12:11","508138","5 days, 21 hrs, 8 mins","96033.0","1 days, 2 hrs, 40 mins","441633.0","5 days, 2 hrs, 40 mins","Audit Request - Account Changes "
"DAD / HL7 / interface messaging","CS1731024","North West Anglia NHS Foundation Trust","3 - Medium","06/02/2026 15:08:56","06/02/2026 16:59:01","6605","0 days, 1 hrs, 50 mins","6275.0","1 hrs, 44 mins","6275.0","1 hrs, 44 mins","restart SCR/CPIS"
"Audit / IG / access investigation","CS1731703","North West Anglia NHS Foundation Trust","4 - Low","09/02/2026 11:51:16","09/02/2026 13:53:34","7338","0 days, 2 hrs, 2 mins","3977.0","1 hrs, 6 mins","3977.0","1 hrs, 6 mins","Audit 26-02"
"DAD / HL7 / interface messaging","CS1733508","Swansea Bay University Health Board","3 - Medium","11/02/2026 10:45:31","11/02/2026 15:14:46","16155","0 days, 4 hrs, 29 mins","14670.0","4 hrs, 4 mins","14670.0","4 hrs, 4 mins","DHCW Integration services unable to send Pathology results to WEDS symphony"
"DAD / HL7 / interface messaging","CS1733525","University Hospital Southampton NHS Foundation Trust","4 - Low","11/02/2026 10:56:01","11/02/2026 16:39:59","20638","0 days, 5 hrs, 43 mins","4450.0","1 hrs, 14 mins","4450.0","1 hrs, 14 mins","outbound message stuck "
"DAD / HL7 / interface messaging","CS1733528","Children's Health Ireland","4 - Low","11/02/2026 10:58:53","26/02/2026 15:46:46","1313273","15 days, 4 hrs, 47 mins","54199.0","15 hrs, 3 mins","169399.0","1 days, 23 hrs, 3 mins","GP's not coming across from PAS system"
"DAD / HL7 / interface messaging","CS1733630","South Tees Hospitals NHS Foundation Trust","3 - Medium","11/02/2026 11:59:52","11/02/2026 15:26:32","12400","0 days, 3 hrs, 26 mins","11420.0","3 hrs, 10 mins","11420.0","3 hrs, 10 mins","Restart of Symphony DAD required."
"DAD / HL7 / interface messaging","CS1734044","Wye Valley NHS Trust","2 - High","12/02/2026 06:52:44","12/02/2026 08:55:27","7363","0 days, 2 hrs, 2 mins","4997.0","1 hrs, 23 mins","4997.0","1 hrs, 23 mins","DAD Restart"
"Audit / IG / access investigation","CS1734959","Swansea Bay University Health Board","3 - Medium","13/02/2026 10:30:23","20/02/2026 08:25:59","597336","6 days, 21 hrs, 55 mins","21168.0","5 hrs, 52 mins","74927.0","20 hrs, 48 mins","Duty Clinician Date Expired"
"Audit / IG / access investigation","CS1735135","Mid Yorkshire Teaching NHS Trust","3 - Medium","13/02/2026 12:50:47","18/02/2026 10:56:54","425167","4 days, 22 hrs, 6 mins","24278.0","6 hrs, 44 mins","254678.0","2 days, 22 hrs, 44 mins","FW: List of patients with Penicillamine as allergy"
"DAD / HL7 / interface messaging","CS1735426","Health Service Executive","3 - Medium","13/02/2026 15:10:21","04/03/2026 00:29:29","1588748","18 days, 9 hrs, 19 mins","62250.0","17 hrs, 17 mins","179083.0","2 days, 1 hrs, 44 mins","GP not Letters pulling the Diagnosis from Symphony "
"DAD / HL7 / interface messaging","CS1735935","Wye Valley NHS Trust","3 - Medium","15/02/2026 14:09:23","16/02/2026 08:01:50","64347","0 days, 17 hrs, 52 mins","0.0","","64347.0","17 hrs, 52 mins","Dad restart required"
"Audit / IG / access investigation","CS1737589","South Tees Hospitals NHS Foundation Trust","3 - Medium","18/02/2026 08:58:39","18/02/2026 15:59:22","25243","0 days, 7 hrs, 0 mins","2124.0","35 mins","2205.0","36 mins","Audit request"
"DAD / HL7 / interface messaging","CS1738233","Gibraltar Health Authority (GHA)","3 - Medium","18/02/2026 23:08:33","27/02/2026 13:51:31","744178","8 days, 14 hrs, 42 mins","15297.0","4 hrs, 14 mins","50784.0","14 hrs, 6 mins","OOH call, Symphony lost connection"
"Audit / IG / access investigation","CS1738714","Northern Health and Social Care Trust","4 - Low","19/02/2026 14:17:37","26/02/2026 10:03:50","589573","6 days, 19 hrs, 46 mins","94155.0","1 days, 2 hrs, 9 mins","353355.0","4 days, 2 hrs, 9 mins","DAD Messages Status"
"DAD / HL7 / interface messaging","CS1739668","Children's Health Ireland","3 - Medium","20/02/2026 18:52:04","23/02/2026 08:46:30","222866","2 days, 13 hrs, 54 mins","0.0","","222866.0","2 days, 13 hrs, 54 mins","Patients not going across from iPMS to Symphony"
"DAD / HL7 / interface messaging","CS1739937","South Tees Hospitals NHS Foundation Trust","3 - Medium","23/02/2026 10:27:27","27/02/2026 09:41:38","342851","3 days, 23 hrs, 14 mins","112451.0","1 days, 7 hrs, 14 mins","342851.0","3 days, 23 hrs, 14 mins","Restart of DAD required"
"Audit / IG / access investigation","CS1740025","Aneurin Bevan University Healthboard","4 - Low","23/02/2026 11:19:39","27/02/2026 11:28:14","346115","4 days, 0 hrs, 8 mins","9522.0","2 hrs, 38 mins","9522.0","2 hrs, 38 mins","Patient Merge Potential Missing Data"
"Performance / outage / errors","CS1740547","Mid Yorkshire Teaching NHS Trust","2 - High","24/02/2026 09:01:32","26/02/2026 17:04:58","201806","2 days, 8 hrs, 3 mins","43221.0","12 hrs","43519.0","12 hrs, 5 mins","Users unable to log onto Symphony"
"Audit / IG / access investigation","CS1741245","Leeds Teaching Hospitals NHS Trust","4 - Low","25/02/2026 07:58:50","03/03/2026 14:49:21","543031","6 days, 6 hrs, 50 mins","30436.0","8 hrs, 27 mins","30506.0","8 hrs, 28 mins","ECDS data and submission"
"DAD / HL7 / interface messaging","CS1742210","Western Sussex Hospitals NHS Trust","3 - Medium","26/02/2026 10:00:11","27/02/2026 08:12:19","79928","0 days, 22 hrs, 12 mins","16704.0","4 hrs, 38 mins","16824.0","4 hrs, 40 mins","Worthing - A08"
"Audit / IG / access investigation","CS1742484","Doncaster and Bassetlaw Teaching Hospitals NHS Foundation Trust","4 - Low","26/02/2026 12:44:23","27/02/2026 09:16:01","73898","0 days, 20 hrs, 31 mins","7906.0","2 hrs, 11 mins","7906.0","2 hrs, 11 mins","Audit Request - access to patient record"
"Audit / IG / access investigation","CS1742729","Isle Of Wight NHS Trust","4 - Low","26/02/2026 16:09:37","27/02/2026 10:25:50","65773","0 days, 18 hrs, 16 mins","6372.0","1 hrs, 46 mins","63972.0","17 hrs, 46 mins","Patient audit"
"Audit / IG / access investigation","CS1742839","Leeds Teaching Hospitals NHS Trust","4 - Low","27/02/2026 08:18:18","02/03/2026 16:41:07","289369","3 days, 8 hrs, 22 mins","38991.0","10 hrs, 49 mins","38991.0","10 hrs, 49 mins","BRM Grey Team"
"Audit / IG / access investigation","CS1742850","Western Sussex Hospitals NHS Trust","3 - Medium","27/02/2026 08:38:37","27/02/2026 12:08:37","12600","0 days, 3 hrs, 30 mins","11317.0","3 hrs, 8 mins","12600.0","3 hrs, 30 mins","A03 - Message - Please assign to Konrad"
"Audit / IG / access investigation","CS1743239","Brighton And Sussex University Hospitals NHS Trust","3 - Medium","27/02/2026 13:33:41","17/03/2026 12:48:27","1552486","17 days, 23 hrs, 14 mins","342886.0","3 days, 23 hrs, 14 mins","1552486.0","17 days, 23 hrs, 14 mins","A02 Messages failing to trigger "
"Audit / IG / access investigation","CS1743285","Betsi Cadwaladr University Healthboard","4 - Low","27/02/2026 14:17:11","11/03/2026 13:41:44","1034673","11 days, 23 hrs, 24 mins","149707.0","1 days, 17 hrs, 35 mins","840907.0","9 days, 17 hrs, 35 mins","launching thick client in Wrexham ED  on MUD desktop"
"Audit / IG / access investigation","CS1743747","Northern Lincolnshire And Goole NHS Foundation Trust","3 - Medium","02/03/2026 10:27:28","13/03/2026 14:27:01","964773","11 days, 3 hrs, 59 mins","325424.0","3 days, 18 hrs, 23 mins","627824.0","7 days, 6 hrs, 23 mins","eNotes Created by ID field"
"Audit / IG / access investigation","CS1743884","Northern Lincolnshire And Goole NHS Foundation Trust","4 - Low","02/03/2026 11:45:46","03/03/2026 17:21:21","106535","1 days, 5 hrs, 35 mins","53164.0","14 hrs, 46 mins","96364.0","1 days, 2 hrs, 46 mins","Issues with Test DEP config"
"Performance / outage / errors","CS1744007","Isle Of Wight NHS Trust","4 - Low","02/03/2026 13:04:10","09/03/2026 16:48:52","618282","7 days, 3 hrs, 44 mins","35306.0","9 hrs, 48 mins","92906.0","1 days, 1 hrs, 48 mins","Slowness loading midas images"
"DAD / HL7 / interface messaging","CS1744109","Swansea Bay University Health Board","3 - Medium","02/03/2026 14:26:20","02/03/2026 14:57:17","1857","0 days, 0 hrs, 30 mins","1857.0","30 mins","1857.0","30 mins","MPI and Omnicell outbound messages queued"
"DAD / HL7 / interface messaging","CS1744138","South Tees Hospitals NHS Foundation Trust","3 - Medium","02/03/2026 14:48:35","05/03/2026 10:14:23","242748","2 days, 19 hrs, 25 mins","64865.0","18 hrs, 1 mins","180065.0","2 days, 2 hrs, 1 mins","Symphony live patching"
"Audit / IG / access investigation","CS1744351","Bedford Hospital NHS Trust","4 - Low","03/03/2026 08:37:14","10/04/2026 02:19:28","3260534","37 days, 17 hrs, 42 mins","318902.0","3 days, 16 hrs, 35 mins","1188194.0","13 days, 18 hrs, 3 mins","Bedford Symphony Test Interop to ICE"
"Audit / IG / access investigation","CS1744893","North Cumbria Integrated Care NHS Foundation Trust","4 - Low","03/03/2026 14:19:57","19/03/2026 13:40:20","1380023","15 days, 23 hrs, 20 mins","170908.0","1 days, 23 hrs, 28 mins","343708.0","3 days, 23 hrs, 28 mins","Message Definition Issue"
"Audit / IG / access investigation","CS1745113","Western Sussex Hospitals NHS Trust","3 - Medium","04/03/2026 08:03:18","",,"","","","","","Advanced filters"
"DAD / HL7 / interface messaging","CS1745524","South Tees Hospitals NHS Foundation Trust","3 - Medium","04/03/2026 12:41:53","04/03/2026 13:30:19","2906","0 days, 0 hrs, 48 mins","","","","","MIYA is not receiving any messages from EIE"
"Audit / IG / access investigation","CS1745889","North West Anglia NHS Foundation Trust","3 - Medium","05/03/2026 08:43:19","05/03/2026 10:36:22","6783","0 days, 1 hrs, 53 mins","","","","","Restart SCR/CPIS/JBOSS thingies"
"DAD / HL7 / interface messaging","CS1746541","Mid Yorkshire Teaching NHS Trust","4 - Low","05/03/2026 15:35:04","06/03/2026 12:08:43","74019","0 days, 20 hrs, 33 mins","16419.0","4 hrs, 33 mins","74019.0","20 hrs, 33 mins","Remove DOD from Symphony"
"Audit / IG / access investigation","CS1746976","Doncaster and Bassetlaw Teaching Hospitals NHS Foundation Trust","4 - Low","06/03/2026 12:23:32","09/03/2026 15:20:04","269792","3 days, 2 hrs, 56 mins","23093.0","6 hrs, 24 mins","253493.0","2 days, 22 hrs, 24 mins","Special Case alert audit "
"Audit / IG / access investigation","CS1747422","Northern Lincolnshire And Goole NHS Foundation Trust","4 - Low","09/03/2026 10:07:38","01/05/2026 11:12:35","4583097","53 days, 1 hrs, 4 mins","1095420.0","12 days, 16 hrs, 17 mins","2175420.0","25 days, 4 hrs, 17 mins","Triage enotes coming up at Discharge"
"Audit / IG / access investigation","CS1747576","Western Health and Social Care Trust","3 - Medium","09/03/2026 11:45:27","12/03/2026 15:16:08","271841","3 days, 3 hrs, 30 mins","","","","","e-audit request"
"Audit / IG / access investigation","CS1747791","Mid Yorkshire Teaching NHS Trust","4 - Low","09/03/2026 14:22:13","10/03/2026 14:33:29","87076","1 days, 0 hrs, 11 mins","29476.0","8 hrs, 11 mins","87076.0","1 days, 11 mins","Symphony user information"
"DAD / HL7 / interface messaging","CS1748017","Health Service Executive","2 - High","09/03/2026 21:06:47","09/03/2026 21:34:16","1649","0 days, 0 hrs, 27 mins","1649.0","27 mins","1649.0","27 mins","Messages not going through to pas"
"DAD / HL7 / interface messaging","CS1748482","Doncaster and Bassetlaw Teaching Hospitals NHS Foundation Trust","3 - Medium","10/03/2026 13:27:15","10/03/2026 16:41:36","11661","0 days, 3 hrs, 14 mins","11661.0","3 hrs, 14 mins","11661.0","3 hrs, 14 mins","Patient has been double Booked"
"DAD / HL7 / interface messaging","CS1748861","Leeds Teaching Hospitals NHS Trust","3 - Medium","11/03/2026 09:38:34","",,"","","","","","patient not showing on report"
"Performance / outage / errors","CS1749091","Swansea Bay University Health Board","3 - Medium","11/03/2026 12:26:14","31/03/2026 00:29:29","1684995","19 days, 12 hrs, 3 mins","2883.0","48 mins","2883.0","48 mins","System running slow - Awaiting reinstall"
"DAD / HL7 / interface messaging","CS1749152","Mid Yorkshire Teaching NHS Trust","2 - High","11/03/2026 13:21:43","12/03/2026 15:34:49","94386","1 days, 2 hrs, 13 mins","8565.0","2 hrs, 22 mins","14394.0","3 hrs, 59 mins","EIE/DAD restart"
"DAD / HL7 / interface messaging","CS1749434","Wye Valley NHS Trust","3 - Medium","12/03/2026 06:51:21","12/03/2026 08:40:18","6537","0 days, 1 hrs, 48 mins","0.0","","5905.0","1 hrs, 38 mins","AE Comm Point Down"
"Audit / IG / access investigation","CS1750415","Health Service Executive","4 - Low","13/03/2026 11:42:09","17/03/2026 15:11:35","358166","4 days, 3 hrs, 29 mins","","","","","Query"
"Audit / IG / access investigation","CS1751663","Aneurin Bevan University Healthboard","3 - Medium","17/03/2026 08:04:42","17/03/2026 09:00:16","3334","0 days, 0 hrs, 55 mins","16.0","","3159.0","52 mins","Dep Config Locked"
"Audit / IG / access investigation","CS1751856","Betsi Cadwaladr University Healthboard","4 - Low","17/03/2026 10:21:39","25/03/2026 12:11:26","697787","8 days, 1 hrs, 49 mins","75164.0","20 hrs, 52 mins","190364.0","2 days, 4 hrs, 52 mins","error message when building e-audit"
"Audit / IG / access investigation","CS1755879","Isle Of Wight NHS Trust","4 - Low","23/03/2026 11:13:49","23/03/2026 14:00:14","9985","0 days, 2 hrs, 46 mins","9985.0","2 hrs, 46 mins","9985.0","2 hrs, 46 mins","Audit on test patient"
"Audit / IG / access investigation","CS1756598","Gibraltar Health Authority (GHA)","4 - Low","24/03/2026 09:12:34","09/04/2026 11:50:56","1391902","16 days, 2 hrs, 38 mins","51258.0","14 hrs, 14 mins","108858.0","1 days, 6 hrs, 14 mins","Audit report on patient access not showing all access data"
"DAD / HL7 / interface messaging","CS1756737","Isle Of Wight NHS Trust","4 - Low","24/03/2026 10:21:12","27/03/2026 16:30:46","281374","3 days, 6 hrs, 9 mins","","","","","DAD restart"
"DAD / HL7 / interface messaging","CS1759000","South Tees Hospitals NHS Foundation Trust","2 - High","27/03/2026 10:08:49","27/03/2026 10:18:19","570","0 days, 0 hrs, 9 mins","570.0","9 mins","570.0","9 mins","Issue with DAD"
"Audit / IG / access investigation","CS1759333","North Cumbria Integrated Care NHS Foundation Trust","4 - Low","27/03/2026 14:35:17","30/03/2026 12:17:51","250954","2 days, 21 hrs, 42 mins","","","","","Error when logging into DEP config"
"Audit / IG / access investigation","CS1759570","North West Anglia NHS Foundation Trust","3 - Medium","30/03/2026 08:36:43","30/03/2026 09:44:46","4083","0 days, 1 hrs, 8 mins","1440.0","24 mins","2837.0","47 mins","Restart iis/jboss/dad"
"DAD / HL7 / interface messaging","CS1760262","Western Sussex Hospitals NHS Trust","3 - Medium","30/03/2026 17:26:22","30/03/2026 17:48:54","1352","0 days, 0 hrs, 22 mins","0.0","","1352.0","22 mins","Messages Not Coming Through"
"Audit / IG / access investigation","CS1760401","Torbay and South Devon NHS Foundation Trust","3 - Medium","31/03/2026 09:52:20","01/04/2026 10:59:44","90444","1 days, 1 hrs, 7 mins","22449.0","6 hrs, 14 mins","22449.0","6 hrs, 14 mins","Batch print - status failed"
"DAD / HL7 / interface messaging","CS1761301","Mid Yorkshire Teaching NHS Trust","4 - Low","01/04/2026 10:09:36","01/04/2026 13:05:05","10529","0 days, 2 hrs, 55 mins","10529.0","2 hrs, 55 mins","10529.0","2 hrs, 55 mins","Remove DOD from Symphony"
"Audit / IG / access investigation","CS1761620","Mid Yorkshire Teaching NHS Trust","3 - Medium","01/04/2026 13:57:22","01/04/2026 18:04:43","14841","0 days, 4 hrs, 7 mins","10958.0","3 hrs, 2 mins","14841.0","4 hrs, 7 mins","FW: PALS Enquiry PE108578 | "
"DAD / HL7 / interface messaging","CS1761802","Health Service Executive","2 - High","01/04/2026 16:31:12","07/04/2026 14:53:34","512542","5 days, 22 hrs, 22 mins","32652.0","9 hrs, 4 mins","492631.0","5 days, 16 hrs, 50 mins","PAS interface downtime"
"Audit / IG / access investigation","CS1763173","Mid Yorkshire Teaching NHS Trust","4 - Low","07/04/2026 14:15:19","07/04/2026 17:49:21","12842","0 days, 3 hrs, 34 mins","9881.0","2 hrs, 44 mins","12842.0","3 hrs, 34 mins",".Net Framework - 3.5 from Microsoft"
"Audit / IG / access investigation","CS1763563","Betsi Cadwaladr University Healthboard","3 - Medium","08/04/2026 10:21:05","14/04/2026 13:13:59","528774","6 days, 2 hrs, 52 mins","118989.0","1 days, 9 hrs, 3 mins","522189.0","6 days, 1 hrs, 3 mins","latest paed obs and  paed obs table failing to populate summary report in SSRS"
"Performance / outage / errors","CS1764246","Leeds Teaching Hospitals NHS Trust","3 - Medium","09/04/2026 10:09:58","30/04/2026 02:04:28","1785270","20 days, 15 hrs, 54 mins","14307.0","3 hrs, 58 mins","15343.0","4 hrs, 15 mins","Error logging into Live Symphony"
"Audit / IG / access investigation","CS1765328","North Cumbria Integrated Care NHS Foundation Trust","4 - Low","10/04/2026 14:10:42","10/04/2026 16:53:57","9795","0 days, 2 hrs, 43 mins","","","","","Patient Record Audit"
"Audit / IG / access investigation","CS1765749","North Cumbria Integrated Care NHS Foundation Trust","4 - Low","13/04/2026 09:08:39","13/04/2026 15:29:24","22845","0 days, 6 hrs, 20 mins","","","","","Patient Record Audit"
"Audit / IG / access investigation","CS1766802","Leeds Teaching Hospitals NHS Trust","3 - Medium","14/04/2026 08:02:25","01/05/2026 10:29:29","1477624","17 days, 2 hrs, 27 mins","543527.0","6 days, 6 hrs, 58 mins","1061927.0","12 days, 6 hrs, 58 mins","symphony locations "
"Audit / IG / access investigation","CS1767196","Aneurin Bevan University Healthboard","4 - Low","14/04/2026 11:26:42","05/05/2026 08:30:05","1803803","20 days, 21 hrs, 3 mins","181804.0","2 days, 2 hrs, 30 mins","358838.0","4 days, 3 hrs, 40 mins","Issue when Applying Midas Alert"
"DAD / HL7 / interface messaging","CS1767365","North West Anglia NHS Foundation Trust","3 - Medium","14/04/2026 12:58:56","14/04/2026 16:13:32","11676","0 days, 3 hrs, 14 mins","5020.0","1 hrs, 23 mins","5020.0","1 hrs, 23 mins","Restart SCR"
"Audit / IG / access investigation","CS1767719","Leeds Teaching Hospitals NHS Trust","3 - Medium","15/04/2026 07:32:17","20/04/2026 16:29:20","464223","5 days, 8 hrs, 57 mins","241108.0","2 days, 18 hrs, 58 mins","458771.0","5 days, 7 hrs, 26 mins","ECDS Failed"
"DAD / HL7 / interface messaging","CS1768313","South Tees Hospitals NHS Foundation Trust","3 - Medium","15/04/2026 14:02:13","15/04/2026 15:15:20","4387","0 days, 1 hrs, 13 mins","3330.0","55 mins","3330.0","55 mins","Replication issue"
"Audit / IG / access investigation","CS1768476","Doncaster and Bassetlaw Teaching Hospitals NHS Foundation Trust","4 - Low","15/04/2026 16:02:51","16/04/2026 17:00:38","89867","1 days, 0 hrs, 57 mins","32229.0","8 hrs, 57 mins","89867.0","1 days, 57 mins","Staff Audit Request "
"DAD / HL7 / interface messaging","CS1768597","Wye Valley NHS Trust","3 - Medium","16/04/2026 07:15:54","16/04/2026 09:25:09","7755","0 days, 2 hrs, 9 mins","","","","","DAD Restart"
"Audit / IG / access investigation","CS1768680","South Tees Hospitals NHS Foundation Trust","3 - Medium","16/04/2026 09:18:32","16/04/2026 12:32:48","11656","0 days, 3 hrs, 14 mins","8554.0","2 hrs, 22 mins","8554.0","2 hrs, 22 mins","Replication issue"
"DAD / HL7 / interface messaging","CS1769590","North West Anglia NHS Foundation Trust","3 - Medium","17/04/2026 10:56:59","17/04/2026 11:33:32","2193","0 days, 0 hrs, 36 mins","","","","","restart jboss/iis/dad"
"DAD / HL7 / interface messaging","CS1770072","University Hospital Southampton NHS Foundation Trust","2 - High","20/04/2026 04:14:38","20/04/2026 12:58:32","31434","0 days, 8 hrs, 43 mins","3194.0","53 mins","3194.0","53 mins","OOH - HOSTED _ OPS Live DAD SERVER ALERT"
"Audit / IG / access investigation","CS1770119","Swansea Bay University Health Board","4 - Low","20/04/2026 08:47:13","26/05/2026 03:14:28","3090435","35 days, 18 hrs, 27 mins","198822.0","2 days, 7 hrs, 13 mins","707189.0","8 days, 4 hrs, 26 mins","Access to UAT for developers"
"DAD / HL7 / interface messaging","CS1770574","North West Anglia NHS Foundation Trust","3 - Medium","20/04/2026 12:54:32","20/04/2026 16:25:38","12666","0 days, 3 hrs, 31 mins","","","","","SCR is not working in Symphony"
"DAD / HL7 / interface messaging","CS1771038","Isle Of Wight NHS Trust","4 - Low","21/04/2026 09:38:07","21/04/2026 09:40:24","137","0 days, 0 hrs, 2 mins","137.0","2 mins","137.0","2 mins","invalid DOB error"
"Audit / IG / access investigation","CS1771506","North Cumbria Integrated Care NHS Foundation Trust","3 - Medium","21/04/2026 14:24:16","02/06/2026 12:04:34","3620418","41 days, 21 hrs, 40 mins","","","","","NHS 111 Integration - Schedules within Symphony"
"DAD / HL7 / interface messaging","CS1771829","Health Service Executive","3 - Medium","22/04/2026 10:11:33","22/04/2026 10:19:23","470","0 days, 0 hrs, 7 mins","470.0","7 mins","470.0","7 mins","Patient incorrectly set as Deceased."
"DAD / HL7 / interface messaging","CS1771981","North Cumbria Integrated Care NHS Foundation Trust","4 - Low","22/04/2026 11:47:14","27/04/2026 12:53:05","435951","5 days, 1 hrs, 5 mins","","","","","Possible Deletion of Attendance on incorrect patient"
"Audit / IG / access investigation","CS1772228","Health Service Executive","3 - Medium","22/04/2026 15:28:11","23/04/2026 12:35:06","76015","0 days, 21 hrs, 6 mins","7798.0","2 hrs, 9 mins","7798.0","2 hrs, 9 mins","PAS interface has stopped - St. Columcille's hospital."
"DAD / HL7 / interface messaging","CS1772488","NHS Ayrshire and Arran","3 - Medium","23/04/2026 10:18:55","27/04/2026 12:55:31","354996","4 days, 2 hrs, 36 mins","","","","","Radiology order not sent as expected"
"DAD / HL7 / interface messaging","CS1772631","Luton And Dunstable Hospital NHS Foundation Trust","4 - Low","23/04/2026 12:04:17","11/05/2026 17:32:40","1574903","18 days, 5 hrs, 28 mins","","","","","Symphony test outputting unescaped ampersand in Hl7"
"Audit / IG / access investigation","CS1772633","Northern Lincolnshire And Goole NHS Foundation Trust","4 - Low","23/04/2026 12:05:51","24/04/2026 10:12:13","79582","0 days, 22 hrs, 6 mins","18553.0","5 hrs, 9 mins","61753.0","17 hrs, 9 mins","Investigations and Treatment new DEPs"
"Audit / IG / access investigation","CS1772837","Luton And Dunstable Hospital NHS Foundation Trust","3 - Medium","23/04/2026 15:05:41","29/04/2026 14:34:32","516531","5 days, 23 hrs, 28 mins","","","","","Patient not Discharged"
"DAD / HL7 / interface messaging","CS1774139","Swansea Bay University Health Board","3 - Medium","27/04/2026 14:15:15","29/04/2026 15:32:01","177406","2 days, 1 hrs, 16 mins","6937.0","1 hrs, 55 mins","6937.0","1 hrs, 55 mins","Omnicell cabinet not displaying patient details"
"DAD / HL7 / interface messaging","CS1774225","North Cumbria Integrated Care NHS Foundation Trust","3 - Medium","27/04/2026 15:35:20","07/05/2026 10:12:25","844625","9 days, 18 hrs, 37 mins","","","","","Teddy Flags not present "
"Performance / outage / errors","CS1774330","Isle Of Wight NHS Trust","2 - High","28/04/2026 07:28:26","28/04/2026 14:52:44","26658","0 days, 7 hrs, 24 mins","9953.0","2 hrs, 45 mins","9953.0","2 hrs, 45 mins","Symphont running slow"
"Audit / IG / access investigation","CS1774860","Health Service Executive","4 - Low","28/04/2026 15:22:07","07/05/2026 16:16:48","780881","9 days, 0 hrs, 54 mins","","","","","Issue with patients appearing as RIP on symphony"
"Audit / IG / access investigation","CS1775698","Doncaster and Bassetlaw Teaching Hospitals NHS Foundation Trust","4 - Low","29/04/2026 17:03:45","13/05/2026 17:47:20","1212215","14 days, 0 hrs, 43 mins","52708.0","14 hrs, 38 mins","112923.0","1 days, 7 hrs, 22 mins","Audit for BDGH-25-046633-1"
"Audit / IG / access investigation","CS1775722","Leeds Teaching Hospitals NHS Trust","3 - Medium","30/04/2026 07:46:52","05/05/2026 12:27:53","448861","5 days, 4 hrs, 41 mins","188873.0","2 days, 4 hrs, 27 mins","448861.0","5 days, 4 hrs, 41 mins","ECDS failed"
"Audit / IG / access investigation","CS1775945","Isle Of Wight NHS Trust","4 - Low","30/04/2026 11:07:56","30/04/2026 12:59:57","6721","0 days, 1 hrs, 52 mins","4749.0","1 hrs, 19 mins","4749.0","1 hrs, 19 mins","Access to diagnosis audit code spreadsheet"
"Performance / outage / errors","CS1776299","North Cumbria Integrated Care NHS Foundation Trust","3 - Medium","30/04/2026 16:03:18","06/05/2026 15:15:03","515505","5 days, 23 hrs, 11 mins","","","","","Unable to MIDAS due to error"
"Audit / IG / access investigation","CS1776534","Mid Yorkshire Teaching NHS Trust","4 - Low","01/05/2026 09:43:26","01/05/2026 15:23:11","20385","0 days, 5 hrs, 39 mins","20385.0","5 hrs, 39 mins","20385.0","5 hrs, 39 mins","Address change - 7745704"
"Performance / outage / errors","CS1776914","Brighton And Sussex University Hospitals NHS Trust","4 - Low","01/05/2026 14:15:02","29/05/2026 02:29:29","2376867","27 days, 12 hrs, 14 mins","293067.0","3 days, 9 hrs, 24 mins","1214667.0","14 days, 1 hrs, 24 mins","Symphony DBA Tunning Questions "
"DAD / HL7 / interface messaging","CS1776982","Mid Yorkshire Teaching NHS Trust","4 - Low","01/05/2026 15:23:27","05/05/2026 09:08:08","323081","3 days, 17 hrs, 44 mins","4120.0","1 hrs, 8 mins","4120.0","1 hrs, 8 mins","Remove DOD from Symphony"
"DAD / HL7 / interface messaging","CS1777353","Swansea Bay University Health Board","3 - Medium","05/05/2026 10:38:36","07/05/2026 08:03:30","163494","1 days, 21 hrs, 24 mins","7883.0","2 hrs, 11 mins","60293.0","16 hrs, 44 mins","DAD messages queueing for Omnicell feeds and MPI outbound"
"DAD / HL7 / interface messaging","CS1778306","Isle Of Wight NHS Trust","4 - Low","06/05/2026 12:45:30","06/05/2026 13:25:37","2407","0 days, 0 hrs, 40 mins","","","","","DAD restart"
"DAD / HL7 / interface messaging","CS1778604","Health Service Executive","3 - Medium","07/05/2026 03:58:36","07/05/2026 04:46:27","2871","0 days, 0 hrs, 47 mins","0.0","","2871.0","47 mins","Patients with duplicate MRNs"
"Audit / IG / access investigation","CS1778808","Northampton General Hospital NHS Trust","4 - Low","07/05/2026 11:02:40","07/05/2026 15:58:12","17732","0 days, 4 hrs, 55 mins","9378.0","2 hrs, 36 mins","9378.0","2 hrs, 36 mins","Audit data request for specified patients between time period provided"
"Audit / IG / access investigation","CS1779275","Doncaster and Bassetlaw Teaching Hospitals NHS Foundation Trust","3 - Medium","07/05/2026 13:54:21","",,"","","","","","'Finish' button greyed out on multiple DEPs "
"Performance / outage / errors","CS1779345","Western Sussex Hospitals NHS Trust","3 - Medium","07/05/2026 14:41:16","11/05/2026 16:09:08","350872","4 days, 1 hrs, 27 mins","6514.0","1 hrs, 48 mins","6514.0","1 hrs, 48 mins","CPIS Failed(JBOSS)"
"DAD / HL7 / interface messaging","CS1779483","Wye Valley NHS Trust","4 - Low","07/05/2026 15:56:42","28/07/2026 02:24:30","7036068","81 days, 10 hrs, 27 mins","","","","","Patient information not coming through from NHS 111; see CS1751046"
"DAD / HL7 / interface messaging","CS1780079","Mid Yorkshire Teaching NHS Trust","4 - Low","08/05/2026 15:31:27","13/05/2026 10:50:28","415141","4 days, 19 hrs, 19 mins","58641.0","16 hrs, 17 mins","290525.0","3 days, 8 hrs, 42 mins","DOD needs adding to Symphony "
"DAD / HL7 / interface messaging","CS1780229","Luton And Dunstable Hospital NHS Foundation Trust","4 - Low","11/05/2026 08:27:24","",,"","","","","","Error on TIE"
"Audit / IG / access investigation","CS1780833","North West Anglia NHS Foundation Trust","4 - Low","11/05/2026 15:45:02","15/05/2026 08:38:58","320036","3 days, 16 hrs, 53 mins","50868.0","14 hrs, 7 mins","222406.0","2 days, 13 hrs, 46 mins","Audit 26-03"
"Audit / IG / access investigation","CS1781276","North Cumbria Integrated Care NHS Foundation Trust","4 - Low","12/05/2026 11:08:35","18/05/2026 15:58:32","535797","6 days, 4 hrs, 49 mins","","","","","Patient Record Audit"
"Audit / IG / access investigation","CS1781289","North Cumbria Integrated Care NHS Foundation Trust","4 - Low","12/05/2026 11:16:39","13/05/2026 16:49:35","106376","1 days, 5 hrs, 32 mins","","","","","Patient Record Audit"
"Audit / IG / access investigation","CS1781743","Mid Yorkshire Teaching NHS Trust","4 - Low","12/05/2026 17:35:43","18/05/2026 10:07:42","491519","5 days, 16 hrs, 31 mins","81072.0","22 hrs, 31 mins","477723.0","5 days, 12 hrs, 42 mins","Urgent - Audit on staff member for an investigation"
"DAD / HL7 / interface messaging","CS1781968","Brighton And Sussex University Hospitals NHS Trust","3 - Medium","13/05/2026 10:41:26","20/05/2026 12:11:46","610220","7 days, 1 hrs, 30 mins","12076.0","3 hrs, 21 mins","12076.0","3 hrs, 21 mins","DAD stopped working"
"Audit / IG / access investigation","CS1782179","Aneurin Bevan University Healthboard","4 - Low","13/05/2026 12:57:39","15/05/2026 16:35:31","185872","2 days, 3 hrs, 37 mins","32201.0","8 hrs, 56 mins","89801.0","1 days, 56 mins","Installer Broken"
"Audit / IG / access investigation","CS1782464","Leeds Teaching Hospitals NHS Trust","3 - Medium","14/05/2026 06:47:14","14/05/2026 10:16:04","12530","0 days, 3 hrs, 28 mins","7066.0","1 hrs, 57 mins","11432.0","3 hrs, 10 mins","Domestic abuse audit"
"DAD / HL7 / interface messaging","CS1782465","Wye Valley NHS Trust","2 - High","14/05/2026 06:51:03","14/05/2026 08:30:28","5965","0 days, 1 hrs, 39 mins","","","","","Dad Restart"
"DAD / HL7 / interface messaging","CS1782479","Wye Valley NHS Trust","2 - High","14/05/2026 07:58:58","14/05/2026 08:21:26","1348","0 days, 0 hrs, 22 mins","","","","","Need DAD restart "
"Audit / IG / access investigation","CS1783146","Luton And Dunstable Hospital NHS Foundation Trust","4 - Low","15/05/2026 01:18:58","15/05/2026 16:31:50","54772","0 days, 15 hrs, 12 mins","30710.0","8 hrs, 31 mins","54772.0","15 hrs, 12 mins","User deleted AE Episode - ED-26-040592-1"
"Audit / IG / access investigation","CS1783560","Cumbria Teaching PCT","3 - Medium","15/05/2026 13:04:03","19/05/2026 12:06:58","342175","3 days, 23 hrs, 2 mins","","","","","Password complexity special character"
"Audit / IG / access investigation","CS1783796","Aneurin Bevan University Healthboard","3 - Medium","15/05/2026 15:58:32","15/05/2026 16:29:49","1877","0 days, 0 hrs, 31 mins","1877.0","31 mins","1877.0","31 mins","TEST DAD Configuration"
"Audit / IG / access investigation","CS1783808","Aneurin Bevan University Healthboard","3 - Medium","15/05/2026 16:19:27","15/05/2026 16:25:22","355","0 days, 0 hrs, 5 mins","355.0","5 mins","355.0","5 mins","Test DB (EMIS_SYM_AB_DEV_130526) showing offline"
"DAD / HL7 / interface messaging","CS1784509","South Tees Hospitals NHS Foundation Trust","3 - Medium","18/05/2026 15:41:34","19/05/2026 09:08:18","62804","0 days, 17 hrs, 26 mins","","","","","Restart of Symphony DAD required"
"Performance / outage / errors","CS1784536","Isle Of Wight NHS Trust","4 - Low","18/05/2026 16:06:05","22/05/2026 13:07:54","334909","3 days, 21 hrs, 1 mins","","","","","Blank pages when scanning"
"DAD / HL7 / interface messaging","CS1784855","Aneurin Bevan University Healthboard","4 - Low","19/05/2026 10:52:00","29/07/2026 15:48:09","6152169","71 days, 4 hrs, 56 mins","","","","","GP Surgeries Not Pulling From WPAS"
"Performance / outage / errors","CS1785266","North Cumbria Integrated Care NHS Foundation Trust","3 - Medium","19/05/2026 16:12:11","02/06/2026 13:31:23","1199952","13 days, 21 hrs, 19 mins","","","","","Slow performance issues across sites and difficulty with log on"
"DAD / HL7 / interface messaging","CS1786243","Brighton And Sussex University Hospitals NHS Trust","3 - Medium","21/05/2026 11:27:43","08/07/2026 09:51:50","4141447","47 days, 22 hrs, 24 mins","706807.0","8 days, 4 hrs, 20 mins","2838007.0","32 days, 20 hrs, 20 mins","DAD Message delays from locked records and occasional ntdll errors."
"DAD / HL7 / interface messaging","CS1786278","Brighton And Sussex University Hospitals NHS Trust","2 - High","21/05/2026 11:57:23","21/05/2026 13:01:21","3838","0 days, 1 hrs, 3 mins","1967.0","32 mins","1967.0","32 mins","Our DAD has gone down"
"DAD / HL7 / interface messaging","CS1786626","Brighton And Sussex University Hospitals NHS Trust","3 - Medium","21/05/2026 20:51:07","28/05/2026 14:56:34","583527","6 days, 18 hrs, 5 mins","5615.0","1 hrs, 33 mins","49348.0","13 hrs, 42 mins","Messages were queuing specifically 02"
"DAD / HL7 / interface messaging","CS1787155","Bon Secours Hospital Cork","2 - High","22/05/2026 17:33:17","22/05/2026 18:45:30","4333","0 days, 1 hrs, 12 mins","0.0","","4333.0","1 hrs, 12 mins","Patient With MRN 88389 Not Appearing On Symphony EDIS"
"Audit / IG / access investigation","CS1787187","Brighton And Sussex University Hospitals NHS Trust","4 - Low","24/05/2026 11:57:36","29/05/2026 10:34:05","426989","4 days, 22 hrs, 36 mins","38426.0","10 hrs, 40 mins","171770.0","1 days, 23 hrs, 42 mins","DAD was restarted internally last night"
"DAD / HL7 / interface messaging","CS1787222","Brighton And Sussex University Hospitals NHS Trust","4 - Low","26/05/2026 07:38:28","28/05/2026 14:07:00","196112","2 days, 6 hrs, 28 mins","29433.0","8 hrs, 10 mins","91925.0","1 days, 1 hrs, 32 mins","DAD restart"
"Audit / IG / access investigation","CS1787355","Leeds Teaching Hospitals NHS Trust","3 - Medium","26/05/2026 09:55:24","01/06/2026 11:33:28","524284","6 days, 1 hrs, 38 mins","80978.0","22 hrs, 29 mins","167378.0","1 days, 22 hrs, 29 mins","Deceased Account"
"Audit / IG / access investigation","CS1789839","Isle Of Wight NHS Trust","3 - Medium","29/05/2026 08:25:40","02/06/2026 17:56:54","379874","4 days, 9 hrs, 31 mins","","","","","interface stopping intermittently"
"Audit / IG / access investigation","CS1789867","Brighton And Sussex University Hospitals NHS Trust","4 - Low","29/05/2026 09:03:32","10/06/2026 14:50:36","1057624","12 days, 5 hrs, 47 mins","2369.0","39 mins","2369.0","39 mins","DAD went down"
"Audit / IG / access investigation","CS1790413","Health Service Executive","2 - High","29/05/2026 19:30:03","29/05/2026 20:05:04","2101","0 days, 0 hrs, 35 mins","2101.0","35 mins","2101.0","35 mins","RIP patient in a and e right now "
"Audit / IG / access investigation","CS1790814","Norfolk and Norwich University Hospitals NHS Foundation Trust","4 - Low","01/06/2026 11:17:32","15/06/2026 13:35:20","1217868","14 days, 2 hrs, 17 mins","84088.0","23 hrs, 21 mins","375290.0","4 days, 8 hrs, 14 mins","User audit for LW108"
"Audit / IG / access investigation","CS1791131","North West Anglia NHS Foundation Trust","3 - Medium","01/06/2026 14:54:39","03/06/2026 11:25:44","160265","1 days, 20 hrs, 31 mins","7521.0","2 hrs, 5 mins","63967.0","17 hrs, 46 mins","Audit 26-05"
"Audit / IG / access investigation","CS1791277","Betsi Cadwaladr University Healthboard","4 - Low","01/06/2026 17:10:20","02/06/2026 12:42:08","70308","0 days, 19 hrs, 31 mins","10746.0","2 hrs, 59 mins","67726.0","18 hrs, 48 mins","FOI request "
"Audit / IG / access investigation","CS1791632","Kent Community Health NHS Foundation Trust","3 - Medium","02/06/2026 11:38:38","16/06/2026 09:11:55","1200797","13 days, 21 hrs, 33 mins","295550.0","3 days, 10 hrs, 5 mins","597950.0","6 days, 22 hrs, 5 mins","Batch printing error"
"DAD / HL7 / interface messaging","CS1791788","North West Anglia NHS Foundation Trust","3 - Medium","02/06/2026 13:10:02","02/06/2026 14:38:39","5317","0 days, 1 hrs, 28 mins","","","","","Restart jboss/iis/dad"
"DAD / HL7 / interface messaging","CS1792092","North West Anglia NHS Foundation Trust","3 - Medium","03/06/2026 08:36:28","03/06/2026 09:00:35","1447","0 days, 0 hrs, 24 mins","35.0","","1174.0","19 mins","IIS/Jboss/DAD again"
"DAD / HL7 / interface messaging","CS1792623","Northern Lincolnshire And Goole NHS Foundation Trust","3 - Medium","03/06/2026 14:02:04","09/07/2026 10:20:21","3097097","35 days, 20 hrs, 18 mins","725072.0","8 days, 9 hrs, 24 mins","1459472.0","16 days, 21 hrs, 24 mins","Error message on one particular patient"
"DAD / HL7 / interface messaging","CS1793132","Bedford Hospital NHS Trust","4 - Low","04/06/2026 11:10:12","09/06/2026 12:08:11","435479","5 days, 0 hrs, 57 mins","12733.0","3 hrs, 32 mins","12733.0","3 hrs, 32 mins","ED Users report extract"
"Audit / IG / access investigation","CS1793655","Brighton And Sussex University Hospitals NHS Trust","4 - Low","05/06/2026 09:20:07","10/06/2026 14:52:42","451955","5 days, 5 hrs, 32 mins","6836.0","1 hrs, 53 mins","6836.0","1 hrs, 53 mins","DAD restart "
"DAD / HL7 / interface messaging","CS1793711","Brighton And Sussex University Hospitals NHS Trust","4 - Low","05/06/2026 09:59:31","10/06/2026 14:56:03","449792","5 days, 4 hrs, 56 mins","4495.0","1 hrs, 14 mins","4495.0","1 hrs, 14 mins","DAD has gone down again today"
"DAD / HL7 / interface messaging","CS1793793","Mid Yorkshire Teaching NHS Trust","4 - Low","05/06/2026 10:59:16","10/06/2026 14:27:02","444466","5 days, 3 hrs, 27 mins","94606.0","1 days, 2 hrs, 16 mins","440206.0","5 days, 2 hrs, 16 mins","DOD not showing on Symphony "
"Audit / IG / access investigation","CS1794134","North West Anglia NHS Foundation Trust","4 - Low","05/06/2026 15:39:59","10/06/2026 14:52:35","429156","4 days, 23 hrs, 12 mins","83556.0","23 hrs, 12 mins","429156.0","4 days, 23 hrs, 12 mins","Audit 26-06 - Hosp No: DIS0720087 "
"Audit / IG / access investigation","CS1794194","North West Anglia NHS Foundation Trust","4 - Low","05/06/2026 16:33:18","10/06/2026 15:48:36","429318","4 days, 23 hrs, 15 mins","83718.0","23 hrs, 15 mins","429318.0","4 days, 23 hrs, 15 mins","Audit 26-06 - Hosp No: DIS2420066"
"Audit / IG / access investigation","CS1794197","North West Anglia NHS Foundation Trust","4 - Low","05/06/2026 16:37:51","08/06/2026 13:12:29","246878","2 days, 20 hrs, 34 mins","16478.0","4 hrs, 34 mins","246878.0","2 days, 20 hrs, 34 mins","Audit 26-06 - Hosp No: DIS3159398 "
"Audit / IG / access investigation","CS1794199","North West Anglia NHS Foundation Trust","4 - Low","05/06/2026 16:39:42","08/06/2026 13:15:59","246977","2 days, 20 hrs, 36 mins","16577.0","4 hrs, 36 mins","246977.0","2 days, 20 hrs, 36 mins","Audit 26-06 - Hosp No: DIS2198101 "
"Audit / IG / access investigation","CS1794202","North West Anglia NHS Foundation Trust","4 - Low","05/06/2026 16:41:50","10/06/2026 14:15:57","423247","4 days, 21 hrs, 34 mins","58690.0","16 hrs, 18 mins","348715.0","4 days, 51 mins","Audit 26-06 - Hosp No: DIS0794256  "
"Audit / IG / access investigation","CS1794203","North West Anglia NHS Foundation Trust","4 - Low","05/06/2026 16:46:39","10/06/2026 14:14:17","422858","4 days, 21 hrs, 27 mins","58401.0","16 hrs, 13 mins","348684.0","4 days, 51 mins","Audit 26-06 - Hosp No: DIS2377960 "
"DAD / HL7 / interface messaging","CS1794361","Wye Valley NHS Trust","4 - Low","08/06/2026 09:23:57","11/06/2026 12:04:44","268847","3 days, 2 hrs, 40 mins","35872.0","9 hrs, 57 mins","93472.0","1 days, 1 hrs, 57 mins","Need to unmerge  two RLQ's for patients with same name "
"Audit / IG / access investigation","CS1794930","Betsi Cadwaladr University Healthboard","4 - Low","08/06/2026 16:20:02","",,"","","","","","e-docs issue with digital photos"
"Audit / IG / access investigation","CS1794943","Health Service Executive","3 - Medium","08/06/2026 16:33:25","08/06/2026 16:35:49","144","0 days, 0 hrs, 2 mins","144.0","2 mins","144.0","2 mins","Print button greyed out"
"DAD / HL7 / interface messaging","CS1795481","Brighton And Sussex University Hospitals NHS Trust","3 - Medium","09/06/2026 13:51:18","11/06/2026 14:29:34","175096","2 days, 0 hrs, 38 mins","59896.0","16 hrs, 38 mins","175096.0","2 days, 38 mins","DAD restart on site"
"Audit / IG / access investigation","CS1795612","Doncaster and Bassetlaw Teaching Hospitals NHS Foundation Trust","4 - Low","09/06/2026 15:35:07","10/06/2026 11:23:32","71305","0 days, 19 hrs, 48 mins","13705.0","3 hrs, 48 mins","71305.0","19 hrs, 48 mins","Patient Audit Request "
"DAD / HL7 / interface messaging","CS1796381","Wye Valley NHS Trust","3 - Medium","11/06/2026 07:23:19","11/06/2026 08:30:04","4005","0 days, 1 hrs, 6 mins","","","","","DAD Restart"
"Audit / IG / access investigation","CS1796468","Leeds Teaching Hospitals NHS Trust","4 - Low","11/06/2026 09:44:31","11/06/2026 11:38:09","6818","0 days, 1 hrs, 53 mins","6818.0","1 hrs, 53 mins","6818.0","1 hrs, 53 mins","EEMAC Reporting"
"Audit / IG / access investigation","CS1796483","North West Anglia NHS Foundation Trust","3 - Medium","11/06/2026 09:54:17","19/06/2026 09:08:45","688468","7 days, 23 hrs, 14 mins","29376.0","8 hrs, 9 mins","88028.0","1 days, 27 mins","Error 91 Message"
"Audit / IG / access investigation","CS1796637","Northern Care Alliance NHS Foundation Trust","3 - Medium","11/06/2026 11:23:02","12/06/2026 16:23:25","104423","1 days, 5 hrs, 0 mins","11450.0","3 hrs, 10 mins","11450.0","3 hrs, 10 mins","SCR message, automatic email alert"
"DAD / HL7 / interface messaging","CS1796671","South Tees Hospitals NHS Foundation Trust","3 - Medium","11/06/2026 11:45:52","11/06/2026 12:39:40","3228","0 days, 0 hrs, 53 mins","","","","","Restart of Symphony DAD required"
"Audit / IG / access investigation","CS1796735","Luton And Dunstable Hospital NHS Foundation Trust","3 - Medium","11/06/2026 12:23:04","11/06/2026 15:19:46","10602","0 days, 2 hrs, 56 mins","10602.0","2 hrs, 56 mins","10602.0","2 hrs, 56 mins","Failing Demographic Updates "
"Audit / IG / access investigation","CS1797375","Mid Yorkshire Teaching NHS Trust","6","12/06/2026 11:57:29","15/06/2026 16:30:05","275556","3 days, 4 hrs, 32 mins","","","","","FW: Re. Subject access request"
"Audit / IG / access investigation","CS1797384","Mid Yorkshire Teaching NHS Trust","4 - Low","12/06/2026 12:03:12","15/06/2026 16:29:33","275181","3 days, 4 hrs, 26 mins","44781.0","12 hrs, 26 mins","275181.0","3 days, 4 hrs, 26 mins","FW: Audit report for access - Morgan"
"Audit / IG / access investigation","CS1797962","Northern Lincolnshire And Goole NHS Foundation Trust","4 - Low","15/06/2026 10:48:52","02/07/2026 09:58:23","1465771","16 days, 23 hrs, 9 mins","472581.0","5 days, 11 hrs, 16 mins","904581.0","10 days, 11 hrs, 16 mins","Report to show staff activity"
"Audit / IG / access investigation","CS1797991","Doncaster and Bassetlaw Teaching Hospitals NHS Foundation Trust","4 - Low","15/06/2026 11:07:13","16/06/2026 13:37:23","95410","1 days, 2 hrs, 30 mins","37810.0","10 hrs, 30 mins","95410.0","1 days, 2 hrs, 30 mins","Audit Request - access of patient record "
"Audit / IG / access investigation","CS1798076","Health Service Executive","4 - Low","15/06/2026 11:55:16","18/06/2026 10:46:53","255097","2 days, 22 hrs, 51 mins","25989.0","7 hrs, 13 mins","83589.0","23 hrs, 13 mins","Require audit report run"
"DAD / HL7 / interface messaging","CS1798125","Brighton And Sussex University Hospitals NHS Trust","3 - Medium","15/06/2026 12:30:19","18/06/2026 08:14:33","243854","2 days, 19 hrs, 44 mins","10688.0","2 hrs, 58 mins","10688.0","2 hrs, 58 mins","Panda"
"Audit / IG / access investigation","CS1798138","Tallaght University Hospital","3 - Medium","15/06/2026 12:40:15","19/06/2026 15:10:28","354613","4 days, 2 hrs, 30 mins","41594.0","11 hrs, 33 mins","99194.0","1 days, 3 hrs, 33 mins","Symphony AMAU Transfers"
"DAD / HL7 / interface messaging","CS1798826","South Tees Hospitals NHS Foundation Trust","3 - Medium","16/06/2026 11:27:54","16/06/2026 12:37:54","4200","0 days, 1 hrs, 10 mins","","","","","Restart required"
"Audit / IG / access investigation","CS1799105","Aneurin Bevan University Healthboard","3 - Medium","16/06/2026 14:50:53","07/07/2026 09:34:53","1795440","20 days, 18 hrs, 44 mins","18245.0","5 hrs, 4 mins","75845.0","21 hrs, 4 mins","Error After Installing RISP Client"
"Performance / outage / errors","CS1799308","Mid Yorkshire Teaching NHS Trust","3 - Medium","17/06/2026 09:16:54","18/06/2026 14:12:33","104139","1 days, 4 hrs, 55 mins","8129.0","2 hrs, 15 mins","8129.0","2 hrs, 15 mins","Postcode finder not working again - GBG Loqate"
"Performance / outage / errors","CS1799617","North Cumbria Integrated Care NHS Foundation Trust","3 - Medium","17/06/2026 12:44:36","18/06/2026 12:35:49","85873","0 days, 23 hrs, 51 mins","","","","","Slow performance "
"DAD / HL7 / interface messaging","CS1799950","Norfolk and Norwich University Hospitals NHS Foundation Trust","3 - Medium","18/06/2026 05:09:57","18/06/2026 10:42:29","19952","0 days, 5 hrs, 32 mins","","","","","Symphony DAD Interface will not start after Windows Updates"
"Audit / IG / access investigation","CS1800288","Health Service Executive","4 - Low","18/06/2026 12:35:39","18/06/2026 16:43:52","14893","0 days, 4 hrs, 8 mins","14893.0","4 hrs, 8 mins","14893.0","4 hrs, 8 mins","Adding ""address"" to output"
"Audit / IG / access investigation","CS1800403","Brighton And Sussex University Hospitals NHS Trust","3 - Medium","18/06/2026 14:09:33","18/06/2026 14:11:27","114","0 days, 0 hrs, 1 mins","114.0","1 mins","114.0","1 mins","Audit"
"DAD / HL7 / interface messaging","CS1800444","Swansea Bay University Health Board","3 - Medium","18/06/2026 14:34:57","18/06/2026 15:47:39","4362","0 days, 1 hrs, 12 mins","4362.0","1 hrs, 12 mins","4362.0","1 hrs, 12 mins","Omnicelle and MPI DAD messages queuing"
"Performance / outage / errors","CS1800754","Mid Yorkshire Teaching NHS Trust","3 - Medium","19/06/2026 10:12:21","19/06/2026 14:54:47","16946","0 days, 4 hrs, 42 mins","5187.0","1 hrs, 26 mins","5187.0","1 hrs, 26 mins","Postcode finder not working again"
"Audit / IG / access investigation","CS1802477","Betsi Cadwaladr University Healthboard","4 - Low","23/06/2026 15:43:27","23/06/2026 18:07:12","8625","0 days, 2 hrs, 23 mins","","","","","practice SS utilization "
"Audit / IG / access investigation","CS1802553","Northampton General Hospital NHS Trust","4 - Low","23/06/2026 16:59:50","25/06/2026 18:04:20","176670","2 days, 1 hrs, 4 mins","57610.0","16 hrs","176670.0","2 days, 1 hrs, 4 mins","Audit data request for specified patients between time period provided"
"DAD / HL7 / interface messaging","CS1802975","Kent Community Health NHS Foundation Trust","4 - Low","24/06/2026 13:27:34","30/06/2026 10:08:05","506431","5 days, 20 hrs, 40 mins","30861.0","8 hrs, 34 mins","30861.0","8 hrs, 34 mins","GP Connect error"
"DAD / HL7 / interface messaging","CS1802995","Swansea Bay University Health Board","3 - Medium","24/06/2026 13:49:29","26/06/2026 15:41:31","179522","2 days, 1 hrs, 52 mins","65076.0","18 hrs, 4 mins","176676.0","2 days, 1 hrs, 4 mins","Omnicell and MPI DAD messages queued"
"DAD / HL7 / interface messaging","CS1803006","Isle Of Wight NHS Trust","3 - Medium","24/06/2026 14:01:41","24/06/2026 14:17:49","968","0 days, 0 hrs, 16 mins","968.0","16 mins","968.0","16 mins","System slow and some sort of error message"
"Audit / IG / access investigation","CS1803228","Kent Community Health NHS Foundation Trust","3 - Medium","25/06/2026 08:22:42","30/06/2026 11:51:16","444514","5 days, 3 hrs, 28 mins","111807.0","1 days, 7 hrs, 3 mins","198207.0","2 days, 7 hrs, 3 mins","Batch printing error"
"Audit / IG / access investigation","CS1803522","Brighton And Sussex University Hospitals NHS Trust","4 - Low","25/06/2026 10:44:05","25/06/2026 11:39:05","3300","0 days, 0 hrs, 55 mins","3300.0","55 mins","3300.0","55 mins","Staff Auidtt"
"DAD / HL7 / interface messaging","CS1803612","Bedford Hospital NHS Trust","3 - Medium","25/06/2026 11:23:42","10/07/2026 05:59:29","1276547","14 days, 18 hrs, 35 mins","48904.0","13 hrs, 35 mins","106504.0","1 days, 5 hrs, 35 mins","Dischage does not go through to IPM for B074955"
"Audit / IG / access investigation","CS1804392","Luton And Dunstable Hospital NHS Foundation Trust","4 - Low","26/06/2026 10:50:17","29/06/2026 10:26:10","257753","2 days, 23 hrs, 35 mins","128153.0","1 days, 11 hrs, 35 mins","257753.0","2 days, 23 hrs, 35 mins","URGENT - New information standard for the reasonable adjustment digital flag"
"DAD / HL7 / interface messaging","CS1804644","Children's Health Ireland","4 - Low","26/06/2026 14:11:00","14/07/2026 01:09:28","1508308","17 days, 10 hrs, 58 mins","58452.0","16 hrs, 14 mins","346452.0","4 days, 14 mins","PC in UCC getting attached error message "
"Audit / IG / access investigation","CS1805158","Northern Care Alliance NHS Foundation Trust","3 - Medium","29/06/2026 10:57:36","01/07/2026 10:57:56","172820","2 days, 0 hrs, 0 mins","56357.0","15 hrs, 39 mins","171557.0","1 days, 23 hrs, 39 mins","Management plans second stage not updating the first stage"
"DAD / HL7 / interface messaging","CS1805273","Swansea Bay University Health Board","3 - Medium","29/06/2026 11:54:32","30/06/2026 08:50:51","75379","0 days, 20 hrs, 56 mins","9086.0","2 hrs, 31 mins","9086.0","2 hrs, 31 mins","MPI DAD outbound messages queuing"
"Audit / IG / access investigation","CS1805515","North West Anglia NHS Foundation Trust","4 - Low","29/06/2026 13:21:16","30/06/2026 13:31:46","87030","1 days, 0 hrs, 10 mins","13124.0","3 hrs, 38 mins","13933.0","3 hrs, 52 mins","Audit 26-08"
"Audit / IG / access investigation","CS1805790","North West Anglia NHS Foundation Trust","4 - Low","29/06/2026 16:07:47","30/06/2026 13:02:22","75275","0 days, 20 hrs, 54 mins","3209.0","53 mins","5192.0","1 hrs, 26 mins","Audit 26-09 P1"
"Audit / IG / access investigation","CS1806178","Mid Yorkshire Teaching NHS Trust","5","30/06/2026 10:48:10","01/07/2026 10:24:08","84958","0 days, 23 hrs, 35 mins","","","","","FW: majxa pt's"
"DAD / HL7 / interface messaging","CS1806209","Luton And Dunstable Hospital NHS Foundation Trust","4 - Low","30/06/2026 11:01:18","08/07/2026 13:14:19","699181","8 days, 2 hrs, 13 mins","36113.0","10 hrs, 1 mins","79313.0","22 hrs, 1 mins","There is a problem with HL7 interface between Symphony luton TEST and TIE TEST"
"Performance / outage / errors","CS1806507","North Cumbria Integrated Care NHS Foundation Trust","3 - Medium","30/06/2026 14:10:02","02/07/2026 13:17:01","169619","1 days, 23 hrs, 6 mins","","","","","Symphony performance extremely slow"
"DAD / HL7 / interface messaging","CS1806557","Aneurin Bevan University Healthboard","4 - Low","30/06/2026 14:48:40","07/07/2026 09:33:20","585880","6 days, 18 hrs, 44 mins","613.0","10 mins","613.0","10 mins","Error trying to perform batch print"
"DAD / HL7 / interface messaging","CS1806923","Swansea Bay University Health Board","3 - Medium","01/07/2026 10:00:09","01/07/2026 15:56:50","21401","0 days, 5 hrs, 56 mins","21401.0","5 hrs, 56 mins","21401.0","5 hrs, 56 mins","PMI number not created for patient"
"DAD / HL7 / interface messaging","CS1807258","North West Anglia NHS Foundation Trust","3 - Medium","01/07/2026 13:21:21","01/07/2026 14:55:42","5661","0 days, 1 hrs, 34 mins","2606.0","43 mins","2606.0","43 mins","restart dad/iis/jboss"
"Audit / IG / access investigation","CS1807322","Luton And Dunstable Hospital NHS Foundation Trust","4 - Low","01/07/2026 14:28:31","09/07/2026 16:12:04","697413","8 days, 1 hrs, 43 mins","32861.0","9 hrs, 7 mins","32861.0","9 hrs, 7 mins","Luton - Query about using Majax"
"Audit / IG / access investigation","CS1807531","Norfolk and Norwich University Hospitals NHS Foundation Trust","3 - Medium","01/07/2026 18:19:34","06/07/2026 14:54:56","419722","4 days, 20 hrs, 35 mins","78896.0","21 hrs, 54 mins","419722.0","4 days, 20 hrs, 35 mins","Full Audit of access to this patients records"
"Audit / IG / access investigation","CS1807735","Northampton General Hospital NHS Trust","3 - Medium","02/07/2026 10:28:57","16/07/2026 11:34:22","1213525","14 days, 1 hrs, 5 mins","6007.0","1 hrs, 40 mins","6007.0","1 hrs, 40 mins","Historical documents not in midas folder"
"Audit / IG / access investigation","CS1807819","Northern Lincolnshire And Goole NHS Foundation Trust","3 - Medium","02/07/2026 11:09:33","",,"","","","","","Symphony DEP Config access"
"Audit / IG / access investigation","CS1807879","Bedford Hospital NHS Trust","4 - Low","02/07/2026 11:40:27","02/07/2026 15:13:01","12754","0 days, 3 hrs, 32 mins","8396.0","2 hrs, 19 mins","8396.0","2 hrs, 19 mins","Audit request"
"DAD / HL7 / interface messaging","CS1808032","Health Service Executive","3 - Medium","02/07/2026 13:19:09","03/07/2026 11:17:34","79105","0 days, 21 hrs, 58 mins","2293.0","38 mins","2293.0","38 mins","CHB ED OUT-PATIENT: is DAD running on test?"
"Audit / IG / access investigation","CS1808325","Norfolk and Norwich University Hospitals NHS Foundation Trust","4 - Low","02/07/2026 17:38:11","06/07/2026 16:57:04","343133","3 days, 23 hrs, 18 mins","57424.0","15 hrs, 57 mins","343133.0","3 days, 23 hrs, 18 mins","Audit of access to patient record, plus any & all changes made to the record"
"Performance / outage / errors","CS1808690","Northern Lincolnshire And Goole NHS Foundation Trust","3 - Medium","03/07/2026 12:42:07","06/07/2026 11:59:09","256622","2 days, 23 hrs, 17 mins","124216.0","1 days, 10 hrs, 30 mins","253816.0","2 days, 22 hrs, 30 mins","Symphony Crashed boths sites - Multiple users"
"DAD / HL7 / interface messaging","CS1808891","South Tees Hospitals NHS Foundation Trust","3 - Medium","03/07/2026 15:39:54","06/07/2026 08:15:27","232533","2 days, 16 hrs, 35 mins","","","","","Restart Required"
"DAD / HL7 / interface messaging","CS1809123","Wye Valley NHS Trust","4 - Low","06/07/2026 09:22:41","09/07/2026 08:50:20","257259","2 days, 23 hrs, 27 mins","9044.0","2 hrs, 30 mins","10285.0","2 hrs, 51 mins","TIE interface failure"
"Audit / IG / access investigation","CS1809663","North West Anglia NHS Foundation Trust","4 - Low","06/07/2026 15:53:51","07/07/2026 18:07:02","94391","1 days, 2 hrs, 13 mins","32769.0","9 hrs, 6 mins","94391.0","1 days, 2 hrs, 13 mins","Audit 26-10 P1"
"Audit / IG / access investigation","CS1809667","North West Anglia NHS Foundation Trust","4 - Low","06/07/2026 15:54:56","07/07/2026 17:02:15","90439","1 days, 1 hrs, 7 mins","32704.0","9 hrs, 5 mins","90439.0","1 days, 1 hrs, 7 mins","Audit 26-10 P2"
"Audit / IG / access investigation","CS1809668","North West Anglia NHS Foundation Trust","4 - Low","06/07/2026 15:56:02","07/07/2026 09:02:20","61578","0 days, 17 hrs, 6 mins","3978.0","1 hrs, 6 mins","61578.0","17 hrs, 6 mins","Audit 26-10 P3"
"Audit / IG / access investigation","CS1809681","North West Anglia NHS Foundation Trust","4 - Low","06/07/2026 16:04:54","07/07/2026 09:21:11","62177","0 days, 17 hrs, 16 mins","4577.0","1 hrs, 16 mins","62177.0","17 hrs, 16 mins","Audit 26-11"
"DAD / HL7 / interface messaging","CS1810209","North Cumbria Integrated Care NHS Foundation Trust","4 - Low","07/07/2026 12:58:33","15/07/2026 11:58:35","687602","7 days, 23 hrs, 0 mins","","","","","cannot launch ICE from Symphony"
"Audit / IG / access investigation","CS1810219","Bedford Hospital NHS Trust","3 - Medium","07/07/2026 13:07:32","24/07/2026 13:32:47","1470315","17 days, 0 hrs, 25 mins","99704.0","1 days, 3 hrs, 41 mins","272504.0","3 days, 3 hrs, 41 mins","Symphoney does not send document s to Viper."
"Audit / IG / access investigation","CS1810327","Norfolk and Norwich University Hospitals NHS Foundation Trust","4 - Low","07/07/2026 14:40:24","09/07/2026 16:10:21","178197","2 days, 1 hrs, 29 mins","62997.0","17 hrs, 29 mins","178197.0","2 days, 1 hrs, 29 mins","Audit of access to a patient record"
"Audit / IG / access investigation","CS1810673","Wye Valley NHS Trust","3 - Medium","08/07/2026 10:05:13","14/07/2026 15:57:27","539534","6 days, 5 hrs, 52 mins","14224.0","3 hrs, 57 mins","14224.0","3 hrs, 57 mins","Generic account has access to everything following Symphony downtime "
"DAD / HL7 / interface messaging","CS1811171","Doncaster and Bassetlaw Teaching Hospitals NHS Foundation Trust","3 - Medium","08/07/2026 17:27:31","08/07/2026 17:29:40","129","0 days, 0 hrs, 2 mins","0.0","","129.0","2 mins","Messages stuck"
"DAD / HL7 / interface messaging","CS1811205","Wye Valley NHS Trust","4 - Low","09/07/2026 07:17:39","09/07/2026 16:09:19","31900","0 days, 8 hrs, 51 mins","","","","","DAD Restart"
"Audit / IG / access investigation","CS1811318","Wye Valley NHS Trust","1 - Critical","09/07/2026 09:41:56","09/07/2026 09:48:34","398","0 days, 0 hrs, 6 mins","398.0","6 mins","398.0","6 mins","Symphony down, unable to access"
"Audit / IG / access investigation","CS1811799","South Tees Hospitals NHS Foundation Trust","3 - Medium","09/07/2026 14:59:34","10/07/2026 09:30:03","66629","0 days, 18 hrs, 30 mins","9029.0","2 hrs, 30 mins","12884.0","3 hrs, 34 mins","Location of Icons folder"
"Audit / IG / access investigation","CS1811946","Norfolk and Norwich University Hospitals NHS Foundation Trust","4 - Low","09/07/2026 18:47:18","27/07/2026 12:16:47","1531769","17 days, 17 hrs, 29 mins","124057.0","1 days, 10 hrs, 27 mins","578419.0","6 days, 16 hrs, 40 mins","internal investigation. Audit "
"Audit / IG / access investigation","CS1811956","Brighton And Sussex University Hospitals NHS Trust","3 - Medium","10/07/2026 08:10:37","10/07/2026 15:32:44","26527","0 days, 7 hrs, 22 mins","23564.0","6 hrs, 32 mins","26527.0","7 hrs, 22 mins","Audit trail of demographic changes"
"Audit / IG / access investigation","CS1812015","Norfolk and Norwich University Hospitals NHS Foundation Trust","4 - Low","10/07/2026 09:01:30","10/07/2026 16:55:32","28442","0 days, 7 hrs, 54 mins","28442.0","7 hrs, 54 mins","28442.0","7 hrs, 54 mins","patient audit"
"Audit / IG / access investigation","CS1812194","Doncaster and Bassetlaw Teaching Hospitals NHS Foundation Trust","4 - Low","10/07/2026 11:04:53","14/07/2026 14:02:37","356264","4 days, 2 hrs, 57 mins","67089.0","18 hrs, 38 mins","355089.0","4 days, 2 hrs, 38 mins","Access audit request "
"Audit / IG / access investigation","CS1812980","Mid Yorkshire Teaching NHS Trust","4 - Low","13/07/2026 12:26:00","15/07/2026 09:04:19","160699","1 days, 20 hrs, 38 mins","34141.0","9 hrs, 29 mins","91741.0","1 days, 1 hrs, 29 mins","Audit request"
"DAD / HL7 / interface messaging","CS1813197","South Tees Hospitals NHS Foundation Trust","3 - Medium","13/07/2026 16:03:30","13/07/2026 17:16:28","4378","0 days, 1 hrs, 12 mins","","","","","Restart required"
"DAD / HL7 / interface messaging","CS1813676","Leeds Teaching Hospitals NHS Trust","3 - Medium","14/07/2026 12:55:10","14/07/2026 14:37:23","6133","0 days, 1 hrs, 42 mins","2120.0","35 mins","2120.0","35 mins","DAD restart"
"DAD / HL7 / interface messaging","CS1813712","Mid Yorkshire Teaching NHS Trust","4 - Low","14/07/2026 13:23:42","14/07/2026 14:38:18","4476","0 days, 1 hrs, 14 mins","3073.0","51 mins","3073.0","51 mins","Remove DOD for patient "
"DAD / HL7 / interface messaging","CS1813916","Northern Lincolnshire And Goole NHS Foundation Trust","3 - Medium","14/07/2026 16:44:06","",,"","","","","","patient GP feeding to Symphony from Lorenzo"
"Performance / outage / errors","CS1813990","North Cumbria Integrated Care NHS Foundation Trust","3 - Medium","15/07/2026 08:38:45","",,"","","","","","HIE Viewer popping up script error"
"Performance / outage / errors","CS1814255","Norfolk and Norwich University Hospitals NHS Foundation Trust","2 - High","15/07/2026 11:34:54","16/07/2026 09:55:04","80410","0 days, 22 hrs, 20 mins","3370.0","56 mins","3370.0","56 mins","Performance Issues on Symphony DB"
"DAD / HL7 / interface messaging","CS1814607","Wye Valley NHS Trust","3 - Medium","16/07/2026 07:05:32","16/07/2026 08:35:44","5412","0 days, 1 hrs, 30 mins","","","","","DAD Restart -WVT"
"Audit / IG / access investigation","CS1815139","Northampton General Hospital NHS Trust","4 - Low","16/07/2026 11:38:31","22/07/2026 12:38:06","521975","6 days, 0 hrs, 59 mins","43827.0","12 hrs, 10 mins","101427.0","1 days, 4 hrs, 10 mins","Data finding"
"Audit / IG / access investigation","CS1815612","South Tees Hospitals NHS Foundation Trust","4 - Low","17/07/2026 09:34:48","22/07/2026 09:25:45","431457","4 days, 23 hrs, 50 mins","13209.0","3 hrs, 40 mins","70809.0","19 hrs, 40 mins","Audit data"
"Audit / IG / access investigation","CS1815613","North Cumbria Integrated Care NHS Foundation Trust","4 - Low","17/07/2026 09:35:09","17/07/2026 15:01:45","19596","0 days, 5 hrs, 26 mins","","","","","Patient Audit"
"DAD / HL7 / interface messaging","CS1816131","Doncaster and Bassetlaw Teaching Hospitals NHS Foundation Trust","3 - Medium","18/07/2026 15:43:34","18/07/2026 16:20:04","2190","0 days, 0 hrs, 36 mins","0.0","","2190.0","36 mins","Unable to register patients"
"DAD / HL7 / interface messaging","CS1816142","Wye Valley NHS Trust","2 - High","19/07/2026 20:06:25","19/07/2026 20:14:20","475","0 days, 0 hrs, 7 mins","475.0","7 mins","475.0","7 mins","Called for a dad restart"
"DAD / HL7 / interface messaging","CS1816315","Western Sussex Hospitals NHS Trust","3 - Medium","20/07/2026 10:08:14","21/07/2026 08:32:38","80664","0 days, 22 hrs, 24 mins","24706.0","6 hrs, 51 mins","80664.0","22 hrs, 24 mins","Remove ADT messages "
"Audit / IG / access investigation","CS1816521","Luton And Dunstable Hospital NHS Foundation Trust","4 - Low","20/07/2026 12:42:47","24/07/2026 13:30:51","348484","4 days, 0 hrs, 48 mins","15484.0","4 hrs, 18 mins","15484.0","4 hrs, 18 mins","URGENT - Symphony Data - Luton Live "
"Audit / IG / access investigation","CS1817246","Mid Yorkshire Teaching NHS Trust","4 - Low","21/07/2026 12:47:32","21/07/2026 18:00:31","18779","0 days, 5 hrs, 12 mins","15148.0","4 hrs, 12 mins","18779.0","5 hrs, 12 mins","Audit Request"
"Audit / IG / access investigation","CS1817247","Mid Yorkshire Teaching NHS Trust","4 - Low","21/07/2026 12:49:08","22/07/2026 15:25:22","95774","1 days, 2 hrs, 36 mins","38174.0","10 hrs, 36 mins","95774.0","1 days, 2 hrs, 36 mins","Audit Request"
"Audit / IG / access investigation","CS1817260","Mid Yorkshire Teaching NHS Trust","4 - Low","21/07/2026 13:00:57","21/07/2026 18:03:34","18157","0 days, 5 hrs, 2 mins","14343.0","3 hrs, 59 mins","18157.0","5 hrs, 2 mins","Audit Request"
"Audit / IG / access investigation","CS1817925","Cumbria Teaching PCT","4 - Low","22/07/2026 13:23:29","27/07/2026 13:43:02","433173","5 days, 0 hrs, 19 mins","","","","","Entry been deleted incorrectly"
"DAD / HL7 / interface messaging","CS1818047","Swansea Bay University Health Board","3 - Medium","22/07/2026 15:30:14","",,"","","","","","DoD flag needs to be removed from patient"
"Audit / IG / access investigation","CS1818169","Bedford Hospital NHS Trust","3 - Medium","22/07/2026 21:19:14","24/07/2026 09:14:59","129345","1 days, 11 hrs, 55 mins","18130.0","5 hrs, 2 mins","117776.0","1 days, 8 hrs, 42 mins","Bedford Symphony - No A03 sent from Symphony for patient H088173"
"Audit / IG / access investigation","CS1818953","Northern Lincolnshire And Goole NHS Foundation Trust","3 - Medium","23/07/2026 16:21:31","24/07/2026 11:04:40","67389","0 days, 18 hrs, 43 mins","24189.0","6 hrs, 43 mins","67389.0","18 hrs, 43 mins","Updated Contextual Link"
"Audit / IG / access investigation","CS1819665","Leeds Teaching Hospitals NHS Trust","2 - High","27/07/2026 09:20:09","28/07/2026 09:40:37","87628","1 days, 0 hrs, 20 mins","3946.0","1 hrs, 5 mins","3946.0","1 hrs, 5 mins","Diagnosis not working"
"Audit / IG / access investigation","CS1820102","Norfolk and Norwich University Hospitals NHS Foundation Trust","4 - Low","27/07/2026 12:53:31","28/07/2026 09:04:45","72674","0 days, 20 hrs, 11 mins","2064.0","34 mins","2064.0","34 mins","access log for a Coroner’s Inquest."
"Performance / outage / errors","CS1820146","North West Anglia NHS Foundation Trust","3 - Medium","27/07/2026 13:26:15","",,"","","","","","Unable to book Xray through Symphony users are getting errors"
"Audit / IG / access investigation","CS1820584","Isle Of Wight NHS Trust","4 - Low","28/07/2026 10:10:23","",,"","","","","","incorrectly formatted attendance message"
"Audit / IG / access investigation","CS1820586","Doncaster and Bassetlaw Teaching Hospitals NHS Foundation Trust","4 - Low","28/07/2026 10:11:31","",,"","","","","","Special Case Alert Audit"
"Audit / IG / access investigation","CS1821264","Doncaster and Bassetlaw Teaching Hospitals NHS Foundation Trust","4 - Low","29/07/2026 09:47:33","",,"","","","","","Audit Request "
"DAD / HL7 / interface messaging","CS1821439","Isle Of Wight NHS Trust","4 - Low","29/07/2026 12:11:29","",,"","","","","","Merge A40 message not processed"
"Audit / IG / access investigation","CS1821467","Leeds Teaching Hospitals NHS Trust","4 - Low","29/07/2026 12:34:19","",,"","","","","","Request for Roles and Responsibilties"
"DAD / HL7 / interface messaging","CS1821534","Aneurin Bevan University Healthboard","4 - Low","29/07/2026 13:50:10","",,"","","","","","Ptaient alert removed"
