Case Number,Short Description Summary,Trend Category,Sub-Category,Confidence,Reasoning,Manual Review Required
CS1608337,Mismatch  Wards,Unclassified,Needs Review,Low,No strong keyword match in short description/description/close notes.,Yes
CS1608756,Unable to include 'doses' as a course length in new templates,Performance & Availability,Performance,Medium,Matched token 'hang' among multiple possible matches.,No
CS1609321,Adding extra tab to epma pharmacist/technician desktop,Notifications & Communications,Email,Medium,Matched token 'email' among multiple possible matches.,No
CS1610231,"The track drug definition request edit function also doesn't work either, when pressing edit on a request it doesn't disply the pop up box correctly.",Reporting & Analytics,Reporting,Medium,Matched token 'report' among multiple possible matches.,No
CS1610682,Costing issues,Performance & Availability,Performance,Medium,Matched token 'hang' among multiple possible matches.,No
CS1610842,NGH: PAS messages to TEST Pharmacy System,Defects & Errors,Error Messages,Medium,Matched token 'error' among multiple possible matches.,No
CS1610876,PAS interface,Performance & Availability,Performance,Medium,Matched token 'hang' among multiple possible matches.,No
CS1610989,Dispensary fallback PCs still not working,Service Requests,Information Request,High,Matched token 'information' in text.,No
CS1612074,Security patch implications,Configuration & Administration,System Administration,High,Matched token 'patch' in text.,No
CS1612090,Update of the Test environment for our Pharmacy EMIS,Access & Security,User Access,Medium,Matched token 'access' among multiple possible matches.,No
CS1613436,Extra label print on stock labels,Service Requests,Information Request,High,Matched token 'information' in text.,No
CS1613452,Picking ticket incorrect from Omnicell cabinet,Configuration & Administration,System Administration,Medium,Matched token 'setting' among multiple possible matches.,No
CS1613750,PAR report,Configuration & Administration,Configuration Change,Medium,Matched token 'config' among multiple possible matches.,No
CS1613845,MAR chart configuration,Configuration & Administration,Configuration Change,Medium,Matched token 'config' among multiple possible matches.,No
CS1613855,Server error when linking prescription,Defects & Errors,Error Messages,Medium,Matched token 'error' among multiple possible matches.,No
CS1613865,Two separate orders given same order number,Data Management,Data Correction,Medium,Matched token 'duplicate' among multiple possible matches.,No
CS1614036,Disabling TLS Servers,Performance & Availability,Performance,Medium,Matched token 'hang' among multiple possible matches.,No
CS1614297,Issue with Buprenorphine Controlled Drug Supply Request.,Performance & Availability,Performance,Medium,Matched token 'hang' among multiple possible matches.,No
CS1614301,Unable to see Overdue Dose(s),Unclassified,Needs Review,Low,No strong keyword match in short description/description/close notes.,Yes
CS1614336,Adding dispensing type,Performance & Availability,Performance,Medium,Matched token 'hang' among multiple possible matches.,No
CS1614456,Training Environment Event Engine not working,Defects & Errors,Error Messages,Medium,Matched token 'error' among multiple possible matches.,No
CS1614566,#949669 Question to Optum - Next dose behaviour,Performance & Availability,Availability,Medium,Matched token 'down' among multiple possible matches.,No
CS1615011,Query - ODS Code usage within system,Performance & Availability,Performance,Medium,Matched token 'hang' among multiple possible matches.,No
CS1615307,EDI Medecator import support,Configuration & Administration,System Administration,Medium,Matched token 'setting' among multiple possible matches.,No
CS1615371,Live Event Engine - Monitoring,Performance & Availability,Performance,Medium,Matched token 'hang' among multiple possible matches.,No
CS1615460,Pre-pack or TTO labels,Performance & Availability,Performance,Medium,Matched token 'hang' among multiple possible matches.,No
CS1615828,Invoice passed stuck in exception,Defects & Errors,Error Messages,Medium,Matched token 'exception' among multiple possible matches.,No
CS1615872,Add MDS as an item with a cost of £0.00,Unclassified,Needs Review,Low,No strong keyword match in short description/description/close notes.,Yes
CS1615874,"EMIS Pharmacy went down sudenly @ 14:30hrs, can you see a reason why?",Performance & Availability,Availability,High,Matched token 'down' in text.,No
CS1616158,Urgent - performance issues,Performance & Availability,Performance,Medium,Matched token 'unrespons' among multiple possible matches.,No
CS1616455,Business Continuty devices not reporting following SQL hotfix,Reporting & Analytics,Reporting,Medium,Matched token 'report' among multiple possible matches.,No
CS1617195,Pricing issues,Performance & Availability,Performance,Medium,Matched token 'hang' among multiple possible matches.,No
CS1617700,Nurse supply request didn't appear on NSR worklist,Access & Security,User Access,Medium,Matched token 'access' among multiple possible matches.,No
CS1617707,dispensing over ride,Performance & Availability,Performance,Medium,Matched token 'hang' among multiple possible matches.,No
CS1617860,Email Alert - Queue has exceeded 100 messages,Notifications & Communications,Email,Medium,Matched token 'email' among multiple possible matches.,No
CS1617989,Unable to dispense on Standalone app on PC HIS531333,Access & Security,User Access,Medium,Matched token 'access' among multiple possible matches.,No
CS1618193,Remove terminal from robot database - follow on from CS1618105,Performance & Availability,Performance,Medium,Matched token 'slow' among multiple possible matches.,No
CS1618406,Email- Queue has exceeded 100 messages,Notifications & Communications,Email,High,Matched token 'email' in text.,No
CS1618423,No direction and product name on the label,Reporting & Analytics,Reporting,Medium,Matched token 'report' among multiple possible matches.,No
CS1618518,Removal of overdue dose prompt,Notifications & Communications,Email,High,Matched token 'email' in text.,No
CS1618520,EMIS SPEED AND LOG ON,Performance & Availability,Performance,Medium,Matched token 'slow' among multiple possible matches.,No
CS1618535,DSS request not loading,Service Requests,New Request,Medium,Matched token 'request' among multiple possible matches.,No
CS1618542,Ascribe databases old server,Reporting & Analytics,Reporting,Medium,Matched token 'report' among multiple possible matches.,No
CS1618617,unable to add new product,Configuration & Administration,System Administration,High,Matched token 'setting' in text.,No
CS1618631,Unable to change and then save changes to stock lists,Access & Security,User Access,Medium,Matched token 'access' among multiple possible matches.,No
CS1618726,Add device to robot database,Integration & Interfaces,Third-Party Systems,Medium,Matched token 'robot' among multiple possible matches.,No
CS1618822,TIE Out Transmit Queue has exceeded 100 messages,Unclassified,Needs Review,Low,No strong keyword match in short description/description/close notes.,Yes
CS1618842,Missing information,Service Requests,Information Request,High,Matched token 'information' in text.,No
CS1618845,Unsure if new product request form via Data Service Update has been received,Performance & Availability,Performance,Medium,Matched token 'hang' among multiple possible matches.,No
CS1618898,(on call) EIE feed,Performance & Availability,Availability,Medium,Matched token 'down' among multiple possible matches.,No
CS1619073,TGH-EPMA-SQL Interface - No Activity For Over 30 minutes,Integration & Interfaces,Integration Failure,Medium,Matched token 'interface' among multiple possible matches.,No
CS1619380,Removal of overdue dose prompts,Notifications & Communications,Email,High,Matched token 'email' in text.,No
CS1619635,Patient not appearing when searching,Service Requests,Information Request,High,Matched token 'information' in text.,No
CS1619657,Reprint Files,Unclassified,Needs Review,Low,No strong keyword match in short description/description/close notes.,Yes
CS1619690,Copy of product DVT560M not saving,Performance & Availability,Performance,Medium,Matched token 'hang' among multiple possible matches.,No
CS1620095,Unable to add drug from master file,Case Administration,Closure Management,High,Matched token 'cancel' in text.,No
CS1620128,Incorrect link in Penicillin Allergy,Performance & Availability,Performance,Medium,Matched token 'hang' among multiple possible matches.,No
CS1620148,Message when discontinuing medication,Configuration & Administration,System Administration,High,Matched token 'setting' in text.,No
CS1620247,Print History not loading,Reporting & Analytics,Reporting,Medium,Matched token 'report' among multiple possible matches.,No
CS1620344,Unable to log into old EMIS software,Access & Security,User Access,Medium,Matched token 'access' among multiple possible matches.,No
CS1620919,I have some business continuity laptops that aren't logging in to standalone ascribe.,Access & Security,User Access,Medium,Matched token 'access' among multiple possible matches.,No
CS1620948,SQL Server Reports Issue generating outstanding order reports,Access & Security,User Access,Medium,Matched token 'access' among multiple possible matches.,No
CS1621020,LIVE 10.21 - BD Robot Query in regards to New PIC-Lite PC,Configuration & Administration,System Administration,Medium,Matched token 'setting' among multiple possible matches.,No
CS1621121,Penicillamine/penicillin view order in alergy list,Performance & Availability,Performance,Medium,Matched token 'hang' among multiple possible matches.,No
CS1621315,Patient showing in clinical desktop when discharged,Service Requests,New Request,Medium,Matched token 'request' among multiple possible matches.,No
CS1621435,PIC Ready in Testing,Performance & Availability,Performance,Medium,Matched token 'hang' among multiple possible matches.,No
CS1621560,Plastic bottle 32ml & 66ml,Unclassified,Needs Review,Low,No strong keyword match in short description/description/close notes.,Yes
CS1621821,Old Lloyds store,Reporting & Analytics,Reporting,High,Matched token 'report' in text.,No
CS1622050,A number of staff and areas are reporting logon performance issues,Access & Security,Authentication,Medium,Matched token 'login' among multiple possible matches.,No
CS1622137,Ascribe Smartclient BAT File,Notifications & Communications,Alerts,High,Matched token 'alert' in text.,No
CS1622519,RE: Cloud Migration - Ascribe IE Connectivity and mTLS support,Integration & Interfaces,Integration Failure,Medium,Matched token 'integration' among multiple possible matches.,No
CS1622546,Supply Request from Pharmacy Completed not updated,Service Requests,New Request,High,Matched token 'request' in text.,No
CS1622553,Appointment episodes not coming through to EMIS from PAS.,Reporting & Analytics,Reporting,Medium,Matched token 'report' among multiple possible matches.,No
CS1622572,Stuck line on clinical checking desktop,Workflow & Process,Workflow Issue,High,Matched token 'stuck' in text.,No
CS1622804,Unable to access perscribing,Access & Security,User Access,Medium,Matched token 'access' among multiple possible matches.,No
CS1622813,Contracts not terminating,Data Management,Data Recovery,High,Matched token 'deleted' in text.,No
CS1622895,Losses and Gains,Performance & Availability,Performance,Medium,Matched token 'hang' among multiple possible matches.,No
CS1622906,Increase characters in the Comments freetext box to 1000 characters,Performance & Availability,Performance,Medium,Matched token 'hang' among multiple possible matches.,No
CS1622978,Stock Takes,Unclassified,Needs Review,Low,No strong keyword match in short description/description/close notes.,Yes
CS1623088,Order raised - visible on logview but hasn't created an order to book in,Defects & Errors,Error Messages,Medium,Matched token 'error' among multiple possible matches.,No
CS1623518,Missing items,Access & Security,User Access,Medium,Matched token 'access' among multiple possible matches.,No
CS1623540,Incorrect display of patient on eMM Clinical Checking list,Performance & Availability,Performance,Medium,Matched token 'hang' among multiple possible matches.,No
CS1623667,Unable to save supplier after editing,Performance & Availability,Performance,Medium,Matched token 'hang' among multiple possible matches.,No
CS1623872,Sever alert errors,Access & Security,User Access,Medium,Matched token 'permission' among multiple possible matches.,No
CS1623875,PAS Interface,Integration & Interfaces,Integration Failure,High,Matched token 'interface' in text.,No
CS1623967,[The job failed.] SQL Server Job System: 'ASC_BI_Pharmacy_Overnight_Job',Unclassified,Needs Review,Low,No strong keyword match in short description/description/close notes.,Yes
CS1624079,Request to re-open PRB0052508,Reporting & Analytics,Reporting,Medium,Matched token 'report' among multiple possible matches.,No
CS1624090,Orders,Performance & Availability,Performance,Medium,Matched token 'hang' among multiple possible matches.,No
CS1624118,Price amend for NSV-DVU779J,Service Requests,New Request,High,Matched token 'request' in text.,No
CS1624153,TIE Out Transmit Queue has exceeded 100 messages,Integration & Interfaces,Integration Failure,High,Matched token 'interface' in text.,No
CS1624279,Live 10.21 - Duplicate Order Number for Two different order types,Data Management,Data Correction,Medium,Matched token 'duplicate' among multiple possible matches.,No
CS1624287,Transferring information from Emis to Pyxis,Defects & Errors,Error Messages,Medium,Matched token 'error' among multiple possible matches.,No
CS1624297,multifactor authentication,Access & Security,Authentication,High,Matched token 'mfa' in text.,No
CS1624372,new Asset,Configuration & Administration,System Administration,Medium,Matched token 'setting' among multiple possible matches.,No
CS1624446,Fw: Case CS1618865 solution proposed - Reminder,Performance & Availability,Performance,Medium,Matched token 'hang' among multiple possible matches.,No
CS1624536,certificate expiring,Performance & Availability,Performance,Medium,Matched token 'hang' among multiple possible matches.,No
CS1624547,Terminal not connected,Integration & Interfaces,Third-Party Systems,Medium,Matched token 'robot' among multiple possible matches.,No
CS1624626,eMM dispensing site showing medication from all episodes,Unclassified,Needs Review,Low,No strong keyword match in short description/description/close notes.,Yes
CS1624668,FW: SSMS Update required - urgent,Access & Security,Authentication,Medium,Matched token 'login' among multiple possible matches.,No
CS1624684,unable to save product editor,Performance & Availability,Performance,Medium,Matched token 'hang' among multiple possible matches.,No
CS1624715,East Lancashire (130011) InboundMessage Queue has exceeded 100 messages,Performance & Availability,Availability,Medium,Matched token 'down' among multiple possible matches.,No
CS1624805,HTML Not Displaying After Awhile,Defects & Errors,Error Messages,Medium,Matched token 'error' among multiple possible matches.,No
CS1624875,10.23 Testing and Training environment issues.,Access & Security,Authentication,Medium,Matched token 'password' among multiple possible matches.,No
CS1624877,Inbound Message Queue has exceeded 100 messages,Performance & Availability,Availability,Medium,Matched token 'down' among multiple possible matches.,No
CS1624901,RE: Rifinah 300/150 caps,Performance & Availability,Performance,Medium,Matched token 'hang' among multiple possible matches.,No
CS1624954,DMD codes,Access & Security,User Access,Medium,Matched token 'access' among multiple possible matches.,No
CS1625014,Duplicate lines,Data Management,Data Correction,High,Matched token 'duplicate' in text.,No
CS1625151,Process Expired Items Engine keeps failing,Defects & Errors,Error Messages,Medium,Matched token 'error' among multiple possible matches.,No
CS1625210,Berkshire daily check,Integration & Interfaces,Integration Failure,High,Matched token 'interface' in text.,No
CS1625348,Robot Link for new PC,Integration & Interfaces,Third-Party Systems,High,Matched token 'robot' in text.,No
CS1625353,Berkshire Daily check,Integration & Interfaces,Integration Failure,High,Matched token 'interface' in text.,No
CS1625435,LIVE 10.21 - S02-Pharmdb01 D Drive Full,Data Management,Data Recovery,Medium,Matched token 'deleted' among multiple possible matches.,No
CS1625476,Building BC Laptop on pure Entra Win 11,Access & Security,User Access,Medium,Matched token 'access' among multiple possible matches.,No
CS1625660,[The job failed.] SQL Server Job System: 'ASC_BI_Pharmacy_Overnight_Job',Unclassified,Needs Review,Low,No strong keyword match in short description/description/close notes.,Yes
CS1625730,Genfin export not working,Defects & Errors,Error Messages,Medium,Matched token 'error' among multiple possible matches.,No
CS1625736,Can you please overwrite a locked patient. The user was editing Pregabalin,Unclassified,Needs Review,Low,No strong keyword match in short description/description/close notes.,Yes
CS1625902,Terminal Robot Connection,Access & Security,User Access,Medium,Matched token 'access' among multiple possible matches.,No
CS1626009,Stock take,Access & Security,Audit & Compliance,Medium,Matched token 'audit' among multiple possible matches.,No
CS1626027,[The job failed.] SQL Server Job System: 'ASC_BI_Pharmacy_Overnight_Job',Unclassified,Needs Review,Low,No strong keyword match in short description/description/close notes.,Yes
CS1626095,TIE Out Transmit Queue has exceeded 100 messages,Integration & Interfaces,Integration Failure,High,Matched token 'interface' in text.,No
CS1626331,EPMA running exceptionally slowly,Access & Security,User Access,Medium,Matched token 'access' among multiple possible matches.,No
CS1626475,Cannot proceed in DSS drug definition request,Service Requests,New Request,Medium,Matched token 'request' among multiple possible matches.,No
CS1626547,Oxycodone stock level issue,Unclassified,Needs Review,Low,No strong keyword match in short description/description/close notes.,Yes
CS1626617,windows 11 roll out,Performance & Availability,Performance,Medium,Matched token 'hang' among multiple possible matches.,No
CS1626728,Genfin,Access & Security,User Access,Medium,Matched token 'access' among multiple possible matches.,No
CS1626915,Fw: Case CS1624536 solution proposed - Reminder,Performance & Availability,Performance,Medium,Matched token 'hang' among multiple possible matches.,No
CS1626980,HL7 messages to ePMA Test,Integration & Interfaces,Integration Failure,Medium,Matched token 'interface' among multiple possible matches.,No
CS1626991,Amend supplier details,Service Requests,Information Request,High,Matched token 'information' in text.,No
CS1626996,Performance Issues on Pharmacy Ascribe System between 5pm and 7pm,Access & Security,User Access,Medium,Matched token 'access' among multiple possible matches.,No
CS1627092,Data not refreshing,Performance & Availability,Performance,Medium,Matched token 'hang' among multiple possible matches.,No
CS1627105,GL Genfin Report,Reporting & Analytics,Reporting,Medium,Matched token 'report' among multiple possible matches.,No
CS1627240,The PAS interface has stopped and messages are queuing,Integration & Interfaces,Integration Failure,High,Matched token 'interface' in text.,No
CS1627329,TIE/EIE interface,Integration & Interfaces,Integration Failure,High,Matched token 'interface' in text.,No
CS1627344,LIVE 10.21 - Issue with External Printing - PDF,Performance & Availability,Performance,Medium,Matched token 'timeout' among multiple possible matches.,No
CS1627383,Patient Labels,Performance & Availability,Performance,Medium,Matched token 'hang' among multiple possible matches.,No
CS1627409,Question: Tasks,Performance & Availability,Performance,Medium,Matched token 'hang' among multiple possible matches.,No
CS1627424,Pharmacy Finance issues,Defects & Errors,Error Messages,Medium,Matched token 'error' among multiple possible matches.,No
CS1627591,Prescriptions Not Showing on Dispensary Desktop,Unclassified,Needs Review,Low,No strong keyword match in short description/description/close notes.,Yes
CS1627642,TIE Out Transmit Queue has exceeded 100 messages,Integration & Interfaces,Integration Failure,High,Matched token 'interface' in text.,No
CS1627683,ePMA Training server unable to run drug run - Causing critical errors,Access & Security,Authentication,Medium,Matched token 'login' among multiple possible matches.,No
CS1627723,Order Reprints Error,Defects & Errors,Error Messages,High,Matched token 'error' in text.,No
CS1627908,Medication locked by user,Unclassified,Needs Review,Low,No strong keyword match in short description/description/close notes.,Yes
CS1628196,New Assets,Performance & Availability,Performance,Medium,Matched token 'hang' among multiple possible matches.,No
CS1628226,Interface connection down,Performance & Availability,Availability,Medium,Matched token 'down' among multiple possible matches.,No
CS1628439,Stock take,Unclassified,Needs Review,Low,No strong keyword match in short description/description/close notes.,Yes
CS1628615,MSSQL temp drive full,Performance & Availability,Availability,Medium,Matched token 'down' among multiple possible matches.,No
CS1628736,Order Set only saving as transcription,Access & Security,User Access,Medium,Matched token 'permission' among multiple possible matches.,No
CS1628807,Restart PAS interface,Integration & Interfaces,Integration Failure,High,Matched token 'interface' in text.,No
CS1628931,Outstanding batch numbers.,Unclassified,Needs Review,Low,No strong keyword match in short description/description/close notes.,Yes
CS1629071,Email-inboundMessage Queue has exceeded,Workflow & Process,Workflow Issue,Medium,Matched token 'stuck' among multiple possible matches.,No
CS1629087,Lock drug (Lantus) for a patient in Laurel ward.,Unclassified,Needs Review,Low,No strong keyword match in short description/description/close notes.,Yes
CS1629094,Two invoices showing in month '202601',Access & Security,Audit & Compliance,Medium,Matched token 'audit' among multiple possible matches.,No
CS1629105,Missing snapshot dates from Stock Valuation Report and Summary,Reporting & Analytics,Reporting,High,Matched token 'report' in text.,No
CS1629231,New Hospital Numbers,Performance & Availability,Performance,Medium,Matched token 'hang' among multiple possible matches.,No
CS1629341,Unable to Edit supplier,Defects & Errors,Error Messages,High,Matched token 'error' in text.,No
CS1629348,System.Int32 error,Access & Security,User Access,Medium,Matched token 'access' among multiple possible matches.,No
CS1629363,EMIS Certificate,Unclassified,Needs Review,Low,No strong keyword match in short description/description/close notes.,Yes
CS1629380,System concurrent users - log in times etc,Reporting & Analytics,Reporting,Medium,Matched token 'report' among multiple possible matches.,No
CS1629416,Pharmacy system slow,Performance & Availability,Performance,High,Matched token 'slow' in text.,No
CS1629431,PSO to be deleted,Defects & Errors,Error Messages,Medium,Matched token 'error' among multiple possible matches.,No
CS1629594,invoices stuck in exception,Defects & Errors,Error Messages,Medium,Matched token 'exception' among multiple possible matches.,No
CS1629762,Invoice reconciled not uploaded to GENFIN,Defects & Errors,Error Messages,Medium,Matched token 'exception' among multiple possible matches.,No
CS1629771,stuck In exception.,Defects & Errors,Error Messages,Medium,Matched token 'exception' among multiple possible matches.,No
CS1629776,Report not running on a Wednesday again,Configuration & Administration,Configuration Change,Medium,Matched token 'config' among multiple possible matches.,No
CS1629798,TIE Out Transmit Queue has exceeded 100 messages,Integration & Interfaces,Integration Failure,High,Matched token 'interface' in text.,No
CS1629850,Changing Passwords for AscribeSupport and AscribeService accounts,Access & Security,User Access,Medium,Matched token 'permission' among multiple possible matches.,No
CS1629893,Ward location not printing delivery notes,Performance & Availability,Availability,Medium,Matched token 'not available' among multiple possible matches.,No
CS1629969,Remove / cancel discharge from the discharge list without discharging patient.,Performance & Availability,Performance,Medium,Matched token 'hang' among multiple possible matches.,No
CS1629990,Cursor issue leading to issues and errors.,Performance & Availability,Availability,Medium,Matched token 'down' among multiple possible matches.,No
CS1629997,Release notes for 10.23,Performance & Availability,Availability,High,Matched token 'down' in text.,No
CS1630033,Win 11 Compatibility,Unclassified,Needs Review,Low,No strong keyword match in short description/description/close notes.,Yes
CS1630067,Log file viewer  / PMR issue.,Defects & Errors,Error Messages,Medium,Matched token 'error' among multiple possible matches.,No
CS1630106,TIE Out Transmit Queue has exceeded 100 messages,Integration & Interfaces,Integration Failure,High,Matched token 'interface' in text.,No
CS1630192,Processing invoices,Reporting & Analytics,Reporting,Medium,Matched token 'report' among multiple possible matches.,No
CS1630201,HRI Stores Pharmacy supplier editor (680),Unclassified,Needs Review,Low,No strong keyword match in short description/description/close notes.,Yes
CS1630303,[The job failed.] SQL Server Job System: 'ePMA Reporting 10.22',Reporting & Analytics,Reporting,High,Matched token 'report' in text.,No
CS1630420,Remove the oral route from injectable prescription types,Performance & Availability,Performance,Medium,Matched token 'hang' among multiple possible matches.,No
CS1630438,"EPMA connection and network issues, Error: Cannot reach this Page.",Performance & Availability,Availability,Medium,Matched token 'down' among multiple possible matches.,No
CS1630462,Patients not appearing on Ascribe,Integration & Interfaces,Integration Failure,High,Matched token 'interface' in text.,No
CS1630510,"I have forgeten my security word, please reset",Unclassified,Needs Review,Low,No strong keyword match in short description/description/close notes.,Yes
CS1630631,System outage STAS522,Performance & Availability,Availability,Medium,Matched token 'outage' among multiple possible matches.,No
CS1630694,DSS on the web is not working,Notifications & Communications,Email,High,Matched token 'email' in text.,No
CS1630717,error,Performance & Availability,Performance,Medium,Matched token 'hang' among multiple possible matches.,No
CS1630737,EIE interface to CAMIS,Performance & Availability,Availability,Medium,Matched token 'down' among multiple possible matches.,No
CS1630744,EMIS is running very slow,Performance & Availability,Performance,High,Matched token 'slow' in text.,No
CS1630831,MS SQL Server Management Studio on EMIS Pharmacy servers at CNWL,Access & Security,User Access,Medium,Matched token 'access' among multiple possible matches.,No
CS1630846,drug chart not printing,Unclassified,Needs Review,Low,No strong keyword match in short description/description/close notes.,Yes
CS1630906,10.21 LIVE - Picking Tickets Defaulting to User Who is Off,Integration & Interfaces,Third-Party Systems,High,Matched token 'pic' in text.,No
CS1630950,Unable to access UAT,Access & Security,User Access,Medium,Matched token 'access' among multiple possible matches.,No
CS1631003,Change report-time out error,Performance & Availability,Performance,Medium,Matched token 'hang' among multiple possible matches.,No
CS1631073,3 standalone machines have not updated,Unclassified,Needs Review,Low,No strong keyword match in short description/description/close notes.,Yes
CS1631088,Stock list not saving,Performance & Availability,Performance,Medium,Matched token 'hang' among multiple possible matches.,No
CS1631122,Unable to dispense,Performance & Availability,Performance,Medium,Matched token 'hang' among multiple possible matches.,No
CS1631145,case number CS1593294,Performance & Availability,Availability,Medium,Matched token 'down' among multiple possible matches.,No
CS1631232,Berkshire Daily checks,Integration & Interfaces,Integration Failure,High,Matched token 'interface' in text.,No
CS1631320,Dose scheduler issue,Access & Security,Audit & Compliance,Medium,Matched token 'audit' among multiple possible matches.,No
CS1631445,Salford Servers SRHTPHARMAPP and SRHTPHARMAPP2 are being decommisioned,Access & Security,User Access,Medium,Matched token 'access' among multiple possible matches.,No
CS1631488,Merge patient hospital numbers,Unclassified,Needs Review,Low,No strong keyword match in short description/description/close notes.,Yes
CS1631752,Unable to administer (again),Performance & Availability,Availability,Medium,Matched token 'not available' among multiple possible matches.,No
CS1631770,[The job failed.] SQL Server Job System: 'EHSC_StandAlone',Unclassified,Needs Review,Low,No strong keyword match in short description/description/close notes.,Yes
CS1631821,What is the URL of the standalone app?,Service Requests,Information Request,High,Matched token 'information' in text.,No
CS1631860,Unable to specify time when prescribing PRN,Integration & Interfaces,Third-Party Systems,Medium,Matched token 'pic' among multiple possible matches.,No
CS1631897,Berkshire Daily checks,Integration & Interfaces,Integration Failure,High,Matched token 'interface' in text.,No
CS1632028,Inbound Message Queue has exceeded 100 messages,Integration & Interfaces,Integration Failure,High,Matched token 'interface' in text.,No
CS1632043,files on the training system,User Guidance & Training,Training,High,Matched token 'training' in text.,No
CS1632076,PAS interface,Performance & Availability,Availability,Medium,Matched token 'down' among multiple possible matches.,No
CS1632171,Chlorhexidine Label,Performance & Availability,Availability,Medium,Matched token 'down' among multiple possible matches.,No
CS1632245,Removal of old batch tracking records,Unclassified,Needs Review,Low,No strong keyword match in short description/description/close notes.,Yes
CS1632301,Unable to zero losses and gains for a product with no stock,Performance & Availability,Performance,Medium,Matched token 'hang' among multiple possible matches.,No
CS1632320,Patient Merge,Unclassified,Needs Review,Low,No strong keyword match in short description/description/close notes.,Yes
CS1632648,Possible to have Show Closed Episodes ticked by default?,Configuration & Administration,System Administration,Medium,Matched token 'setting' among multiple possible matches.,No
CS1632659,Unable to load nurse orders for cardiology ward,Performance & Availability,Performance,Medium,Matched token 'hang' among multiple possible matches.,No
CS1632676,Drug Chart - Query,Performance & Availability,Availability,Medium,Matched token 'down' among multiple possible matches.,No
CS1632708,Berkshire Daily checks,Integration & Interfaces,Integration Failure,High,Matched token 'interface' in text.,No
CS1632719,Changeover of Trust PAS/EPR System,Access & Security,User Access,Medium,Matched token 'access' among multiple possible matches.,No
CS1632990,New Asset - RJE002548,Integration & Interfaces,Third-Party Systems,High,Matched token 'robot' in text.,No
CS1633015,"forgotten my security word, can you please resend?",Unclassified,Needs Review,Low,No strong keyword match in short description/description/close notes.,Yes
CS1633094,Delivery Note Setup,Performance & Availability,Performance,Medium,Matched token 'hang' among multiple possible matches.,No
CS1633220,Removal of Unused Terminal,Unclassified,Needs Review,Low,No strong keyword match in short description/description/close notes.,Yes
CS1633301,Extra labels and free format labels,Performance & Availability,Performance,Medium,Matched token 'hang' among multiple possible matches.,No
CS1633335,Nurse supply request stack trace error,Performance & Availability,Availability,Medium,Matched token 'down' among multiple possible matches.,No
CS1633339,ADL092C - Stores drug description potentially contains extra line,Reporting & Analytics,Reporting,High,Matched token 'report' in text.,No
CS1633371,Label Types and Kind Value,Reporting & Analytics,Reporting,Medium,Matched token 'report' among multiple possible matches.,No
CS1633382,Unable to add warning code to a drug file,Access & Security,User Access,Medium,Matched token 'access' among multiple possible matches.,No
CS1633449,Berkshire Daily checks,Integration & Interfaces,Integration Failure,High,Matched token 'interface' in text.,No
CS1633488,Add new PC,Integration & Interfaces,Third-Party Systems,High,Matched token 'robot' in text.,No
CS1633645,Refresh connection to TIE at ESHT,Unclassified,Needs Review,Low,No strong keyword match in short description/description/close notes.,Yes
CS1633649,Two discontinued meds won't disappear from drug chart,Defects & Errors,Error Messages,High,Matched token 'error' in text.,No
CS1633682,Quote for a dispensing label printer,Unclassified,Needs Review,Low,No strong keyword match in short description/description/close notes.,Yes
CS1633780,Nurse Admin Error,Access & Security,Audit & Compliance,Medium,Matched token 'audit' among multiple possible matches.,No
CS1633823,Potential locked invoices,Service Requests,New Request,High,Matched token 'request' in text.,No
CS1633854,System.Int32 error again,Access & Security,User Access,Medium,Matched token 'permission' among multiple possible matches.,No
CS1633859,Unable to edit patient details,Defects & Errors,Error Messages,High,Matched token 'error' in text.,No
CS1633930,Lorazepam regular locked,Unclassified,Needs Review,Low,No strong keyword match in short description/description/close notes.,Yes
CS1634062,[The job failed.] SQL Server Job System: 'EHSC_StandAlone',Unclassified,Needs Review,Low,No strong keyword match in short description/description/close notes.,Yes
CS1634341,TEST Optum client active in ward,Case Administration,Closure Management,High,Matched token 'cancel' in text.,No
CS1634363,Not able to print picking tickets/delivery notes,Integration & Interfaces,Third-Party Systems,High,Matched token 'pic' in text.,No
CS1634376,Unable to change printer on a desktop terminal.,Performance & Availability,Performance,Medium,Matched token 'hang' among multiple possible matches.,No
CS1634393,Berkshire Daily checks,Integration & Interfaces,Integration Failure,High,Matched token 'interface' in text.,No
CS1634405,Invoice passed not exported to genfin. Possible stuck in exception?,Defects & Errors,Error Messages,Medium,Matched token 'exception' among multiple possible matches.,No
CS1634451,Request to remove patient data from the UAT environment.,Integration & Interfaces,Integration Failure,Medium,Matched token 'interface' among multiple possible matches.,No
CS1634478,In reference to CS1632245,Unclassified,Needs Review,Low,No strong keyword match in short description/description/close notes.,Yes
CS1634601,Oncall- Reset Password,Access & Security,Authentication,Medium,Matched token 'password' among multiple possible matches.,No
CS1634612,Berkshire Daily check,Integration & Interfaces,Integration Failure,Medium,Matched token 'interface' among multiple possible matches.,No
CS1634639,Oncall - Nurse supply request error,Performance & Availability,Availability,Medium,Matched token 'down' among multiple possible matches.,No
CS1634646,Berkshire daily checks,Integration & Interfaces,Integration Failure,High,Matched token 'interface' in text.,No
CS1634648,Oncall -Nurse supply request not working,Data Management,Data Correction,Medium,Matched token 'duplicate' among multiple possible matches.,No
CS1634812,Untick Force Password Change Box,Access & Security,Authentication,Medium,Matched token 'password' among multiple possible matches.,No
CS1634862,New assets to be added,Integration & Interfaces,Integration Failure,Medium,Matched token 'interface' among multiple possible matches.,No
CS1634887,Unable to log in to derriford testing environment,Access & Security,Authentication,Medium,Matched token 'password' among multiple possible matches.,No
CS1634901,Primary keys,Access & Security,User Access,Medium,Matched token 'access' among multiple possible matches.,No
CS1634951,Cannot 'Copy Existing' product,Performance & Availability,Performance,Medium,Matched token 'hang' among multiple possible matches.,No
CS1635056,Berkshire App/EIE Daily Checks,Integration & Interfaces,Integration Failure,High,Matched token 'interface' in text.,No
CS1635071,Unable to specify number of doses in a template,Performance & Availability,Performance,Medium,Matched token 'hang' among multiple possible matches.,No
CS1635088,ePMA event engine control panel,Defects & Errors,Error Messages,Medium,Matched token 'error' among multiple possible matches.,No
CS1635175,CS1589121/PRB0051013,Service Requests,New Request,High,Matched token 'request' in text.,No
CS1635239,Printing Drug Chart,Service Requests,New Request,Medium,Matched token 'request' among multiple possible matches.,No
CS1635245,BCPC HIS518869 stopped synching this morning,Unclassified,Needs Review,Low,No strong keyword match in short description/description/close notes.,Yes
CS1635252,'Ward Stock' button not functioning correctly,Performance & Availability,Performance,Medium,Matched token 'hang' among multiple possible matches.,No
CS1635279,Final discharge wont load - stack trace error,Defects & Errors,Error Messages,High,Matched token 'error' in text.,No
CS1635410,Cautionary and Advisory Labels,Service Requests,New Request,Medium,Matched token 'request' among multiple possible matches.,No
CS1635430,Faulty PAR function,Performance & Availability,Performance,Medium,Matched token 'hang' among multiple possible matches.,No
CS1635436,Unable to access system - all users,Access & Security,User Access,Medium,Matched token 'access' among multiple possible matches.,No
CS1635566,EVENT Engine - Critical log,Defects & Errors,Error Messages,Medium,Matched token 'error' among multiple possible matches.,No
CS1635691,Outstanding order amount missing on receive PSO screen,Unclassified,Needs Review,Low,No strong keyword match in short description/description/close notes.,Yes
CS1635733,Zuclopenthixol Decanoate locked,Unclassified,Needs Review,Low,No strong keyword match in short description/description/close notes.,Yes
CS1635770,Genfin AP output,Performance & Availability,Performance,Medium,Matched token 'hang' among multiple possible matches.,No
CS1635834,Berkshire App/EIE Daily Checks,Integration & Interfaces,Integration Failure,High,Matched token 'interface' in text.,No
CS1635912,Stores Automatic Orders performance issues.,Performance & Availability,Performance,High,Matched token 'slow' in text.,No
CS1635948,Patient name not on Discharge letter,Unclassified,Needs Review,Low,No strong keyword match in short description/description/close notes.,Yes
CS1636373,Locked prescribed Item,User Guidance & Training,How-To Request,High,Matched token 'how to' in text.,No
CS1636532,Epam down,Performance & Availability,Availability,Medium,Matched token 'down' among multiple possible matches.,No
CS1636540,Loss of ROWA connection when dispensing.,Defects & Errors,Error Messages,Medium,Matched token 'error' among multiple possible matches.,No
CS1636610,Interface connection is down,Performance & Availability,Availability,Medium,Matched token 'down' among multiple possible matches.,No
CS1636622,Berkshire App/EIE Daily Checks,Integration & Interfaces,Integration Failure,High,Matched token 'interface' in text.,No
CS1636653,PAS Queue buliding,Notifications & Communications,Email,Medium,Matched token 'email' among multiple possible matches.,No
CS1636791,Limited functions for users.,Access & Security,User Access,High,Matched token 'access' in text.,No
CS1637044,Nurse supply request is down,Performance & Availability,Availability,Medium,Matched token 'down' among multiple possible matches.,No
CS1637082,Disabling TLS Servers,Access & Security,Authentication,Medium,Matched token 'login' among multiple possible matches.,No
CS1637256,Unable to dispense,Access & Security,User Access,Medium,Matched token 'access' among multiple possible matches.,No
CS1637305,Slow to open patient record on dispensing desktops,Access & Security,Authentication,Medium,Matched token 'login' among multiple possible matches.,No
CS1637332,Error code upon action,Defects & Errors,Error Messages,Medium,Matched token 'error' among multiple possible matches.,No
CS1637364,Cerner-Optum interface issue,Defects & Errors,Error Messages,Medium,Matched token 'error' among multiple possible matches.,No
CS1637369,Error Message,Defects & Errors,Error Messages,High,Matched token 'error' in text.,No
CS1637448,Reprint Files,Unclassified,Needs Review,Low,No strong keyword match in short description/description/close notes.,Yes
CS1637461,Berkshire App/EIE Daily Checks,Integration & Interfaces,Integration Failure,High,Matched token 'interface' in text.,No
CS1637674,Nurse supply down,Performance & Availability,Availability,Medium,Matched token 'down' among multiple possible matches.,No
CS1637676,Rule in place for vitamins,Access & Security,User Access,High,Matched token 'permission' in text.,No
CS1637970,We have a corrupt EDI file when completing EDI transfer into Ascribe.,Integration & Interfaces,Data Exchange,High,Matched token 'export' in text.,No
CS1638109,Reported issues of slow performance using the ePMA Platform,Performance & Availability,Performance,Medium,Matched token 'slow' among multiple possible matches.,No
CS1638180,Berkshire App/EIE Daily Checks,Defects & Errors,Error Messages,Medium,Matched token 'error' among multiple possible matches.,No
CS1638195,Nurse supply desktop down,Access & Security,User Access,Medium,Matched token 'access' among multiple possible matches.,No
CS1638199,Berkshire App/EIE Daily Checks,Integration & Interfaces,Integration Failure,High,Matched token 'interface' in text.,No
CS1638268,epma down-getting error,Performance & Availability,Availability,Medium,Matched token 'down' among multiple possible matches.,No
CS1638269,epma down,Performance & Availability,Availability,Medium,Matched token 'down' among multiple possible matches.,No
CS1638342,Patient record with error,Defects & Errors,Error Messages,High,Matched token 'error' in text.,No
CS1638373,yellow sticky note on multi-route Paracetamol causes loading error and crash,Defects & Errors,Error Messages,Medium,Matched token 'error' among multiple possible matches.,No
CS1638381,Over Receive - Query,Access & Security,Audit & Compliance,Medium,Matched token 'audit' among multiple possible matches.,No
CS1638411,EDI reconciliation exception report - Query,Defects & Errors,Error Messages,Medium,Matched token 'exception' among multiple possible matches.,No
CS1638455,EDischarge messages issue,Workflow & Process,Workflow Issue,Medium,Matched token 'stuck' among multiple possible matches.,No
CS1638520,Patient ID,Access & Security,User Access,Medium,Matched token 'access' among multiple possible matches.,No
CS1638533,Genfin Update,Access & Security,User Access,Medium,Matched token 'access' among multiple possible matches.,No
CS1638534,Pas not receiving messgaes,Access & Security,Authentication,Medium,Matched token 'password' among multiple possible matches.,No
CS1638620,Printing issue,Service Requests,Information Request,High,Matched token 'information' in text.,No
CS1638634,Issue creatin a file,Case Administration,Closure Management,High,Matched token 'cancel' in text.,No
CS1638724,Patient record with error,Access & Security,Audit & Compliance,Medium,Matched token 'audit' among multiple possible matches.,No
CS1638803,item locked cannot override,Access & Security,Authentication,Medium,Matched token 'password' among multiple possible matches.,No
CS1638883,Berkshire App/EIE Daily Checks,Integration & Interfaces,Integration Failure,High,Matched token 'interface' in text.,No
CS1638886,Berkshire App/EIE Daily Checks-on dated 25/08/2025,Integration & Interfaces,Integration Failure,High,Matched token 'interface' in text.,No
CS1639002,SSRS Report Request,Reporting & Analytics,Reporting,Medium,Matched token 'report' among multiple possible matches.,No
CS1639032,Stock take locked,Data Management,Data Recovery,High,Matched token 'deleted' in text.,No
CS1639047,Request to Merge Patient Records,Service Requests,New Request,High,Matched token 'request' in text.,No
CS1639359,Dose Locked,Unclassified,Needs Review,Low,No strong keyword match in short description/description/close notes.,Yes
CS1639374,Berkshire App/EIE Daily Checks,Integration & Interfaces,Integration Failure,High,Matched token 'interface' in text.,No
CS1639496,Can't change item description,Performance & Availability,Performance,Medium,Matched token 'hang' among multiple possible matches.,No
CS1639521,Critical error in Event engine,Defects & Errors,Error Messages,Medium,Matched token 'error' among multiple possible matches.,No
CS1639553,TIE Migration - change to IP,Performance & Availability,Performance,Medium,Matched token 'hang' among multiple possible matches.,No
CS1639707,Please undelete a patient episode,Defects & Errors,Error Messages,Medium,Matched token 'error' among multiple possible matches.,No
CS1639762,Health check Failure,Performance & Availability,Performance,Medium,Matched token 'hang' among multiple possible matches.,No
CS1639803,Delete order - 190292,Defects & Errors,Error Messages,High,Matched token 'error' in text.,No
CS1639822,Berkshire App/EIE Daily Checks,Integration & Interfaces,Integration Failure,High,Matched token 'interface' in text.,No
CS1640002,Patient showing 2 hospital numbers,Unclassified,Needs Review,Low,No strong keyword match in short description/description/close notes.,Yes
CS1640085,Related to previous case CS1632171,Access & Security,User Access,Medium,Matched token 'access' among multiple possible matches.,No
CS1640122,Event Engine notifications for critical errors,Defects & Errors,Error Messages,Medium,Matched token 'error' among multiple possible matches.,No
CS1640164,unable to administer medication - recording unavailable,Reporting & Analytics,Reporting,Medium,Matched token 'report' among multiple possible matches.,No
CS1640180,Increasing the number of orders available to reprint,Unclassified,Needs Review,Low,No strong keyword match in short description/description/close notes.,Yes
CS1640751,Nurse supply request down,Performance & Availability,Availability,Medium,Matched token 'down' among multiple possible matches.,No
CS1640799,Prescription Lock.,Unclassified,Needs Review,Low,No strong keyword match in short description/description/close notes.,Yes
CS1640845,Refresh database in EPMA Test,Performance & Availability,Performance,Medium,Matched token 'hang' among multiple possible matches.,No
CS1640859,HIS518869 stopped synching,Unclassified,Needs Review,Low,No strong keyword match in short description/description/close notes.,Yes
CS1640904,Unable to open 'Discharge for Clinical Check list' desktop,Defects & Errors,Error Messages,Medium,Matched token 'error' among multiple possible matches.,No
CS1640991,Berkshire App/EIE Daily Checks,Integration & Interfaces,Integration Failure,High,Matched token 'interface' in text.,No
CS1641000,EMM test version slow Loading speed,Performance & Availability,Performance,Medium,Matched token 'slow' among multiple possible matches.,No
CS1641042,"Unable to merge patient episodes, therefore cannot close current episode",Defects & Errors,Error Messages,High,Matched token 'error' in text.,No
CS1641230,Berkshire App/EIE Daily Checks,Defects & Errors,Error Messages,Medium,Matched token 'error' among multiple possible matches.,No
CS1641259,Berkshire App/EIE Daily Checks,Integration & Interfaces,Integration Failure,High,Matched token 'interface' in text.,No
CS1641267,Add Site code 732 to all the reports on SSRS,Reporting & Analytics,Reporting,Medium,Matched token 'report' among multiple possible matches.,No
CS1641322,Suspended medicine and every 6/52 frequency,Unclassified,Needs Review,Low,No strong keyword match in short description/description/close notes.,Yes
CS1641459,Duplicated returns for Manufacturing items,Data Management,Data Correction,High,Matched token 'duplicate' in text.,No
CS1641475,Stock take - duplicated line,Data Management,Data Correction,Medium,Matched token 'duplicate' among multiple possible matches.,No
CS1641515,Backups Failing,Data Management,Data Recovery,Medium,Matched token 'deleted' among multiple possible matches.,No
CS1641593,Error - Service Unavailable on BCPC Reports,Defects & Errors,Error Messages,Medium,Matched token 'error' among multiple possible matches.,No
CS1641606,Slowness,Access & Security,Authentication,Medium,Matched token 'login' among multiple possible matches.,No
CS1641646,RTP FILE ERRORS - NONE OF THE INVOICES IMPORTED,Defects & Errors,Error Messages,Medium,Matched token 'error' among multiple possible matches.,No
CS1641693,PAS interface,Integration & Interfaces,Integration Failure,High,Matched token 'interface' in text.,No
CS1641699,Rowlands Genfin Consumption report.,Reporting & Analytics,Reporting,High,Matched token 'report' in text.,No
CS1641743,reprint files,Unclassified,Needs Review,Low,No strong keyword match in short description/description/close notes.,Yes
CS1641762,EPMA Test - PAS interface,Integration & Interfaces,Integration Failure,Medium,Matched token 'interface' among multiple possible matches.,No
CS1641865,SPEED,Performance & Availability,Performance,Medium,Matched token 'slow' among multiple possible matches.,No
CS1641933,Contract Uploader not processing Download File,Performance & Availability,Availability,Medium,Matched token 'down' among multiple possible matches.,No
CS1642009,Item enquiry slow performance,Performance & Availability,Performance,Medium,Matched token 'slow' among multiple possible matches.,No
CS1642071,Paliperidone Finance,Performance & Availability,Performance,Medium,Matched token 'hang' among multiple possible matches.,No
CS1642192,New Finance & Procurement system - NHS SBS,Performance & Availability,Performance,Medium,Matched token 'hang' among multiple possible matches.,No
CS1642243,Created from closed case - CS1593294 - Drug Definition Request not working,Service Requests,New Request,Medium,Matched token 'request' among multiple possible matches.,No
CS1642387,ON CALL - Multiple users unable to scan medication,Reporting & Analytics,Reporting,High,Matched token 'report' in text.,No
CS1642481,[The job failed.] SQL Server Job System: 'EHSC_StandAlone',Unclassified,Needs Review,Low,No strong keyword match in short description/description/close notes.,Yes
CS1642499,Unable to override lock,Unclassified,Needs Review,Low,No strong keyword match in short description/description/close notes.,Yes
CS1642503,Event Engine alert triggered last night,Notifications & Communications,Alerts,High,Matched token 'alert' in text.,No
CS1642608,Locked patient record,Service Requests,New Request,High,Matched token 'request' in text.,No
CS1642690,Robot Interface Issues,Access & Security,Audit & Compliance,Medium,Matched token 'audit' among multiple possible matches.,No
CS1642739,Nurse supply down,Performance & Availability,Availability,Medium,Matched token 'down' among multiple possible matches.,No
CS1642805,Changes to an area of  the PAS messaging.,Performance & Availability,Performance,Medium,Matched token 'hang' among multiple possible matches.,No
CS1642865,Patient episode not appearing in search/episode selector,Unclassified,Needs Review,Low,No strong keyword match in short description/description/close notes.,Yes
CS1642911,discontinued and expired doses showing on PT S165770,Unclassified,Needs Review,Low,No strong keyword match in short description/description/close notes.,Yes
CS1643285,EPMA running slowly,Performance & Availability,Performance,Medium,Matched token 'slow' among multiple possible matches.,No
CS1643406,Inbound Message Queue has exceeded 100 messages,Integration & Interfaces,Integration Failure,High,Matched token 'interface' in text.,No
CS1643533,Incorrect issue units for Tolvaptan drug files,Performance & Availability,Performance,Medium,Matched token 'hang' among multiple possible matches.,No
CS1643575,Reinstate episode 08164360,Data Management,Data Recovery,Medium,Matched token 'restore' among multiple possible matches.,No
CS1643738,CASE CS1634363,Integration & Interfaces,Third-Party Systems,High,Matched token 'pic' in text.,No
CS1643743,Rochdale Invoices passed on System not uploaded to Gen fin.,Defects & Errors,Error Messages,High,Matched token 'exception' in text.,No
CS1643813,Accept,Integration & Interfaces,Third-Party Systems,Medium,Matched token 'bd' among multiple possible matches.,No
CS1643920,Enlarged view,Performance & Availability,Performance,Medium,Matched token 'hang' among multiple possible matches.,No
CS1644009,Certificate Update,Unclassified,Needs Review,Low,No strong keyword match in short description/description/close notes.,Yes
CS1644107,Option to report items set up with the automatic order calculation as 'No',Performance & Availability,Availability,Medium,Matched token 'not available' among multiple possible matches.,No
CS1644190,Not Given & Problem reasons in ePMA,Access & Security,User Access,Medium,Matched token 'access' among multiple possible matches.,No
CS1644238,Issue with PAR Report - Period filter,Performance & Availability,Performance,Medium,Matched token 'hang' among multiple possible matches.,No
CS1644259,"cant recieve order from wholesaler, the order states its a patient specific order but its not, cant recieve it that way either.  This is affecting on the automatic order",Defects & Errors,Error Messages,Medium,Matched token 'error' among multiple possible matches.,No
CS1644503,Please add Terminal,Configuration & Administration,Configuration Change,Medium,Matched token 'config' among multiple possible matches.,No
CS1644928,Print charts not working,Defects & Errors,Error Messages,Medium,Matched token 'error' among multiple possible matches.,No
CS1645014,System slow down - users getting 'error has occurred' screens,Access & Security,User Access,Medium,Matched token 'access' among multiple possible matches.,No
CS1645079,Issue with printing one pt chart,Defects & Errors,Error Messages,Medium,Matched token 'error' among multiple possible matches.,No
CS1645139,edit rule on emis,Performance & Availability,Performance,Medium,Matched token 'hang' among multiple possible matches.,No
CS1645230,Paliperidone Issue Price,Performance & Availability,Performance,Medium,Matched token 'hang' among multiple possible matches.,No
CS1645378,Fw: Validate PAM Users,Access & Security,Audit & Compliance,Medium,Matched token 'audit' among multiple possible matches.,No
CS1645458,Ascribe PAS interface not working,Integration & Interfaces,Integration Failure,High,Matched token 'interface' in text.,No
CS1645510,ON CALL  - all users unable to login to Pharmacy system,Access & Security,Authentication,Medium,Matched token 'login' among multiple possible matches.,No
CS1645511,ON CALL -All users unable to login,Access & Security,Authentication,Medium,Matched token 'login' among multiple possible matches.,No
CS1645516,patients not showing on correct wards,Workflow & Process,Workflow Issue,High,Matched token 'stuck' in text.,No
CS1645645,Problem Administration,Defects & Errors,Error Messages,High,Matched token 'error' in text.,No
CS1645730,Invoiced not uploaded to Genfin.,Defects & Errors,Error Messages,Medium,Matched token 'exception' among multiple possible matches.,No
CS1645838,Label Template,Performance & Availability,Performance,Medium,Matched token 'hang' among multiple possible matches.,No
CS1645934,Add to Robot terminal list PC 530250,Integration & Interfaces,Third-Party Systems,High,Matched token 'robot' in text.,No
CS1645975,Unable to create location PSEC,Unclassified,Needs Review,Low,No strong keyword match in short description/description/close notes.,Yes
CS1645985,LIVE 10.21 - Installing the following terminals for activation with the Robot,Integration & Interfaces,Integration Failure,Medium,Matched token 'interface' among multiple possible matches.,No
CS1646032,Dose locked,Unclassified,Needs Review,Low,No strong keyword match in short description/description/close notes.,Yes
CS1646119,[The job failed.] SQL Server Job System: 'EHSC_StandAlone',Notifications & Communications,Alerts,High,Matched token 'alert' in text.,No
CS1646165,Episodes will not merge,Performance & Availability,Performance,Medium,Matched token 'hang' among multiple possible matches.,No
CS1646228,Patient's not pulling through on EMIS from PAS,Integration & Interfaces,Integration Failure,High,Matched token 'interface' in text.,No
CS1646257,Manufacturing Templates - Updates,Service Requests,Information Request,High,Matched token 'information' in text.,No
CS1646261,Label Alignment Issue - NSV DVU234F,Unclassified,Needs Review,Low,No strong keyword match in short description/description/close notes.,Yes
CS1646278,Duplicate NHS number for different patients.,Data Management,Data Correction,Medium,Matched token 'duplicate' among multiple possible matches.,No
CS1646421,Blocking SPID on RXCSQL044 - Standalone database,Unclassified,Needs Review,Low,No strong keyword match in short description/description/close notes.,Yes
CS1646443,NHS number on label,Performance & Availability,Performance,Medium,Matched token 'hang' among multiple possible matches.,No
CS1646506,EMIS and Windows 11,Integration & Interfaces,Third-Party Systems,Medium,Matched token 'robot' among multiple possible matches.,No
CS1646671,Unable to complete accuracy check - eMM desktop,Service Requests,New Request,High,Matched token 'request' in text.,No
CS1646685,Reprint Error Again,Defects & Errors,Error Messages,High,Matched token 'error' in text.,No
CS1646749,[The job failed.] SQL Server Job System: 'EHSC_StandAlone',Unclassified,Needs Review,Low,No strong keyword match in short description/description/close notes.,Yes
CS1646840,Beclomethasone,Unclassified,Needs Review,Low,No strong keyword match in short description/description/close notes.,Yes
CS1646974,Unable to see patients current medication or orders S449654,Access & Security,User Access,Medium,Matched token 'access' among multiple possible matches.,No
CS1647087,Error message,Access & Security,User Access,Medium,Matched token 'access' among multiple possible matches.,No
CS1647187,Add MDS as an item with a cost of £0.00,Unclassified,Needs Review,Low,No strong keyword match in short description/description/close notes.,Yes
CS1647224,Standalone,Access & Security,User Access,Medium,Matched token 'access' among multiple possible matches.,No
CS1647227,On-Call Patient with night time doses that can't be administered,Workflow & Process,Workflow Issue,High,Matched token 'workflow' in text.,No
CS1647392,"Email notifications recieved, No Activity on PAS",Integration & Interfaces,Integration Failure,Medium,Matched token 'interface' among multiple possible matches.,No
CS1647429,Test Environment site 606 Fairfield.,Defects & Errors,Error Messages,Medium,Matched token 'error' among multiple possible matches.,No
CS1647477,GP Dataviewer not working,Access & Security,User Access,Medium,Matched token 'access' among multiple possible matches.,No
CS1647504,Previously under CS1624684 - Product being updated by another user,Unclassified,Needs Review,Low,No strong keyword match in short description/description/close notes.,Yes
CS1647518,Standalone issue at stafford,Defects & Errors,Error Messages,Medium,Matched token 'error' among multiple possible matches.,No
CS1647708,CS1637364,Integration & Interfaces,Integration Failure,High,Matched token 'interface' in text.,No
CS1647847,Runtime error printing stock take,Performance & Availability,Availability,Medium,Matched token 'down' among multiple possible matches.,No
CS1648368,Cyber Security Query,Defects & Errors,Error Messages,Medium,Matched token 'exception' among multiple possible matches.,No
CS1648412,Move Terminal,Unclassified,Needs Review,Low,No strong keyword match in short description/description/close notes.,Yes
CS1648555,ePMA: Inactivity Timeout Monitor function - not operating as expected,Performance & Availability,Performance,High,Matched token 'timeout' in text.,No
CS1648643,ePMA have been very slow,Performance & Availability,Performance,High,Matched token 'slow' in text.,No
CS1648685,Follow up CS1645510,Unclassified,Needs Review,Low,No strong keyword match in short description/description/close notes.,Yes
CS1648851,Robot PC,Integration & Interfaces,Third-Party Systems,High,Matched token 'robot' in text.,No
CS1648924,Event engine Critical Errors,Defects & Errors,Error Messages,High,Matched token 'error' in text.,No
CS1648935,BC RXC25022 Issue,Defects & Errors,Error Messages,Medium,Matched token 'error' among multiple possible matches.,No
CS1649150,Therapeutic drug codes,Unclassified,Needs Review,Low,No strong keyword match in short description/description/close notes.,Yes
CS1649174,Zebra label  out of alignment,Service Requests,Information Request,High,Matched token 'information' in text.,No
CS1649175,'PAS Management Console',Access & Security,User Access,Medium,Matched token 'access' among multiple possible matches.,No
CS1649306,ePMA: Duplicate checks for when prescribing: Name of medication causing chemical,Performance & Availability,Performance,Medium,Matched token 'hang' among multiple possible matches.,No
CS1649336,Windows 11,Unclassified,Needs Review,Low,No strong keyword match in short description/description/close notes.,Yes
CS1649347,Restart PAS interface,Defects & Errors,Error Messages,Medium,Matched token 'error' among multiple possible matches.,No
CS1649383,HL7,Integration & Interfaces,Integration Failure,Medium,Matched token 'interface' among multiple possible matches.,No
CS1649428,Expired certificate,Unclassified,Needs Review,Low,No strong keyword match in short description/description/close notes.,Yes
CS1650078,eMM icons,Access & Security,User Access,Medium,Matched token 'permission' among multiple possible matches.,No
CS1650168,General EMIS slowness post upgrade,Performance & Availability,Performance,Medium,Matched token 'slow' among multiple possible matches.,No
CS1650305,Discontinues prescriptions on closed episodes,Reporting & Analytics,Reporting,Medium,Matched token 'report' among multiple possible matches.,No
CS1650447,SQL Server Job Alert,Data Management,Data Correction,Medium,Matched token 'duplicate' among multiple possible matches.,No
CS1650452,Lidocaine Medicated Plasters 5% - Patch,Configuration & Administration,System Administration,Medium,Matched token 'patch' among multiple possible matches.,No
CS1650737,EMIS EPMA Listener,Unclassified,Needs Review,Low,No strong keyword match in short description/description/close notes.,Yes
CS1650766,Inbound Message Queue has exceeded 100 messages,Integration & Interfaces,Integration Failure,High,Matched token 'interface' in text.,No
CS1650816,EMIS Slowness / Errors,Performance & Availability,Performance,Medium,Matched token 'slow' among multiple possible matches.,No
CS1650951,Pharmacy - Out of Hours Medicines Report,Defects & Errors,Error Messages,Medium,Matched token 'error' among multiple possible matches.,No
CS1650990,Unable to install client application,Defects & Errors,Error Messages,Medium,Matched token 'error' among multiple possible matches.,No
CS1651046,PLEASE INVESTIGATE ASAP,Data Management,Data Recovery,High,Matched token 'deleted' in text.,No
CS1651117,DELETED Episode,Data Management,Data Recovery,High,Matched token 'deleted' in text.,No
CS1651230,Messages are not being recieved,Unclassified,Needs Review,Low,No strong keyword match in short description/description/close notes.,Yes
CS1651283,TIE Migration - change to IP,Performance & Availability,Performance,Medium,Matched token 'hang' among multiple possible matches.,No
CS1651286,Template Data Dump,Integration & Interfaces,Data Exchange,Medium,Matched token 'export' among multiple possible matches.,No
CS1651376,Adding/amending the drugs in Homely remedies,User Guidance & Training,How-To Request,High,Matched token 'how to' in text.,No
CS1651538,in relation to case: CS1644190,Performance & Availability,Performance,Medium,Matched token 'hang' among multiple possible matches.,No
CS1651611,Missing patient Demographic again on the reports,Reporting & Analytics,Reporting,Medium,Matched token 'report' among multiple possible matches.,No
CS1651627,Parenteral Nutrition (PN),Defects & Errors,Error Messages,High,Matched token 'error' in text.,No
CS1651744,Unable to manipulate report,Access & Security,User Access,Medium,Matched token 'access' among multiple possible matches.,No
CS1651815,LAP1593 in robot database but not linking to BD robot,Performance & Availability,Performance,Medium,Matched token 'slow' among multiple possible matches.,No
CS1652049,The 'Monthly on the same day' frequency,Service Requests,New Request,High,Matched token 'request' in text.,No
CS1652062,Failed job,Unclassified,Needs Review,Low,No strong keyword match in short description/description/close notes.,Yes
CS1652112,Failing SQL Server Jobs,Access & Security,User Access,Medium,Matched token 'permission' among multiple possible matches.,No
CS1652129,Robot ASAP,Integration & Interfaces,Integration Failure,Medium,Matched token 'interface' among multiple possible matches.,No
CS1652139,SQL Alert Received - last SnapDate from rfinancialsnapshot does not match the la,Reporting & Analytics,Reporting,Medium,Matched token 'report' among multiple possible matches.,No
CS1652164,Item enquiry delay,Performance & Availability,Performance,Medium,Matched token 'slow' among multiple possible matches.,No
CS1652196,EPMA procurement users guide (Editor- Master Product desktop),Notifications & Communications,Email,Medium,Matched token 'email' among multiple possible matches.,No
CS1652285,Standalone 10.14 W11 OS,Service Requests,Information Request,High,Matched token 'information' in text.,No
CS1652308,Locked Terminal (Medication: Co-Careldopa 25mg/100mg Tablets) John C Homersley,Unclassified,Needs Review,Low,No strong keyword match in short description/description/close notes.,Yes
CS1652395,Drug not disappearing even though there are no overdue doses,Performance & Availability,Performance,Medium,Matched token 'hang' among multiple possible matches.,No
CS1652435,ePMA Training system - Not responding,Access & Security,Authentication,Medium,Matched token 'login' among multiple possible matches.,No
CS1652572,Automatic ROQ/ROL Levels,Service Requests,Information Request,Medium,Matched token 'information' among multiple possible matches.,No
CS1652910,Patient Edit Error,Defects & Errors,Error Messages,Medium,Matched token 'error' among multiple possible matches.,No
CS1652923,Orders from EDI tab not sending to import folder,Access & Security,User Access,Medium,Matched token 'access' among multiple possible matches.,No
CS1652941,printing label issue,Defects & Errors,Error Messages,High,Matched token 'error' in text.,No
CS1652958,Contextual link not working,Access & Security,User Access,Medium,Matched token 'access' among multiple possible matches.,No
CS1653049,Add to robot interface,Integration & Interfaces,Integration Failure,Medium,Matched token 'interface' among multiple possible matches.,No
CS1653133,Ascribe error message appears when deleting order,Defects & Errors,Error Messages,Medium,Matched token 'error' among multiple possible matches.,No
CS1653182,pagenot loading in pharmacy 'epma medicines reconciliation' An error has occured,Performance & Availability,Performance,Medium,Matched token 'hang' among multiple possible matches.,No
CS1653195,"ITEM LOCKED, please unlock patient for action S.T on Laurel Ward",Unclassified,Needs Review,Low,No strong keyword match in short description/description/close notes.,Yes
CS1653317,removing excluded supplier implications.,Performance & Availability,Performance,Medium,Matched token 'hang' among multiple possible matches.,No
CS1653325,PAS messages appear to be stuck,Workflow & Process,Workflow Issue,High,Matched token 'stuck' in text.,No
CS1653353,Link pcs for ward stock from Omnicell robot,Configuration & Administration,Configuration Change,Medium,Matched token 'config' among multiple possible matches.,No
CS1653365,Hello Optum,Performance & Availability,Performance,Medium,Matched token 'hang' among multiple possible matches.,No
CS1653446,email notification PAS not processing,Notifications & Communications,Email,Medium,Matched token 'email' among multiple possible matches.,No
CS1653586,Ward stock list,Unclassified,Needs Review,Low,No strong keyword match in short description/description/close notes.,Yes
CS1653591,Errors when entering notes on templates and amending doses,Performance & Availability,Availability,Medium,Matched token 'down' among multiple possible matches.,No
CS1653778,658 Robot Interface Setup,Integration & Interfaces,Integration Failure,Medium,Matched token 'interface' among multiple possible matches.,No
CS1653790,Emis  not working post Windows 11 upgrade,Defects & Errors,Error Messages,Medium,Matched token 'error' among multiple possible matches.,No
CS1653851,batch output failure,Unclassified,Needs Review,Low,No strong keyword match in short description/description/close notes.,Yes
CS1653856,incorrect patient details,Performance & Availability,Performance,Medium,Matched token 'hang' among multiple possible matches.,No
CS1653966,ePMA is down for all our users.,Performance & Availability,Availability,High,Matched token 'down' in text.,No
CS1654074,Multiple episode patient merge,Unclassified,Needs Review,Low,No strong keyword match in short description/description/close notes.,Yes
CS1654118,Optum Enquiry- Average pricing function documentation,Service Requests,Information Request,High,Matched token 'information' in text.,No
CS1654215,Overnight Jobs emailing list,Notifications & Communications,Email,High,Matched token 'email' in text.,No
CS1654220,Unable to print stock take sheet or reports .,Defects & Errors,Error Messages,Medium,Matched token 'error' among multiple possible matches.,No
CS1654232,Set Ward W14 to enable picking tickets but NOT charge out items,Integration & Interfaces,Third-Party Systems,High,Matched token 'pic' in text.,No
CS1654318,Site 361 standalone not working,Unclassified,Needs Review,Low,No strong keyword match in short description/description/close notes.,Yes
CS1654373,Unable to login,Access & Security,Authentication,Medium,Matched token 'login' among multiple possible matches.,No
CS1654421,New servers for EMIS 10.23 Test not connected,Service Requests,New Request,Medium,Matched token 'request' among multiple possible matches.,No
CS1654556,duplication of product in file,Data Management,Data Correction,Medium,Matched token 'duplicate' among multiple possible matches.,No
CS1654570,Action Required – Microsoft Defender for Endpoint (MDE) Rollout,Defects & Errors,Error Messages,Medium,Matched token 'exception' among multiple possible matches.,No
CS1654577,Patient R.R 6049734097,Service Requests,New Request,High,Matched token 'request' in text.,No
CS1654641,Problem when issuing on the manufacturimg issue page,Performance & Availability,Performance,Medium,Matched token 'hang' among multiple possible matches.,No
CS1654664,Request for Standardization of Palforzia Pack Descriptions in DSS Masterfile,Performance & Availability,Performance,Medium,Matched token 'hang' among multiple possible matches.,No
CS1654707,wTranslog ID,Reporting & Analytics,Reporting,Medium,Matched token 'report' among multiple possible matches.,No
CS1654890,Duplicate Data (AP Interface Files),Data Management,Data Correction,Medium,Matched token 'duplicate' among multiple possible matches.,No
CS1654987,Previous Case: CS1610842,Unclassified,Needs Review,Low,No strong keyword match in short description/description/close notes.,Yes
CS1655415,TIE Unable To Connect To Ascribe_Out,Integration & Interfaces,Integration Failure,High,Matched token 'interface' in text.,No
CS1655501,EMIS not functioning,Performance & Availability,Performance,Medium,Matched token 'timeout' among multiple possible matches.,No
CS1655589,Certificate Renewal (Test): The access Group: Expires on :25-09-2025,Access & Security,User Access,High,Matched token 'access' in text.,No
CS1655602,label type,Unclassified,Needs Review,Low,No strong keyword match in short description/description/close notes.,Yes
CS1655690,Lack of disk space,Performance & Availability,Performance,Medium,Matched token 'hang' among multiple possible matches.,No
CS1655725,Need list of user with access,Access & Security,User Access,High,Matched token 'access' in text.,No
CS1655854,Reprint Files Tidy,Defects & Errors,Error Messages,Medium,Matched token 'error' among multiple possible matches.,No
CS1656114,Omitted Doses report - appearing incorrect,Reporting & Analytics,Reporting,High,Matched token 'report' in text.,No
CS1656124,FW: ASCRIBE-REPORTS server S drive filling up,Performance & Availability,Performance,Medium,Matched token 'slow' among multiple possible matches.,No
CS1656126,overnight Job standalone fail.,Access & Security,User Access,Medium,Matched token 'access' among multiple possible matches.,No
CS1656137,Error message,Access & Security,User Access,Medium,Matched token 'access' among multiple possible matches.,No
CS1656221,Unable to print in the Stock Take Utility,Configuration & Administration,System Administration,High,Matched token 'patch' in text.,No
CS1656552,New Assets for Robot Database,Configuration & Administration,System Administration,Medium,Matched token 'setting' among multiple possible matches.,No
CS1656661,LOCATION CODE ALREADY IN USE,Unclassified,Needs Review,Low,No strong keyword match in short description/description/close notes.,Yes
CS1656710,Prescription for WHEY protein locked cannot override,Unclassified,Needs Review,Low,No strong keyword match in short description/description/close notes.,Yes
CS1656743,System crash when new PC is installed linked to shared printer,Configuration & Administration,Configuration Change,High,Matched token 'config' in text.,No
CS1656795,Dispensing error - class not registered,Performance & Availability,Availability,Medium,Matched token 'down' among multiple possible matches.,No
CS1656799,RE: Cloud Migration - Ascribe IE Connectivity and mTLS support,Integration & Interfaces,Integration Failure,Medium,Matched token 'integration' among multiple possible matches.,No
CS1656844,Unable to load any desktops,Access & Security,Authentication,Medium,Matched token 'login' among multiple possible matches.,No
CS1656875,Ascribe error while ED'ing orders,Access & Security,User Access,Medium,Matched token 'access' among multiple possible matches.,No
CS1656987,Add terminals to robot config,Configuration & Administration,Configuration Change,Medium,Matched token 'config' among multiple possible matches.,No
CS1657017,the stock list printing icon for one of our sites - Prestwich- has disappeared off the toolbar,Service Requests,New Request,High,Matched token 'request' in text.,No
CS1657140,ePMA reporting not up to date,Reporting & Analytics,Reporting,Medium,Matched token 'report' among multiple possible matches.,No
CS1657261,URGENT - eMM supply request error,Defects & Errors,Error Messages,Medium,Matched token 'error' among multiple possible matches.,No
CS1657284,Desktop - Discharge Clinical Check,Defects & Errors,Error Messages,High,Matched token 'error' in text.,No
CS1657354,Picking ticket Printing/ Delivery notes.,Integration & Interfaces,Third-Party Systems,High,Matched token 'pic' in text.,No
CS1657373,"Stock Take Utility, Stock Takes disappearing",Service Requests,Information Request,High,Matched token 'information' in text.,No
CS1657556,Dispensing Issues,Defects & Errors,Error Messages,Medium,Matched token 'error' among multiple possible matches.,No
CS1657741,10.23 - Medication Marked for Supply but not Clinically Checked,Access & Security,User Access,Medium,Matched token 'access' among multiple possible matches.,No
CS1657888,Ascribe Installation (Windows 11),Access & Security,User Access,Medium,Matched token 'access' among multiple possible matches.,No
CS1658007,Windows 11 - Terminal Activation,Access & Security,User Access,Medium,Matched token 'access' among multiple possible matches.,No
CS1658096,TIE Unable To Connect To Ascribe_Out,Integration & Interfaces,Integration Failure,High,Matched token 'interface' in text.,No
CS1658102,Ascribe Interface Not Sending Messages Out,Reporting & Analytics,Reporting,Medium,Matched token 'report' among multiple possible matches.,No
CS1658142,Berkshire Daily Checks,Integration & Interfaces,Integration Failure,High,Matched token 'interface' in text.,No
CS1658211,Support required,Access & Security,User Access,Medium,Matched token 'access' among multiple possible matches.,No
CS1658261,Change to PCID List,Performance & Availability,Performance,Medium,Matched token 'hang' among multiple possible matches.,No
CS1658301,Adding PC to robot,Integration & Interfaces,Third-Party Systems,High,Matched token 'robot' in text.,No
CS1658328,RE: Cloud Migration - Ascribe IE Connectivity and mTLS support,Integration & Interfaces,Integration Failure,Medium,Matched token 'integration' among multiple possible matches.,No
CS1658617,Nurse supply request,Performance & Availability,Availability,Medium,Matched token 'down' among multiple possible matches.,No
CS1658712,Overnight reporting jobs,Reporting & Analytics,Reporting,Medium,Matched token 'report' among multiple possible matches.,No
CS1658803,Nurse Supply Request Down,Performance & Availability,Availability,Medium,Matched token 'down' among multiple possible matches.,No
CS1658961,#963936 Patient Admissions not showing in EPMA,Notifications & Communications,Email,High,Matched token 'email' in text.,No
CS1658996,Inbound Message Queue has exceeded 100 messages,Integration & Interfaces,Integration Failure,High,Matched token 'interface' in text.,No
CS1659099,RE: Cloud Migration - Ascribe IE Connectivity and mTLS support,Integration & Interfaces,Integration Failure,Medium,Matched token 'integration' among multiple possible matches.,No
CS1659259,Re: Cloud Migration - Ascribe IE Connectivity and mTLS support,Access & Security,User Access,Medium,Matched token 'access' among multiple possible matches.,No
CS1659267,BC machine D7-RWH04974 not syncing,Unclassified,Needs Review,Low,No strong keyword match in short description/description/close notes.,Yes
CS1659420,Berkshire Daily checks,Integration & Interfaces,Integration Failure,High,Matched token 'interface' in text.,No
CS1659535,label,Performance & Availability,Performance,Medium,Matched token 'hang' among multiple possible matches.,No
CS1659814,SSRS reporting Module: Manual  training document,Reporting & Analytics,Reporting,Medium,Matched token 'report' among multiple possible matches.,No
CS1659939,10.23 - High Cost Drug Reports Failed,Defects & Errors,Error Messages,Medium,Matched token 'error' among multiple possible matches.,No
CS1659982,BC Machine B9-RWH01940 not syncing,Unclassified,Needs Review,Low,No strong keyword match in short description/description/close notes.,Yes
CS1660066,GENFIN consumption report not ran again.,Reporting & Analytics,Reporting,High,Matched token 'report' in text.,No
CS1660151,dssotw not working,Service Requests,Information Request,High,Matched token 'information' in text.,No
CS1660415,Unable to administer medications due to amendment lock,Reporting & Analytics,Reporting,High,Matched token 'report' in text.,No
CS1660481,PC ID swap required (W11 terminal updates),Integration & Interfaces,Integration Failure,High,Matched token 'interface' in text.,No
CS1660660,Add Terminal,Integration & Interfaces,Third-Party Systems,High,Matched token 'robot' in text.,No
CS1660779,Nurse supply down,Performance & Availability,Availability,Medium,Matched token 'down' among multiple possible matches.,No
CS1661056,RSUH disp&stores stock take (full access) 488,Access & Security,User Access,Medium,Matched token 'access' among multiple possible matches.,No
CS1661164,Issue installing Pharmacy HAP client on Standalone,Configuration & Administration,System Administration,High,Matched token 'patch' in text.,No
CS1661605,When trying to access patients an error appears,Access & Security,User Access,Medium,Matched token 'access' among multiple possible matches.,No
CS1661631,Robot Interface for the EMIS Ascribe Test Environment at Bury Rochdale & Oldham,Integration & Interfaces,Integration Failure,Medium,Matched token 'interface' among multiple possible matches.,No
CS1661647,PCID Update required due to W11 upgrades,Unclassified,Needs Review,Low,No strong keyword match in short description/description/close notes.,Yes
CS1661851,Manufacturing draft editor,Unclassified,Needs Review,Low,No strong keyword match in short description/description/close notes.,Yes
CS1661876,Daily Checks,Integration & Interfaces,Integration Failure,High,Matched token 'interface' in text.,No
CS1661923,Speed Issues,Unclassified,Needs Review,Low,No strong keyword match in short description/description/close notes.,Yes
CS1661933,Unable to merge,Defects & Errors,Error Messages,High,Matched token 'error' in text.,No
CS1662000,TIE unable to connect to Ascribe Out,Integration & Interfaces,Integration Failure,Medium,Matched token 'integration' among multiple possible matches.,No
CS1662029,3rd Party supplier changing port feed for Test environment.,Access & Security,User Access,Medium,Matched token 'access' among multiple possible matches.,No
CS1662074,Error Message popping up,Performance & Availability,Performance,Medium,Matched token 'slow' among multiple possible matches.,No
CS1662140,"Hi, im trying to pull a report on the number of clinical checks",Reporting & Analytics,Reporting,Medium,Matched token 'report' among multiple possible matches.,No
CS1662148,TGH-EPMA-SQL Interface - No Activity For Over 30 minutes,Integration & Interfaces,Integration Failure,Medium,Matched token 'interface' among multiple possible matches.,No
CS1662152,Nurse supply request down,Performance & Availability,Availability,Medium,Matched token 'down' among multiple possible matches.,No
CS1662207,EDI Output,Performance & Availability,Performance,Medium,Matched token 'hang' among multiple possible matches.,No
CS1662229,Error when using Stock List Maintenance.,Defects & Errors,Error Messages,High,Matched token 'error' in text.,No
CS1662424,Deleting roles,Defects & Errors,Error Messages,Medium,Matched token 'error' among multiple possible matches.,No
CS1662543,Error message in Ascribe item enquiry,Defects & Errors,Error Messages,High,Matched token 'error' in text.,No
CS1662750,PCID replacement due to W11 upgrades,Unclassified,Needs Review,Low,No strong keyword match in short description/description/close notes.,Yes
CS1662751,Daily Performace check,Integration & Interfaces,Integration Failure,High,Matched token 'interface' in text.,No
CS1662838,system slow,Performance & Availability,Performance,Medium,Matched token 'slow' among multiple possible matches.,No
CS1662843,Unable to remove a To Follow,Service Requests,New Request,High,Matched token 'request' in text.,No
CS1662976,Patient merge not working,Performance & Availability,Performance,Medium,Matched token 'hang' among multiple possible matches.,No
CS1663039,old invoice line blocking,Performance & Availability,Performance,Medium,Matched token 'hang' among multiple possible matches.,No
CS1663088,Training and Test instances of ePMA,Defects & Errors,Error Messages,Medium,Matched token 'error' among multiple possible matches.,No
CS1663096,Patient medication locked by another user,Unclassified,Needs Review,Low,No strong keyword match in short description/description/close notes.,Yes
CS1663336,Daily performance check,Defects & Errors,Error Messages,Medium,Matched token 'error' among multiple possible matches.,No
CS1663364,Daily checks,Integration & Interfaces,Integration Failure,High,Matched token 'interface' in text.,No
CS1663368,Nurse supply request down,Performance & Availability,Availability,Medium,Matched token 'down' among multiple possible matches.,No
CS1663401,LIVE 10.23 - Duplication on  Drug Line DVU060J,Data Management,Data Correction,Medium,Matched token 'duplicate' among multiple possible matches.,No
CS1664100,Do you support this?,Performance & Availability,Performance,Medium,Matched token 'hang' among multiple possible matches.,No
CS1664125,Discontinued medicine not disappearing,Data Management,Data Correction,High,Matched token 'duplicate' in text.,No
CS1664175,Berkshire App/EIE Daily Checks,Integration & Interfaces,Integration Failure,High,Matched token 'interface' in text.,No
CS1664185,Patients not pulling through from PAS,Unclassified,Needs Review,Low,No strong keyword match in short description/description/close notes.,Yes
CS1664243,unable to remove a discontinued medicine,Performance & Availability,Availability,High,Matched token 'down' in text.,No
CS1664320,Account Manager - Contact,Notifications & Communications,Email,Medium,Matched token 'email' among multiple possible matches.,No
CS1664321,Rule request,Reporting & Analytics,Reporting,Medium,Matched token 'report' among multiple possible matches.,No
CS1664390,Ascribe connection issue,Performance & Availability,Availability,Medium,Matched token 'down' among multiple possible matches.,No
CS1664447,Inbound Message Queue has exceeded 100 messages,Performance & Availability,Availability,Medium,Matched token 'down' among multiple possible matches.,No
CS1664452,we have another patient whos chart is full of old presriptions,Unclassified,Needs Review,Low,No strong keyword match in short description/description/close notes.,Yes
CS1664618,Diskspace PHAR-DB1-V,Unclassified,Needs Review,Low,No strong keyword match in short description/description/close notes.,Yes
CS1664789,Label Issue,Access & Security,User Access,High,Matched token 'access' in text.,No
CS1664936,Berkshire App/EIE Daily Checks,Reporting & Analytics,Reporting,Medium,Matched token 'report' among multiple possible matches.,No
CS1664943,ePMA Slown-down,Performance & Availability,Performance,Medium,Matched token 'slow' among multiple possible matches.,No
CS1665067,SQL job failing,Performance & Availability,Performance,Medium,Matched token 'hang' among multiple possible matches.,No
CS1665074,issue printing drug chart,Unclassified,Needs Review,Low,No strong keyword match in short description/description/close notes.,Yes
CS1665333,Error Message on Patient's Banner Bar,Defects & Errors,Error Messages,Medium,Matched token 'error' among multiple possible matches.,No
CS1665398,Disk space issue on reports server,Reporting & Analytics,Reporting,Medium,Matched token 'report' among multiple possible matches.,No
CS1665649,Windows 11 Compatability,Performance & Availability,Performance,Medium,Matched token 'hang' among multiple possible matches.,No
CS1665693,nurse supply request is down,Performance & Availability,Availability,Medium,Matched token 'down' among multiple possible matches.,No
CS1665749,PC replaced needs adding to the ROBOT list,Integration & Interfaces,Third-Party Systems,High,Matched token 'robot' in text.,No
CS1665854,Robot Access,Access & Security,User Access,Medium,Matched token 'access' among multiple possible matches.,No
CS1665888,remove BC laptop from replication,Unclassified,Needs Review,Low,No strong keyword match in short description/description/close notes.,Yes
CS1665892,EpisodeSummaryAdminByPrescription Routine,Service Requests,New Request,High,Matched token 'request' in text.,No
CS1665927,Questions - Medicines to be reconciled,Performance & Availability,Performance,Medium,Matched token 'hang' among multiple possible matches.,No
CS1666022,Test environment password reset.,Access & Security,Authentication,Medium,Matched token 'password' among multiple possible matches.,No
CS1666071,Terminal to turn on for Robot use,Integration & Interfaces,Third-Party Systems,High,Matched token 'robot' in text.,No
CS1666207,application not alerting when prescribing medication containing an allergen,Performance & Availability,Performance,Medium,Matched token 'hang' among multiple possible matches.,No
CS1666497,EDI Transmitions,Data Management,Data Recovery,Medium,Matched token 'deleted' among multiple possible matches.,No
CS1666511,DSS drug definition request,Service Requests,New Request,High,Matched token 'request' in text.,No
CS1666606,Issues with Label Printer ZD420 at Fairview,Unclassified,Needs Review,Low,No strong keyword match in short description/description/close notes.,Yes
CS1666681,Stock Take Utility,Defects & Errors,Error Messages,High,Matched token 'error' in text.,No
CS1666778,Unable to Automate Ascribe Install on PCs,Defects & Errors,Error Messages,Medium,Matched token 'error' among multiple possible matches.,No
CS1666796,Unit 4 Finance,Notifications & Communications,Email,Medium,Matched token 'email' among multiple possible matches.,No
CS1666830,Patient Locked,Integration & Interfaces,Third-Party Systems,High,Matched token 'bd' in text.,No
CS1666862,drug/ingredient name / brand name searchable,Configuration & Administration,Configuration Change,Medium,Matched token 'config' among multiple possible matches.,No
CS1666890,Multiple users in multiple locations reporting freezing when administering meds,Performance & Availability,Performance,Medium,Matched token 'slow' among multiple possible matches.,No
CS1666904,Locked Medication.,Unclassified,Needs Review,Low,No strong keyword match in short description/description/close notes.,Yes
CS1666911,unable to download app to new assets,Performance & Availability,Availability,Medium,Matched token 'down' among multiple possible matches.,No
CS1667007,Add Terminal,Integration & Interfaces,Third-Party Systems,Medium,Matched token 'robot' among multiple possible matches.,No
CS1667058,Assigning PCs to Chute Numbers,Configuration & Administration,Configuration Change,Medium,Matched token 'config' among multiple possible matches.,No
CS1667099,Delivery note Printing wrongly,Configuration & Administration,System Administration,High,Matched token 'setting' in text.,No
CS1667154,stores printing module missing,Access & Security,Authentication,Medium,Matched token 'login' among multiple possible matches.,No
CS1667178,Berkshire App/EIE Daily Checks,Integration & Interfaces,Integration Failure,High,Matched token 'interface' in text.,No
CS1667298,Stuck messages?,Performance & Availability,Performance,Medium,Matched token 'slow' among multiple possible matches.,No
CS1667303,Reduce stock holding to 14 days,Performance & Availability,Performance,Medium,Matched token 'hang' among multiple possible matches.,No
CS1667317,Unable to close episode,Defects & Errors,Error Messages,High,Matched token 'error' in text.,No
CS1667324,Barcode receipt of incoming goods,Configuration & Administration,Configuration Change,Medium,Matched token 'config' among multiple possible matches.,No
CS1667411,eMM Patient status Notes,Workflow & Process,Approval Management,Medium,Matched token 'approval' among multiple possible matches.,No
CS1667428,Unable to merge patient episodes,Defects & Errors,Error Messages,High,Matched token 'error' in text.,No
CS1667445,Allergy Entry,Performance & Availability,Performance,Medium,Matched token 'hang' among multiple possible matches.,No
CS1667618,Slowness with EPMA,Access & Security,Authentication,Medium,Matched token 'login' among multiple possible matches.,No
CS1667694,EMIS TEST Integration,Integration & Interfaces,Integration Failure,High,Matched token 'integration' in text.,No
CS1667744,Robot,Integration & Interfaces,Third-Party Systems,Medium,Matched token 'robot' among multiple possible matches.,No
CS1667790,Berkshire App/EIE Daily Checks,Integration & Interfaces,Integration Failure,High,Matched token 'interface' in text.,No
CS1667852,Robot,Integration & Interfaces,Third-Party Systems,High,Matched token 'robot' in text.,No
CS1667860,error message when searching for a specific unit number,Performance & Availability,Performance,Medium,Matched token 'hang' among multiple possible matches.,No
CS1667935,Error message when installing 10.23 on W11 fresh PC,Defects & Errors,Error Messages,High,Matched token 'error' in text.,No
CS1667942,Unable to print stock takes,Access & Security,User Access,Medium,Matched token 'access' among multiple possible matches.,No
CS1668065,CMU upload editor issues,Performance & Availability,Performance,Medium,Matched token 'hang' among multiple possible matches.,No
CS1668207,Locked Medication,Unclassified,Needs Review,Low,No strong keyword match in short description/description/close notes.,Yes
CS1668217,Data retrieval / sorting,Unclassified,Needs Review,Low,No strong keyword match in short description/description/close notes.,Yes
CS1668298,Berkshire App/EIE Daily Checks,Defects & Errors,Error Messages,Medium,Matched token 'error' among multiple possible matches.,No
CS1668480,Berkshire App/EIE Daily Checks,Integration & Interfaces,Integration Failure,High,Matched token 'interface' in text.,No
CS1668515,patient admin locked,Unclassified,Needs Review,Low,No strong keyword match in short description/description/close notes.,Yes
CS1668521,BCPC HIS523115 out of sync,Unclassified,Needs Review,Low,No strong keyword match in short description/description/close notes.,Yes
CS1668620,Berkshire App/EIE Daily Checks,Integration & Interfaces,Integration Failure,High,Matched token 'interface' in text.,No
CS1668623,queries regarding - CS1660415,Access & Security,User Access,Medium,Matched token 'access' among multiple possible matches.,No
CS1668700,PREGABALIN LOCKED,Service Requests,New Request,High,Matched token 'request' in text.,No
CS1668711,PCID update - W11 updgrades,Unclassified,Needs Review,Low,No strong keyword match in short description/description/close notes.,Yes
CS1668750,Unable to Automate Ascribe Install on PCs,Defects & Errors,Error Messages,Medium,Matched token 'error' among multiple possible matches.,No
CS1668753,Robot Terminal,Integration & Interfaces,Third-Party Systems,High,Matched token 'robot' in text.,No
CS1668937,EIE interface from PAS showing a buildup of messages,Integration & Interfaces,Integration Failure,High,Matched token 'interface' in text.,No
CS1669108,errors on picking ticket,Defects & Errors,Error Messages,Medium,Matched token 'error' among multiple possible matches.,No
CS1669192,2 locked stock takes,Data Management,Data Recovery,High,Matched token 'deleted' in text.,No
CS1669338,Ascribe interface not sending messages,Integration & Interfaces,Integration Failure,High,Matched token 'interface' in text.,No
CS1669370,ePMA BC machine S20224 not replicating,Unclassified,Needs Review,Low,No strong keyword match in short description/description/close notes.,Yes
CS1669408,System allowed us to issue without stock,Unclassified,Needs Review,Low,No strong keyword match in short description/description/close notes.,Yes
CS1669420,ePMA: OP Module - How does the duplicate check function work on the OP,Data Management,Data Correction,Medium,Matched token 'duplicate' among multiple possible matches.,No
CS1669530,Omitted Doses Report,Reporting & Analytics,Reporting,High,Matched token 'report' in text.,No
CS1669544,PCID list update - W11 upgrade,Unclassified,Needs Review,Low,No strong keyword match in short description/description/close notes.,Yes
CS1669551,Berkshire App/EIE Daily Checks,Integration & Interfaces,Integration Failure,High,Matched token 'interface' in text.,No
CS1669586,build up of messages in EIE message processor,Integration & Interfaces,Integration Failure,High,Matched token 'interface' in text.,No
CS1669587,LIVE 10.23 - Stores Kicking Users to Out,Reporting & Analytics,Reporting,Medium,Matched token 'report' among multiple possible matches.,No
CS1669595,Labelling of dispensed oral medicines for children,Performance & Availability,Performance,Medium,Matched token 'hang' among multiple possible matches.,No
CS1669632,LIVE 10.23 - Error Number 2146232832 - Authentication Scheme Negotiate,Defects & Errors,Error Messages,Medium,Matched token 'error' among multiple possible matches.,No
CS1669669,Invoices which may be stuck in exception,Defects & Errors,Error Messages,Medium,Matched token 'exception' among multiple possible matches.,No
CS1669717,Stack Trace error,Defects & Errors,Error Messages,Medium,Matched token 'error' among multiple possible matches.,No
CS1669811,User Permissions,Access & Security,User Access,Medium,Matched token 'permission' among multiple possible matches.,No
CS1669873,Error 75,Access & Security,User Access,Medium,Matched token 'access' among multiple possible matches.,No
CS1669917,INVOICES STUCK EXCEPTION,Defects & Errors,Error Messages,Medium,Matched token 'exception' among multiple possible matches.,No
CS1670038,Stocktake,Data Management,Data Recovery,High,Matched token 'deleted' in text.,No
CS1670340,Unable to merge patient episodes,Defects & Errors,Error Messages,High,Matched token 'error' in text.,No
CS1670413,PCID list update - W11 upgrades,Unclassified,Needs Review,Low,No strong keyword match in short description/description/close notes.,Yes
CS1670486,PSO Order Template,Configuration & Administration,System Administration,High,Matched token 'setting' in text.,No
CS1670551,Error on eMM Problem list,Performance & Availability,Performance,Medium,Matched token 'hang' among multiple possible matches.,No
CS1670718,Slow down of system,Performance & Availability,Performance,Medium,Matched token 'slow' among multiple possible matches.,No
CS1670788,Berkshire App/EIE Daily Checks,Integration & Interfaces,Integration Failure,High,Matched token 'interface' in text.,No
CS1670912,Windows 11 question,Performance & Availability,Performance,Medium,Matched token 'hang' among multiple possible matches.,No
CS1671098,Test client URL,Configuration & Administration,Configuration Change,Medium,Matched token 'config' among multiple possible matches.,No
CS1671108,Slow down in page refresh and general performance,Performance & Availability,Performance,Medium,Matched token 'slow' among multiple possible matches.,No
CS1671315,Robot Access,Access & Security,User Access,Medium,Matched token 'access' among multiple possible matches.,No
CS1671470,Add for Robot Dispensing,Integration & Interfaces,Third-Party Systems,Medium,Matched token 'robot' among multiple possible matches.,No
CS1671538,LIVE 10.23 - Error Messages Issuing from Picking Ticket,Access & Security,User Access,Medium,Matched token 'access' among multiple possible matches.,No
CS1671583,EPMA Patient Record Error,Defects & Errors,Error Messages,Medium,Matched token 'error' among multiple possible matches.,No
CS1671633,ePMA - Mental Health Act Functionality,Unclassified,Needs Review,Low,No strong keyword match in short description/description/close notes.,Yes
CS1671641,Stock take locked,Data Management,Data Recovery,High,Matched token 'deleted' in text.,No
CS1671817,Berkshire App/EIE Daily Checks,Integration & Interfaces,Integration Failure,High,Matched token 'interface' in text.,No
CS1671863,LIVE 10.23 - Kicked Out of Running Automatic Orders Routine,Performance & Availability,Performance,Medium,Matched token 'hang' among multiple possible matches.,No
CS1672014,GP surgery DTS transmission error.,Access & Security,User Access,Medium,Matched token 'permission' among multiple possible matches.,No
CS1672218,Order Error,Defects & Errors,Error Messages,Medium,Matched token 'error' among multiple possible matches.,No
CS1672341,Berkshire App/EIE Daily Checks,Integration & Interfaces,Integration Failure,High,Matched token 'interface' in text.,No
CS1672358,Live 10.23 - Issues with Reconciling Invoices,Defects & Errors,Error Messages,High,Matched token 'exception' in text.,No
CS1672427,Copy and paste meds list,Unclassified,Needs Review,Low,No strong keyword match in short description/description/close notes.,Yes
CS1672516,Disappearing text  PSO  Site 60,Notifications & Communications,Email,High,Matched token 'email' in text.,No
CS1672522,Live 10.23 -Roq and Rol only highlighting Stocked N Drugs,Performance & Availability,Availability,High,Matched token 'down' in text.,No
CS1672547,EPMA Record Locked,Integration & Interfaces,Third-Party Systems,High,Matched token 'bd' in text.,No
CS1672611,Options for  eMM worklist,Workflow & Process,Workflow Issue,Medium,Matched token 'workflow' among multiple possible matches.,No
CS1672632,prompt for a username and password,Access & Security,User Access,Medium,Matched token 'access' among multiple possible matches.,No
CS1672653,error generation and system timeout during label printing,Access & Security,Authentication,Medium,Matched token 'login' among multiple possible matches.,No
CS1672732,Request for information on Ascribe,Service Requests,New Request,Medium,Matched token 'request' among multiple possible matches.,No
CS1672773,Due Doses not showing on the Medicines Due for Ward desktop,Unclassified,Needs Review,Low,No strong keyword match in short description/description/close notes.,Yes
CS1672814,Berkshire App/EIE Daily Checks,Integration & Interfaces,Integration Failure,High,Matched token 'interface' in text.,No
CS1672866,Berkshire App/EIE Daily Checks,Integration & Interfaces,Integration Failure,High,Matched token 'interface' in text.,No
CS1672963,I have some business continuity laptops that aren't logging in to standalone ascribe.,Access & Security,User Access,Medium,Matched token 'access' among multiple possible matches.,No
CS1673036,Deleted Episode,Defects & Errors,Error Messages,Medium,Matched token 'error' among multiple possible matches.,No
CS1673085,AWS service Outage - Customer phone call,Performance & Availability,Availability,Medium,Matched token 'outage' among multiple possible matches.,No
CS1673180,Merging patient,Defects & Errors,Error Messages,High,Matched token 'error' in text.,No
CS1673465,Unable to Reconcile the attached invoices due to booking in more than was receiv,Access & Security,User Access,Medium,Matched token 'access' among multiple possible matches.,No
CS1673496,As per CS1671641,Unclassified,Needs Review,Low,No strong keyword match in short description/description/close notes.,Yes
CS1673512,Imprivita Remote software at KGH - Call raised on CS1567012,Access & Security,User Access,Medium,Matched token 'access' among multiple possible matches.,No
CS1673554,Ward stock replace.,Defects & Errors,Error Messages,Medium,Matched token 'error' among multiple possible matches.,No
CS1673614,Zuclopenthixol for patient is locked,Unclassified,Needs Review,Low,No strong keyword match in short description/description/close notes.,Yes
CS1673704,LIVE 10.23 - Job Failure on SQL EHSC_HAP_LIVE - InterfaceTidy - ITKADTPMI,Defects & Errors,Error Messages,Medium,Matched token 'error' among multiple possible matches.,No
CS1673829,Certificate Renewal : Test Environment -Berkshire EMIS conexes Test,Unclassified,Needs Review,Low,No strong keyword match in short description/description/close notes.,Yes
CS1673936,HL7 Feed disconnected.,Integration & Interfaces,Integration Failure,High,Matched token 'hl7' in text.,No
CS1673963,TPN Labels,Performance & Availability,Performance,Medium,Matched token 'hang' among multiple possible matches.,No
CS1674026,Live 10.23 - HTTP Request Forbidden with Client Authentication Scheme Negotiate,Defects & Errors,Error Messages,Medium,Matched token 'error' among multiple possible matches.,No
CS1674070,Inbound Message Queue has exceeded 100 messages,Unclassified,Needs Review,Low,No strong keyword match in short description/description/close notes.,Yes
CS1674281,Item on stock take but unable to find stock take containing product.,Performance & Availability,Performance,Medium,Matched token 'hang' among multiple possible matches.,No
CS1674373,sharing agreements,Unclassified,Needs Review,Low,No strong keyword match in short description/description/close notes.,Yes
CS1674407,New system,Integration & Interfaces,Integration Failure,Medium,Matched token 'interface' among multiple possible matches.,No
CS1674413,message queue over 1000,Performance & Availability,Availability,Medium,Matched token 'down' among multiple possible matches.,No
CS1674442,Adding Clear panel on stockholder Dispensing 722,Unclassified,Needs Review,Low,No strong keyword match in short description/description/close notes.,Yes
CS1674447,Query - Route configuration,Performance & Availability,Performance,Medium,Matched token 'hang' among multiple possible matches.,No
CS1674476,Error trying to print Stock Take,Access & Security,User Access,Medium,Matched token 'access' among multiple possible matches.,No
CS1674604,PAS interface down,Performance & Availability,Availability,Medium,Matched token 'down' among multiple possible matches.,No
CS1674609,Issues with scheduled task which has not run,Configuration & Administration,Configuration Change,Medium,Matched token 'config' among multiple possible matches.,No
CS1674621,LIVE 10.23 - Patient's Medication Ordered in March 2025 Appeared,Defects & Errors,Error Messages,Medium,Matched token 'error' among multiple possible matches.,No
CS1674880,Printing pop up,Defects & Errors,Error Messages,Medium,Matched token 'error' among multiple possible matches.,No
CS1674891,Robot Setup,Integration & Interfaces,Third-Party Systems,High,Matched token 'robot' in text.,No
CS1674925,List of users last log ins,Reporting & Analytics,Reporting,Medium,Matched token 'report' among multiple possible matches.,No
CS1674945,LIVE 10.23 - EDI Ordering Routine Crashing Out,Access & Security,User Access,Medium,Matched token 'access' among multiple possible matches.,No
CS1675029,Nurse supply down,Performance & Availability,Availability,Medium,Matched token 'down' among multiple possible matches.,No
CS1675189,Genfin report not running,Reporting & Analytics,Reporting,High,Matched token 'report' in text.,No
CS1675495,operating system and SQL server version,Integration & Interfaces,Third-Party Systems,High,Matched token 'bd' in text.,No
CS1675637,System unavailable,Access & Security,User Access,Medium,Matched token 'access' among multiple possible matches.,No
CS1675692,Distribution orders delay,Performance & Availability,Performance,Medium,Matched token 'slow' among multiple possible matches.,No
CS1675812,EPMA Train update,Access & Security,User Access,Medium,Matched token 'access' among multiple possible matches.,No
CS1675838,Redwoods – Item Enquiry (279) Error,Defects & Errors,Error Messages,Medium,Matched token 'error' among multiple possible matches.,No
CS1675879,"GP Dataviewer not working, follow up from CS1647477,",Performance & Availability,Performance,Medium,Matched token 'hang' among multiple possible matches.,No
CS1676037,Moving Business Continuity PC to Windows 11,Notifications & Communications,Email,High,Matched token 'email' in text.,No
CS1676118,New Supplier,Integration & Interfaces,Third-Party Systems,Medium,Matched token 'robot' among multiple possible matches.,No
CS1676283,Dispensing Records from 2013,Access & Security,User Access,Medium,Matched token 'access' among multiple possible matches.,No
CS1676382,Performance Issues,Performance & Availability,Performance,Medium,Matched token 'timeout' among multiple possible matches.,No
CS1676412,Overnight reporting jobs,Performance & Availability,Performance,Medium,Matched token 'hang' among multiple possible matches.,No
CS1676489,NHS number clash for patient record.,Unclassified,Needs Review,Low,No strong keyword match in short description/description/close notes.,Yes
CS1676558,Erroneous issue of pre-filled syringe,Access & Security,Audit & Compliance,High,Matched token 'audit' in text.,No
CS1676670,Interface - TIE not Receiving Messages from CaMIS for Maternity,Integration & Interfaces,Integration Failure,High,Matched token 'interface' in text.,No
CS1676718,Renaming an existing stock list,Unclassified,Needs Review,Low,No strong keyword match in short description/description/close notes.,Yes
CS1676735,Item enquiry,Access & Security,User Access,High,Matched token 'access' in text.,No
CS1676751,Overnight jobs / report server,Reporting & Analytics,Reporting,Medium,Matched token 'report' among multiple possible matches.,No
CS1677031,Orders missing from receipt screens,Access & Security,User Access,Medium,Matched token 'access' among multiple possible matches.,No
CS1677348,Trust Integration Engine (TIE) is unable to connect to Ascribe_Out,Integration & Interfaces,Integration Failure,Medium,Matched token 'interface' among multiple possible matches.,No
CS1677585,Slow speed,Performance & Availability,Performance,Medium,Matched token 'slow' among multiple possible matches.,No
CS1677735,Print servers,Defects & Errors,Error Messages,Medium,Matched token 'error' among multiple possible matches.,No
CS1677790,Locked patient U09318911,Unclassified,Needs Review,Low,No strong keyword match in short description/description/close notes.,Yes
CS1677950,on call report of system error,Defects & Errors,Error Messages,Medium,Matched token 'error' among multiple possible matches.,No
CS1677995,Nurse supply request down,Performance & Availability,Availability,Medium,Matched token 'down' among multiple possible matches.,No
CS1678116,Locked Medication,Unclassified,Needs Review,Low,No strong keyword match in short description/description/close notes.,Yes
CS1678117,Robot,Integration & Interfaces,Third-Party Systems,Medium,Matched token 'robot' among multiple possible matches.,No
CS1678139,ePMA: Optum Ideas Portal: New status name tags and descriptions,Performance & Availability,Performance,Medium,Matched token 'hang' among multiple possible matches.,No
CS1678162,Connecting devices to our robot.,Integration & Interfaces,Third-Party Systems,High,Matched token 'robot' in text.,No
CS1678320,EMIS Pharmacy is unuseably slow under Windows 11,Performance & Availability,Performance,Medium,Matched token 'slow' among multiple possible matches.,No
CS1678407,Problems with HAP client Setup,Defects & Errors,Error Messages,High,Matched token 'error' in text.,No
CS1678565,CIVAS / Manufacturing dispensing,User Guidance & Training,How-To Request,High,Matched token 'how to' in text.,No
CS1678645,BC machines are online but not updating,Reporting & Analytics,Reporting,High,Matched token 'report' in text.,No
CS1678836,Error when looking at stock take and dispensing,Defects & Errors,Error Messages,Medium,Matched token 'error' among multiple possible matches.,No
CS1678885,Cyber alert CC-4357 for attention.,Integration & Interfaces,Third-Party Systems,Medium,Matched token 'bd' among multiple possible matches.,No
CS1678986,10.23 Stand alone error,Defects & Errors,Error Messages,Medium,Matched token 'error' among multiple possible matches.,No
CS1679011,Amend supplier code within ASCD0000 & ASCR0000,Performance & Availability,Performance,High,Matched token 'hang' in text.,No
CS1679300,Genfin,Unclassified,Needs Review,Low,No strong keyword match in short description/description/close notes.,Yes
CS1679344,Discharge letter amendment,Unclassified,Needs Review,Low,No strong keyword match in short description/description/close notes.,Yes
CS1679410,Run Time Error,Access & Security,User Access,Medium,Matched token 'permission' among multiple possible matches.,No
CS1679414,Nurse supply request down,Performance & Availability,Availability,Medium,Matched token 'down' among multiple possible matches.,No
CS1679435,LIVE 10.23 - Spooling when Printing Orders for PSO Home Care,Defects & Errors,Error Messages,High,Matched token 'error' in text.,No
CS1679676,Pharmacy disaster recovery PCs seem to have lost database copy job,Notifications & Communications,Email,High,Matched token 'email' in text.,No
CS1679723,Greyed out label,Performance & Availability,Performance,Medium,Matched token 'hang' among multiple possible matches.,No
CS1679806,Product Editor field,Reporting & Analytics,Reporting,High,Matched token 'report' in text.,No
CS1679811,Locked Medication,Unclassified,Needs Review,Low,No strong keyword match in short description/description/close notes.,Yes
CS1679871,can a linked dispensing template be created?,Unclassified,Needs Review,Low,No strong keyword match in short description/description/close notes.,Yes
CS1679874,Ascribe - freeze / crash - in Outpatient & Clinical Trial dispensaries,Access & Security,User Access,Medium,Matched token 'access' among multiple possible matches.,No
CS1679925,Contextual link,Access & Security,User Access,Medium,Matched token 'access' among multiple possible matches.,No
CS1679950,Unable to view messages in TIE for current test server,Integration & Interfaces,Integration Failure,Medium,Matched token 'integration' among multiple possible matches.,No
CS1679992,"Episode 'stuck' on ward list with no demographics, cannot be searched to edit.",Defects & Errors,Error Messages,Medium,Matched token 'error' among multiple possible matches.,No
CS1680007,"Discontinued prescription, yet doses still showing as available.",Access & Security,User Access,Medium,Matched token 'access' among multiple possible matches.,No
CS1680049,"Locked Patient prescription, prescription needs discontinuing asap.",Performance & Availability,Performance,Medium,Matched token 'hang' among multiple possible matches.,No
CS1680097,Interface between Test ascribe and TEST EPMA,Integration & Interfaces,Integration Failure,High,Matched token 'interface' in text.,No
CS1680100,Stuck messages,Performance & Availability,Performance,Medium,Matched token 'slow' among multiple possible matches.,No
CS1680177,LIVE 10.23 - System Duplicating Order Numbers in site 857,Data Management,Data Correction,High,Matched token 'duplicate' in text.,No
CS1680283,Renaming a desktop editor,Unclassified,Needs Review,Low,No strong keyword match in short description/description/close notes.,Yes
CS1680293,Standalone Ascribe backup jobs are not running,Access & Security,User Access,Medium,Matched token 'access' among multiple possible matches.,No
CS1680297,[The job failed.] SQL Server Job System: 'EHSC_HAP_LIVE Delete Idle Sessions',Data Management,Data Correction,Medium,Matched token 'duplicate' among multiple possible matches.,No
CS1680385,Compatibility issue with Windows updates,Defects & Errors,Error Messages,Medium,Matched token 'error' among multiple possible matches.,No
CS1680429,Add another terminal to the Omnicell robot for wardstock picking tickets,Integration & Interfaces,Third-Party Systems,Medium,Matched token 'robot' among multiple possible matches.,No
CS1680519,Re- Open case CS1653365,Performance & Availability,Performance,Medium,Matched token 'hang' among multiple possible matches.,No
CS1680631,Label Printing issue,Access & Security,User Access,Medium,Matched token 'permission' among multiple possible matches.,No
CS1680648,GenFin error,Defects & Errors,Error Messages,High,Matched token 'error' in text.,No
CS1680699,ExactaMix Pro,Performance & Availability,Performance,Medium,Matched token 'hang' among multiple possible matches.,No
CS1680716,Delivery notes.,Unclassified,Needs Review,Low,No strong keyword match in short description/description/close notes.,Yes
CS1680730,Another stock take issue,Defects & Errors,Error Messages,High,Matched token 'error' in text.,No
CS1680792,Error when trying to search for a patient,Access & Security,User Access,Medium,Matched token 'access' among multiple possible matches.,No
CS1680840,Reference previous case CS1678645 (now closed) BC machine still not updating,Access & Security,User Access,Medium,Matched token 'access' among multiple possible matches.,No
CS1680876,NUHEMISSQL02,Defects & Errors,Error Messages,Medium,Matched token 'error' among multiple possible matches.,No
CS1680877,call from Danny unable to load Nurse Supply Request desktop,Defects & Errors,Error Messages,Medium,Matched token 'error' among multiple possible matches.,No
CS1680977,Picking tickets using same number for different ward codes,Performance & Availability,Performance,Medium,Matched token 'hang' among multiple possible matches.,No
CS1681066,Add for Robot Access,Access & Security,User Access,Medium,Matched token 'access' among multiple possible matches.,No
CS1681082,consumption report for 930 and 929,Reporting & Analytics,Reporting,High,Matched token 'report' in text.,No
CS1681116,Error- 2146232832,Access & Security,User Access,Medium,Matched token 'permission' among multiple possible matches.,No
CS1681330,EDI data file corrupt,Unclassified,Needs Review,Low,No strong keyword match in short description/description/close notes.,Yes
CS1681366,Remove Entry from eMM Clinical Check,Unclassified,Needs Review,Low,No strong keyword match in short description/description/close notes.,Yes
CS1681487,Standlone Machine not working,Defects & Errors,Error Messages,Medium,Matched token 'error' among multiple possible matches.,No
CS1681617,"Errors on Load-balanced webservers are not the same, far more on 1 server",Defects & Errors,Error Messages,High,Matched token 'error' in text.,No
CS1681803,users not being able to view full drug database,Access & Security,User Access,Medium,Matched token 'permission' among multiple possible matches.,No
CS1681824,DB wTranslog warning every nigght,Defects & Errors,Error Messages,Medium,Matched token 'error' among multiple possible matches.,No
CS1681855,Robot Files,Integration & Interfaces,Third-Party Systems,High,Matched token 'robot' in text.,No
CS1681961,Ascribe installer,Service Requests,New Request,High,Matched token 'request' in text.,No
CS1682045,Stock Valuation report missing a date,Reporting & Analytics,Reporting,High,Matched token 'report' in text.,No
CS1682208,Access to SSRS and admin query,Access & Security,User Access,Medium,Matched token 'access' among multiple possible matches.,No
CS1682215,Expired medications not clearing,Defects & Errors,Error Messages,Medium,Matched token 'error' among multiple possible matches.,No
CS1682220,Overage calculations for Numeta G13 bags,Unclassified,Needs Review,Low,No strong keyword match in short description/description/close notes.,Yes
CS1682231,warnings won't save on chlorhexidine,Unclassified,Needs Review,Low,No strong keyword match in short description/description/close notes.,Yes
CS1682268,hidden carriage return character in description fields,Performance & Availability,Performance,Medium,Matched token 'hang' among multiple possible matches.,No
CS1682329,ADT Port needs restarting,Workflow & Process,Workflow Issue,Medium,Matched token 'stuck' among multiple possible matches.,No
CS1682383,#971171 Outpatient Nursing - Administration time editor not working,Defects & Errors,Error Messages,Medium,Matched token 'error' among multiple possible matches.,No
CS1682426,#971216 - Question regarding impact on removing active medications from all epis,Performance & Availability,Performance,Medium,Matched token 'hang' among multiple possible matches.,No
CS1682639,10.23 - Medication Marked for Supply but not Clinically Checked,Access & Security,User Access,Medium,Matched token 'access' among multiple possible matches.,No
CS1682651,System Slow and Email Event engine no activity for 2 hours,Performance & Availability,Performance,Medium,Matched token 'slow' among multiple possible matches.,No
CS1682692,User remained logged in blocking workflow,Workflow & Process,Workflow Issue,High,Matched token 'workflow' in text.,No
CS1682751,Overnight Job email list.,Notifications & Communications,Email,Medium,Matched token 'email' among multiple possible matches.,No
CS1682765,Nurse supply request is down,Performance & Availability,Availability,Medium,Matched token 'down' among multiple possible matches.,No
CS1682826,LIVE 10.23 - Display of the DSS Track Drug Definition Requests,Defects & Errors,Error Messages,Medium,Matched token 'exception' among multiple possible matches.,No
CS1682880,EPMA Terminal Acivation,Configuration & Administration,System Administration,High,Matched token 'setting' in text.,No
CS1682902,Ascribe interface is not sending messages,Integration & Interfaces,Integration Failure,High,Matched token 'interface' in text.,No
CS1682980,Stock takes unable to be run at site 062,Defects & Errors,Error Messages,Medium,Matched token 'error' among multiple possible matches.,No
CS1683019,Site Drug Enquiry not returning all results,Unclassified,Needs Review,Low,No strong keyword match in short description/description/close notes.,Yes
CS1683165,ePMA Training System Error - Unable to deliver Training,Defects & Errors,Error Messages,Medium,Matched token 'error' among multiple possible matches.,No
CS1683207,we have dose scheduler issues please investigate and re run if needed,Unclassified,Needs Review,Low,No strong keyword match in short description/description/close notes.,Yes
CS1683226,Ascribe slowly printing dispensing labels via zebra printer zd420,Performance & Availability,Performance,Medium,Matched token 'slow' among multiple possible matches.,No
CS1683272,Stock issuing at £0.01,Service Requests,Information Request,High,Matched token 'information' in text.,No
CS1683303,Business Continuity PCs,Reporting & Analytics,Reporting,High,Matched token 'report' in text.,No
CS1683378,PT appearing twice on select inpatient,Performance & Availability,Performance,Medium,Matched token 'hang' among multiple possible matches.,No
CS1683413,Finance-Invoice listing report-0367 is missing didnot run from 24/10/25,Performance & Availability,Availability,Medium,Matched token 'down' among multiple possible matches.,No
CS1683436,Suspending a medicine,Integration & Interfaces,Third-Party Systems,High,Matched token 'pic' in text.,No
CS1683457,Nurse supply request down,Performance & Availability,Availability,Medium,Matched token 'down' among multiple possible matches.,No
CS1683831,Stock Take Runtime Error,Defects & Errors,Error Messages,High,Matched token 'error' in text.,No
CS1683860,Template for FP10,User Guidance & Training,How-To Request,High,Matched token 'how to' in text.,No
CS1683899,Unable to merge multiple episodes,Performance & Availability,Performance,Medium,Matched token 'hang' among multiple possible matches.,No
CS1683971,FW: Case CS1654220 comments added,Performance & Availability,Performance,Medium,Matched token 'hang' among multiple possible matches.,No
CS1683973,EIE Management Console not working for current server,Access & Security,User Access,High,Matched token 'access' in text.,No
CS1684067,No recent notifications on TEST Event Engine since 31/10/25,Workflow & Process,Workflow Issue,Medium,Matched token 'stuck' among multiple possible matches.,No
CS1684099,Formula Emis uses when calculating stock refill of BD Pyxis Medstation cabinets,Integration & Interfaces,Third-Party Systems,Medium,Matched token 'bd' among multiple possible matches.,No
CS1684120,Stock List Maintenance - not working as required (10.23),Unclassified,Needs Review,Low,No strong keyword match in short description/description/close notes.,Yes
CS1684198,Multi-Factor Authentication (MFA,Access & Security,Authentication,Medium,Matched token 'mfa' among multiple possible matches.,No
CS1684534,Connecting laptop to Robot,Integration & Interfaces,Third-Party Systems,High,Matched token 'robot' in text.,No
CS1684613,locked dose,Unclassified,Needs Review,Low,No strong keyword match in short description/description/close notes.,Yes
CS1684639,B9-RWH01940,Notifications & Communications,Alerts,High,Matched token 'alert' in text.,No
CS1684734,Urgent: Issues with Ascribe – Investigation Needed,Performance & Availability,Performance,Medium,Matched token 'slow' among multiple possible matches.,No
CS1684848,invoices stuck in exception,Defects & Errors,Error Messages,Medium,Matched token 'exception' among multiple possible matches.,No
CS1684863,Lost Connection to Live Pharmacy HL7,Integration & Interfaces,Integration Failure,Medium,Matched token 'interface' among multiple possible matches.,No
CS1684893,processed invoices not transferred to genfin,Defects & Errors,Error Messages,Medium,Matched token 'exception' among multiple possible matches.,No
CS1684984,Orders and Picking Tickets being assigned duplicate numbers,Data Management,Data Correction,Medium,Matched token 'duplicate' among multiple possible matches.,No
CS1685038,Alphabetical List with NSV code report SSRS,Reporting & Analytics,Reporting,Medium,Matched token 'report' among multiple possible matches.,No
CS1685171,Berkshire Daily checks,Integration & Interfaces,Integration Failure,High,Matched token 'interface' in text.,No
CS1685190,Time out error when printing picking tickets,Defects & Errors,Error Messages,Medium,Matched token 'error' among multiple possible matches.,No
CS1685202,Database Health Check Alert,Performance & Availability,Performance,Medium,Matched token 'hang' among multiple possible matches.,No
CS1685281,Stat dose stuck on Drug Chart,Defects & Errors,Error Messages,Medium,Matched token 'error' among multiple possible matches.,No
CS1685290,Invoice matching,Service Requests,Information Request,High,Matched token 'information' in text.,No
CS1685419,GBW1M6PWV3 added as a robot terminal,Integration & Interfaces,Third-Party Systems,Medium,Matched token 'robot' among multiple possible matches.,No
CS1685471,EMIS is not  talking to the robot in the pharmacy stores - picking tickets,Integration & Interfaces,Third-Party Systems,Medium,Matched token 'robot' among multiple possible matches.,No
CS1685633,Location Hierarchy,Performance & Availability,Performance,Medium,Matched token 'hang' among multiple possible matches.,No
CS1685678,Nurse supply request is down,Performance & Availability,Availability,Medium,Matched token 'down' among multiple possible matches.,No
CS1685690,Nurse supply down,Performance & Availability,Availability,Medium,Matched token 'down' among multiple possible matches.,No
CS1685691,System not working unable to connect to the software,Unclassified,Needs Review,Low,No strong keyword match in short description/description/close notes.,Yes
CS1685865,Cannot change vat code,Performance & Availability,Performance,Medium,Matched token 'hang' among multiple possible matches.,No
CS1685953,Berkshire daily checks,Integration & Interfaces,Integration Failure,High,Matched token 'interface' in text.,No
CS1685992,LIVE 10.23 - Duplicate Ordering Numbers for Different Drugs,Defects & Errors,Error Messages,Medium,Matched token 'error' among multiple possible matches.,No
CS1685994,EMIS inactivity (not sending messages to the TIE),Defects & Errors,Error Messages,Medium,Matched token 'error' among multiple possible matches.,No
CS1686033,Run Time Error,Access & Security,User Access,Medium,Matched token 'access' among multiple possible matches.,No
CS1686110,Standalone not working as expected,Access & Security,Authentication,Medium,Matched token 'password' among multiple possible matches.,No
CS1686167,Message que rising after DB failover,Performance & Availability,Availability,High,Matched token 'down' in text.,No
CS1686482,Unable to print drug chart,Workflow & Process,Workflow Issue,Medium,Matched token 'stuck' among multiple possible matches.,No
CS1686578,Patient title option,Performance & Availability,Performance,Medium,Matched token 'hang' among multiple possible matches.,No
CS1686602,LIVE 10.23 - Order 290723 Mixed into PSO Order,Unclassified,Needs Review,Low,No strong keyword match in short description/description/close notes.,Yes
CS1686635,Robot connection,Integration & Interfaces,Integration Failure,Medium,Matched token 'integration' among multiple possible matches.,No
CS1686677,Reset Training environment password.,Access & Security,Authentication,Medium,Matched token 'password' among multiple possible matches.,No
CS1686686,ADT Feed is down,Performance & Availability,Availability,High,Matched token 'down' in text.,No
CS1686787,Information required - How will Optum meet the new labelling requirements,Performance & Availability,Performance,Medium,Matched token 'hang' among multiple possible matches.,No
CS1686789,In relation to Case - CS1678139,Notifications & Communications,Email,Medium,Matched token 'email' among multiple possible matches.,No
CS1686824,Berkshire daily checks,Integration & Interfaces,Integration Failure,High,Matched token 'interface' in text.,No
CS1686836,TRAIN ENVIRONMENT NOT WORKING,Defects & Errors,Error Messages,High,Matched token 'error' in text.,No
CS1686847,TGH-EPMA-SQL Interface - No Activity For Over 30 minutes,Integration & Interfaces,Integration Failure,Medium,Matched token 'interface' among multiple possible matches.,No
CS1687028,Patients on dispensing list,Unclassified,Needs Review,Low,No strong keyword match in short description/description/close notes.,Yes
CS1687242,Windows 11 Compatability,Unclassified,Needs Review,Low,No strong keyword match in short description/description/close notes.,Yes
CS1687259,Boots 054 Product Editor,Unclassified,Needs Review,Low,No strong keyword match in short description/description/close notes.,Yes
CS1687261,Removal of PGD nurse supply requests,Performance & Availability,Availability,Medium,Matched token 'down' among multiple possible matches.,No
CS1687278,Urgent Error,Defects & Errors,Error Messages,High,Matched token 'error' in text.,No
CS1687287,'Discharge - Clinical Check Required' Desktop,Performance & Availability,Performance,Medium,Matched token 'hang' among multiple possible matches.,No
CS1687340,we have another drug chart that is full of old prescriptions PT S165770,Unclassified,Needs Review,Low,No strong keyword match in short description/description/close notes.,Yes
CS1687347,prescribing issue Normal Immunoglobulin whit rate associated,Unclassified,Needs Review,Low,No strong keyword match in short description/description/close notes.,Yes
CS1687518,HTTP error 503,Defects & Errors,Error Messages,Medium,Matched token 'error' among multiple possible matches.,No
CS1687718,Berkshire daily checks,Integration & Interfaces,Integration Failure,High,Matched token 'interface' in text.,No
CS1687736,template permission settings,Access & Security,User Access,Medium,Matched token 'access' among multiple possible matches.,No
CS1687872,Only part of orders are outputting from our robot,Integration & Interfaces,Third-Party Systems,Medium,Matched token 'robot' among multiple possible matches.,No
CS1687944,Duplicate/locked NHS number,Performance & Availability,Performance,Medium,Matched token 'hang' among multiple possible matches.,No
CS1687950,A10-RWH01000,Unclassified,Needs Review,Low,No strong keyword match in short description/description/close notes.,Yes
CS1688027,LIVE 10.23 - Duplication of Order Number for Separate Order,Data Management,Data Correction,High,Matched token 'duplicate' in text.,No
CS1688223,Stock take user guide,Unclassified,Needs Review,Low,No strong keyword match in short description/description/close notes.,Yes
CS1688282,D7-RWH04974,Reporting & Analytics,Reporting,High,Matched token 'report' in text.,No
CS1688301,Unable to see all ward links  in Editor - Pharmacy Reporting Structure,Reporting & Analytics,Reporting,High,Matched token 'report' in text.,No
CS1688368,product price showing Minus,Performance & Availability,Performance,Medium,Matched token 'hang' among multiple possible matches.,No
CS1688466,Berkshire daily checks,Integration & Interfaces,Integration Failure,High,Matched token 'interface' in text.,No
CS1688643,CareFlow PAS to EPMA interface,Performance & Availability,Performance,Medium,Matched token 'hang' among multiple possible matches.,No
CS1688702,PAS messages appear as though they are stuck or not flowing,Performance & Availability,Performance,Medium,Matched token 'slow' among multiple possible matches.,No
CS1688822,Extended labelling issue,Defects & Errors,Error Messages,Medium,Matched token 'error' among multiple possible matches.,No
CS1688856,Allergy Entry,Performance & Availability,Performance,Medium,Matched token 'hang' among multiple possible matches.,No
CS1688865,Staff locked in dose,Unclassified,Needs Review,Low,No strong keyword match in short description/description/close notes.,Yes
CS1689023,SQL LISTENER DOWN AT OPTUM END,Performance & Availability,Availability,High,Matched token 'down' in text.,No
CS1689130,Berkshire Daily Checks,Integration & Interfaces,Integration Failure,High,Matched token 'interface' in text.,No
CS1689149,Berkshire daily checks,Integration & Interfaces,Integration Failure,High,Matched token 'interface' in text.,No
CS1689185,Delivery Notes From DC (455) Issues,Performance & Availability,Performance,Medium,Matched token 'hang' among multiple possible matches.,No
CS1689264,BCPC synched but not showing administrations,Reporting & Analytics,Reporting,Medium,Matched token 'report' among multiple possible matches.,No
CS1689271,Powergate and Emis interface,Access & Security,User Access,Medium,Matched token 'access' among multiple possible matches.,No
CS1689293,Emis Health EIE Management Console,Access & Security,User Access,Medium,Matched token 'access' among multiple possible matches.,No
CS1689312,Prescribing reports not working,Reporting & Analytics,Reporting,High,Matched token 'report' in text.,No
CS1689377,697 Stock take full access issue,Access & Security,User Access,Medium,Matched token 'access' among multiple possible matches.,No
CS1689464,Berkshire App/EIE Checks,Reporting & Analytics,Reporting,Medium,Matched token 'report' among multiple possible matches.,No
CS1689475,Supply request,Service Requests,New Request,High,Matched token 'request' in text.,No
CS1689497,New Asset to the Robot Interface.,Integration & Interfaces,Integration Failure,Medium,Matched token 'interface' among multiple possible matches.,No
CS1689517,Allergy Status,Notifications & Communications,Alerts,High,Matched token 'alert' in text.,No
CS1689765,Discharge letters misaligned,Reporting & Analytics,Reporting,Medium,Matched token 'report' among multiple possible matches.,No
CS1689811,KB5004896 - BNF website update,Performance & Availability,Performance,High,Matched token 'hang' in text.,No
CS1689816,installing emis 10.23,Defects & Errors,Error Messages,Medium,Matched token 'error' among multiple possible matches.,No
CS1689874,Email received from Dave Kelly regarding the new BNF Website,Performance & Availability,Performance,Medium,Matched token 'hang' among multiple possible matches.,No
CS1689965,Unable to add or change finance ledger codes,Performance & Availability,Performance,Medium,Matched token 'hang' among multiple possible matches.,No
CS1689975,Recieved Email reagrds BNF,Notifications & Communications,Email,High,Matched token 'email' in text.,No
CS1689984,Test and Training,Defects & Errors,Error Messages,Medium,Matched token 'error' among multiple possible matches.,No
CS1690001,History of ward stock list changes,Performance & Availability,Performance,Medium,Matched token 'hang' among multiple possible matches.,No
CS1690032,Ascribe ADT Inbound Listener Down,Performance & Availability,Availability,High,Matched token 'down' in text.,No
CS1690045,Berkshire Daily checks,Integration & Interfaces,Integration Failure,High,Matched token 'interface' in text.,No
CS1690118,Genfin error,Defects & Errors,Error Messages,Medium,Matched token 'error' among multiple possible matches.,No
CS1690205,Link terminal to robots,Access & Security,User Access,Medium,Matched token 'access' among multiple possible matches.,No
CS1690230,BNF update,Notifications & Communications,Email,High,Matched token 'email' in text.,No
CS1690268,Is this an Option ?,Performance & Availability,Performance,Medium,Matched token 'hang' among multiple possible matches.,No
CS1690275,Bar Code Scanners,Unclassified,Needs Review,Low,No strong keyword match in short description/description/close notes.,Yes
CS1690288,User unable to access EPMA via context launch,Access & Security,User Access,Medium,Matched token 'access' among multiple possible matches.,No
CS1690409,Fw: Action required: BNF update – 30 November 2025,Access & Security,User Access,Medium,Matched token 'access' among multiple possible matches.,No
CS1690414,Duplicated order number,Access & Security,User Access,Medium,Matched token 'access' among multiple possible matches.,No
CS1690451,BNF Update - 30.11.25,Notifications & Communications,Email,High,Matched token 'email' in text.,No
CS1690459,Event Engine - More critical logs than usual,Configuration & Administration,System Administration,High,Matched token 'patch' in text.,No
CS1690503,Standalone Ascribe is not updating and unable to print labels,Access & Security,Authentication,Medium,Matched token 'login' among multiple possible matches.,No
CS1690557,EPMA Record Locked,Integration & Interfaces,Third-Party Systems,High,Matched token 'bd' in text.,No
CS1690579,Where is the data from 'context audit viewer' desktop located in the server,Access & Security,User Access,Medium,Matched token 'access' among multiple possible matches.,No
CS1690626,LIVE 10.23 - Windows and Microsoft Updates/Patches,Configuration & Administration,System Administration,High,Matched token 'patch' in text.,No
CS1690772,Password reset,Access & Security,User Access,Medium,Matched token 'access' among multiple possible matches.,No
CS1690790,Terminals losing activation,Configuration & Administration,System Administration,Medium,Matched token 'setting' among multiple possible matches.,No
CS1690803,Prescription and PAS feed on EMIS Test account,Workflow & Process,Workflow Issue,Medium,Matched token 'stuck' among multiple possible matches.,No
CS1690827,Berkshire daily checks,Integration & Interfaces,Integration Failure,High,Matched token 'interface' in text.,No
CS1690841,BNF update,Notifications & Communications,Email,Medium,Matched token 'email' among multiple possible matches.,No
CS1690867,Pharmacy - Supplier Report with Carriage Returns in their Setup,Performance & Availability,Availability,Medium,Matched token 'down' among multiple possible matches.,No
CS1690882,BNF Access,Access & Security,User Access,Medium,Matched token 'access' among multiple possible matches.,No
CS1690962,Reporting Suite not working,Access & Security,User Access,Medium,Matched token 'access' among multiple possible matches.,No
CS1690994,Rx Info Data loader unable to extract data,Reporting & Analytics,Reporting,High,Matched token 'report' in text.,No
CS1691017,Patient details stating duplicate record on case number,Data Management,Data Correction,Medium,Matched token 'duplicate' among multiple possible matches.,No
CS1691038,Bug/Issue when dispensing patient-specific manufactured product,Defects & Errors,Application Defect,Medium,Matched token 'bug' among multiple possible matches.,No
CS1691064,MS Office 365 Compatibility,Defects & Errors,Error Messages,High,Matched token 'error' in text.,No
CS1691136,Zuclopenthixol for patient MA on Holly locked,Unclassified,Needs Review,Low,No strong keyword match in short description/description/close notes.,Yes
CS1691223,Telephone call from Mohammed regarding the BNF,Notifications & Communications,Email,High,Matched token 'email' in text.,No
CS1691257,New upgrade BNF linkn,Integration & Interfaces,Third-Party Systems,High,Matched token 'pic' in text.,No
CS1691403,standalone terminals keep deactivating,Configuration & Administration,System Administration,Medium,Matched token 'setting' among multiple possible matches.,No
CS1691422,Case logged by Phone - System has slowed down to a near halt,Performance & Availability,Performance,Medium,Matched token 'slow' among multiple possible matches.,No
CS1691428,FOI Response on Pharmacy Digital Systems,Service Requests,New Request,Medium,Matched token 'request' among multiple possible matches.,No
CS1691533,Unable to administer doses for a patient prescription,Reporting & Analytics,Reporting,Medium,Matched token 'report' among multiple possible matches.,No
CS1691633,LIVE 10.23 - Can't Access the ICWSYS Reporting Server,Access & Security,User Access,Medium,Matched token 'access' among multiple possible matches.,No
CS1691728,Unable to print delivery notes,Unclassified,Needs Review,Low,No strong keyword match in short description/description/close notes.,Yes
CS1691931,Berkshire daily checks,Integration & Interfaces,Integration Failure,High,Matched token 'interface' in text.,No
CS1691970,Test refresh with copy of Live,Case Administration,Closure Management,High,Matched token 'cancel' in text.,No
CS1692016,EMIS- Huddersfield Royal query,Performance & Availability,Performance,Medium,Matched token 'hang' among multiple possible matches.,No
CS1692051,Patient records,Data Management,Data Recovery,Medium,Matched token 'deleted' among multiple possible matches.,No
CS1692244,Berkshire daily check,Integration & Interfaces,Integration Failure,High,Matched token 'interface' in text.,No
CS1692320,eMM Problem List - report not working (again),Reporting & Analytics,Reporting,High,Matched token 'report' in text.,No
CS1692350,Robot,Integration & Interfaces,Third-Party Systems,High,Matched token 'robot' in text.,No
CS1692479,Emis has a lag with the printer,Defects & Errors,Error Messages,Medium,Matched token 'error' among multiple possible matches.,No
CS1692498,Connecting RXC29740,Integration & Interfaces,Third-Party Systems,High,Matched token 'robot' in text.,No
CS1692608,EMIS Message of the Day Editor,Access & Security,User Access,Medium,Matched token 'access' among multiple possible matches.,No
CS1692646,Linking RXC26095 terminal to Robot,Integration & Interfaces,Third-Party Systems,High,Matched token 'robot' in text.,No
CS1692650,Administration status not appearing in Live system,Performance & Availability,Availability,Medium,Matched token 'down' among multiple possible matches.,No
CS1692663,Terminal not linking to robot.,Defects & Errors,Error Messages,Medium,Matched token 'error' among multiple possible matches.,No
CS1692697,Codeine DSS warning,User Guidance & Training,How-To Request,High,Matched token 'how to' in text.,No
CS1692701,EMIS Patient Location Audit - PatientEpisodeAuditLogTracker SQL table,Access & Security,Audit & Compliance,Medium,Matched token 'audit' among multiple possible matches.,No
CS1692759,Issues with EMIS Health App and Pharmacy Admin Client,Defects & Errors,Error Messages,Medium,Matched token 'error' among multiple possible matches.,No
CS1692819,New Admission not showing,Unclassified,Needs Review,Low,No strong keyword match in short description/description/close notes.,Yes
CS1692837,Berkshire daily checks,Defects & Errors,Error Messages,Medium,Matched token 'error' among multiple possible matches.,No
CS1692860,Oncall- Epma Down,Performance & Availability,Availability,High,Matched token 'down' in text.,No
CS1692861,Berkshire daily checks,Integration & Interfaces,Integration Failure,High,Matched token 'interface' in text.,No
CS1692902,Reporting issue,Defects & Errors,Error Messages,Medium,Matched token 'error' among multiple possible matches.,No
CS1693011,LIVE 10.23 - PSO Ordering Mixed in with other Orders - Duplicate Ordering No,Data Management,Data Correction,Medium,Matched token 'duplicate' among multiple possible matches.,No
CS1693049,Set Ward W12 to enable picking tickets but NOT charge out items,Integration & Interfaces,Third-Party Systems,High,Matched token 'pic' in text.,No
CS1693053,Amend email contact,Notifications & Communications,Email,Medium,Matched token 'email' among multiple possible matches.,No
CS1693107,BNF,User Guidance & Training,How-To Request,High,Matched token 'how to' in text.,No
CS1693220,NATPSA alert: Harm from incorrect recording of a penicillin allergy as a penicil,Configuration & Administration,Configuration Change,Medium,Matched token 'config' among multiple possible matches.,No
CS1693277,Berkshire Daily Checks,Reporting & Analytics,Reporting,Medium,Matched token 'report' among multiple possible matches.,No
CS1693331,Add new line,Defects & Errors,Error Messages,Medium,Matched token 'error' among multiple possible matches.,No
CS1693367,ePMA user guides,Notifications & Communications,Email,High,Matched token 'email' in text.,No
CS1693374,EMIS WRequis / RRequis SQL Tables,Access & Security,User Access,Medium,Matched token 'access' among multiple possible matches.,No
CS1693379,Case created to up date the BNF link,Performance & Availability,Performance,Medium,Matched token 'hang' among multiple possible matches.,No
CS1693401,Issues encountered when dispensing.,Defects & Errors,Error Messages,Medium,Matched token 'error' among multiple possible matches.,No
CS1693415,Case created to up date the BNF link,Performance & Availability,Performance,Medium,Matched token 'hang' among multiple possible matches.,No
CS1693450,Emis not communicating with genfin,Data Management,Data Correction,Medium,Matched token 'duplicate' among multiple possible matches.,No
CS1693572,Run-time error,Performance & Availability,Performance,Medium,Matched token 'slow' among multiple possible matches.,No
CS1693583,Updating BNF,Access & Security,User Access,Medium,Matched token 'access' among multiple possible matches.,No
CS1693609,Unable to install : HAP and Pharmacy Admin Client Setup - 10.23.03.0002,Defects & Errors,Error Messages,High,Matched token 'error' in text.,No
CS1693672,LIVE 10.23 - EHSC_HAP_LIVE - Interface Last Activity Check,Defects & Errors,Error Messages,Medium,Matched token 'error' among multiple possible matches.,No
CS1693701,Stock take Utility,Defects & Errors,Error Messages,Medium,Matched token 'error' among multiple possible matches.,No
CS1693763,Stock take Utility,Defects & Errors,Error Messages,High,Matched token 'error' in text.,No
CS1693861,Incorrect changes/merges made in local PAS system now need correcting in ePMA,Access & Security,User Access,Medium,Matched token 'access' among multiple possible matches.,No
CS1693913,Unable to delete Administrations Site from Lookups table,Defects & Errors,Error Messages,Medium,Matched token 'error' among multiple possible matches.,No
CS1693945,Order number 74261 duplicated,Data Management,Data Correction,High,Matched token 'duplicate' in text.,No
CS1693954,Issues with terminal to robot connection.,Defects & Errors,Error Messages,Medium,Matched token 'error' among multiple possible matches.,No
CS1694023,Install Error,Defects & Errors,Error Messages,Medium,Matched token 'error' among multiple possible matches.,No
CS1694096,How are EDI orders sent to AAH Medecator+?,Integration & Interfaces,Data Exchange,Medium,Matched token 'import' among multiple possible matches.,No
CS1694237,#976224 Patient showing on clinical check worklist,Unclassified,Needs Review,Low,No strong keyword match in short description/description/close notes.,Yes
CS1694297,Berkshire Daily Checks,Integration & Interfaces,Integration Failure,High,Matched token 'interface' in text.,No
CS1694317,Access to folder,Access & Security,User Access,Medium,Matched token 'access' among multiple possible matches.,No
CS1694509,Restart PAS Interface,Performance & Availability,Availability,Medium,Matched token 'down' among multiple possible matches.,No
CS1694591,Data held on the system.,Service Requests,Information Request,High,Matched token 'information' in text.,No
CS1694617,CS1616455 - recurring issue,Access & Security,User Access,Medium,Matched token 'access' among multiple possible matches.,No
CS1694668,PSO order for deletion,Workflow & Process,Workflow Issue,Medium,Matched token 'stuck' among multiple possible matches.,No
CS1694747,Berkshire Daily Checks,Integration & Interfaces,Integration Failure,High,Matched token 'interface' in text.,No
CS1694792,Add missing site 742,Performance & Availability,Performance,Medium,Matched token 'hang' among multiple possible matches.,No
CS1694825,Incorrect merging of two records by our local PAS team needs undoing in ePMA,Unclassified,Needs Review,Low,No strong keyword match in short description/description/close notes.,Yes
CS1694898,locked medication,Unclassified,Needs Review,Low,No strong keyword match in short description/description/close notes.,Yes
CS1694931,Barcode not working for product DVT428L,Performance & Availability,Performance,Medium,Matched token 'hang' among multiple possible matches.,No
CS1694944,#976655 Review of BCP Report and Identified Issue in Business Continuity Plan,Performance & Availability,Performance,Medium,Matched token 'hang' among multiple possible matches.,No
CS1694958,EDI report -Error message - Urgent Resolution Needed Please,Defects & Errors,Error Messages,Medium,Matched token 'error' among multiple possible matches.,No
CS1694972,Costing,Workflow & Process,Workflow Issue,Medium,Matched token 'workflow' among multiple possible matches.,No
CS1694974,Extra Label field - Product editor,Reporting & Analytics,Reporting,Medium,Matched token 'report' among multiple possible matches.,No
CS1694976,NPSA Information Alert : NATPSA/2025/006/NHSPS - Harm from incorrect recording of a penicillin allergy as a penicillamine allergy -,Defects & Errors,Error Messages,Medium,Matched token 'error' among multiple possible matches.,No
CS1695015,Stack Trace error when trying to merge two records,Defects & Errors,Error Messages,High,Matched token 'error' in text.,No
CS1695060,printing Delivery notes,Integration & Interfaces,Third-Party Systems,High,Matched token 'pic' in text.,No
CS1695067,ADE716E- RIFAMPICIN 100mg/5mL SYRUP (120mL) - Review Ascribe settings,Configuration & Administration,System Administration,Medium,Matched token 'setting' among multiple possible matches.,No
CS1695118,Reverse Transactions,Reporting & Analytics,Reporting,Medium,Matched token 'report' among multiple possible matches.,No
CS1695119,user log view,Performance & Availability,Performance,Medium,Matched token 'hang' among multiple possible matches.,No
CS1695207,Please un-delete episode NCV00837804 for patient X455025,Data Management,Data Recovery,High,Matched token 'deleted' in text.,No
CS1695295,Emis-live specification 10.22,Service Requests,New Request,Medium,Matched token 'request' among multiple possible matches.,No
CS1695320,Query re EPMA weblink,Access & Security,User Access,Medium,Matched token 'access' among multiple possible matches.,No
CS1695327,System running very slow for all users,Performance & Availability,Performance,High,Matched token 'slow' in text.,No
CS1695398,Need to know how to add new field to document template,Defects & Errors,Error Messages,Medium,Matched token 'error' among multiple possible matches.,No
CS1695407,BNF update,Service Requests,Information Request,High,Matched token 'information' in text.,No
CS1695456,ICMPRES ON GHT-EMISTST-WB3,Unclassified,Needs Review,Low,No strong keyword match in short description/description/close notes.,Yes
CS1695485,BNF update - Query,Access & Security,User Access,Medium,Matched token 'access' among multiple possible matches.,No
CS1695570,Berkshire Daily Checks,Integration & Interfaces,Integration Failure,High,Matched token 'interface' in text.,No
CS1695790,system not allowing selection of batch number when dispensing specific products,Defects & Errors,Error Messages,High,Matched token 'error' in text.,No
CS1695814,Consultants,Unclassified,Needs Review,Low,No strong keyword match in short description/description/close notes.,Yes
CS1695870,#976899 Questions regarding integration,Access & Security,Audit & Compliance,Medium,Matched token 'audit' among multiple possible matches.,No
CS1695924,Linked to case CS1695456 - testing ICMPRES interface issues.,Integration & Interfaces,Integration Failure,High,Matched token 'interface' in text.,No
CS1695984,C21-RWH132151 BC machine,Unclassified,Needs Review,Low,No strong keyword match in short description/description/close notes.,Yes
CS1696060,BCPC HIS518869 is out of sync,Unclassified,Needs Review,Low,No strong keyword match in short description/description/close notes.,Yes
CS1696086,Ward stock list,Performance & Availability,Performance,Medium,Matched token 'hang' among multiple possible matches.,No
CS1696121,Please un-delete episode 174385963 for patient X559251,Data Management,Data Recovery,High,Matched token 'deleted' in text.,No
CS1696151,Berkshire Daily Checks,Integration & Interfaces,Integration Failure,High,Matched token 'interface' in text.,No
CS1696249,Cannot add ew templates,Configuration & Administration,System Administration,High,Matched token 'setting' in text.,No
CS1696285,Sort order on Picking Tickets and Delivery Notes,Configuration & Administration,Configuration Change,Medium,Matched token 'config' among multiple possible matches.,No
CS1696495,Passed Invoices not uploaded to Genfin,Defects & Errors,Error Messages,Medium,Matched token 'exception' among multiple possible matches.,No
CS1696533,Berkshire Daily Checks,Defects & Errors,Error Messages,Medium,Matched token 'error' among multiple possible matches.,No
CS1696568,Berkshire Daily Checks,Integration & Interfaces,Integration Failure,High,Matched token 'interface' in text.,No
CS1696594,Unable to administer Drug,Unclassified,Needs Review,Low,No strong keyword match in short description/description/close notes.,Yes
CS1696677,TIE Unable To Connect To Ascribe_Out,Integration & Interfaces,Integration Failure,High,Matched token 'integration' in text.,No
CS1696718,Access to Ascribe version 10.11,Access & Security,User Access,High,Matched token 'access' in text.,No
CS1696832,Connecting RXC29758 to Dispensing Robot in site 634.,Integration & Interfaces,Third-Party Systems,High,Matched token 'robot' in text.,No
CS1696855,Unable to merge episodes,Performance & Availability,Performance,Medium,Matched token 'hang' among multiple possible matches.,No
CS1696946,Supplier mismatch in system,Reporting & Analytics,Reporting,High,Matched token 'report' in text.,No
CS1696966,SQL Agent job failure,Defects & Errors,Error Messages,Medium,Matched token 'error' among multiple possible matches.,No
CS1696975,Berkshire App/EIE Checks,Reporting & Analytics,Reporting,Medium,Matched token 'report' among multiple possible matches.,No
CS1697004,Credit error - VAT error with Baxter,Performance & Availability,Performance,Medium,Matched token 'hang' among multiple possible matches.,No
CS1697008,Make report with pre-populated for all sites ASCRIBE ISSUES AND TRANSFERS DATA,Reporting & Analytics,Reporting,Medium,Matched token 'report' among multiple possible matches.,No
CS1697012,Link terminal to robots,Access & Security,User Access,Medium,Matched token 'access' among multiple possible matches.,No
CS1697033,BNF update,Performance & Availability,Performance,Medium,Matched token 'hang' among multiple possible matches.,No
CS1697095,Standalone not working,Service Requests,Information Request,High,Matched token 'information' in text.,No
CS1697103,Assets not maintaining terminal activated status,Configuration & Administration,System Administration,High,Matched token 'setting' in text.,No
CS1697187,importing invoices,Defects & Errors,Error Messages,Medium,Matched token 'error' among multiple possible matches.,No
CS1697352,NGH: PAS messages to TEST Pharmacy System,Unclassified,Needs Review,Low,No strong keyword match in short description/description/close notes.,Yes
CS1697389,Unable to Edit Record,Performance & Availability,Performance,Medium,Matched token 'hang' among multiple possible matches.,No
CS1697398,New patient creation.,Access & Security,Audit & Compliance,Medium,Matched token 'audit' among multiple possible matches.,No
CS1697408,"Unable to use ""EMIS Health Secondary Care Prescribing""",Performance & Availability,Availability,Medium,Matched token 'down' among multiple possible matches.,No
CS1697532,Clarification on the use of ! on storesdescription,Unclassified,Needs Review,Low,No strong keyword match in short description/description/close notes.,Yes
CS1697573,National Patient Safety Alert - Urgent information required,Reporting & Analytics,Reporting,Medium,Matched token 'report' among multiple possible matches.,No
CS1697585,Consultants List,Access & Security,User Access,Medium,Matched token 'access' among multiple possible matches.,No
CS1697607,Nurse supply down,Performance & Availability,Availability,Medium,Matched token 'down' among multiple possible matches.,No
CS1697777,Berkshire App/EIE Checks,Reporting & Analytics,Reporting,Medium,Matched token 'report' among multiple possible matches.,No
CS1697799,SQL Server Job Failures,Reporting & Analytics,Reporting,Medium,Matched token 'report' among multiple possible matches.,No
CS1697867,Change the Episode Name,Performance & Availability,Performance,Medium,Matched token 'hang' among multiple possible matches.,No
CS1697876,Stock Take Broken,Performance & Availability,Performance,Medium,Matched token 'hang' among multiple possible matches.,No
CS1698249,eMM in Testing module,Access & Security,User Access,Medium,Matched token 'access' among multiple possible matches.,No
CS1698284,LIVE - GenFin Queries on Batches and Invoice Flow After Reconcile,Performance & Availability,Availability,Medium,Matched token 'down' among multiple possible matches.,No
CS1698286,New server - need help with IP address change,Performance & Availability,Performance,Medium,Matched token 'hang' among multiple possible matches.,No
CS1698296,Locked invoice,Unclassified,Needs Review,Low,No strong keyword match in short description/description/close notes.,Yes
CS1698309,Stock take product file not resetting,Access & Security,User Access,Medium,Matched token 'access' among multiple possible matches.,No
CS1698508,Custom frequency not appearing correctly,Unclassified,Needs Review,Low,No strong keyword match in short description/description/close notes.,Yes
CS1698640,Berkshire App/EIE Checks,Reporting & Analytics,Reporting,Medium,Matched token 'report' among multiple possible matches.,No
CS1698753,Safety factor,Reporting & Analytics,Reporting,Medium,Matched token 'report' among multiple possible matches.,No
CS1698765,AD user being prompted to change password,Access & Security,Authentication,Medium,Matched token 'password' among multiple possible matches.,No
CS1698777,Error message EMIS item enquiry,Defects & Errors,Error Messages,High,Matched token 'error' in text.,No
CS1698839,Administrator rights for EMIS support cases,Performance & Availability,Availability,Medium,Matched token 'down' among multiple possible matches.,No
CS1698972,Report,Reporting & Analytics,Reporting,Medium,Matched token 'report' among multiple possible matches.,No
CS1698990,Unable to Override Lock on Patient lock,Unclassified,Needs Review,Low,No strong keyword match in short description/description/close notes.,Yes
CS1698991,Changing Usernames,Performance & Availability,Performance,Medium,Matched token 'hang' among multiple possible matches.,No
CS1699017,Web pages timing out when editing patient status,Performance & Availability,Performance,Medium,Matched token 'hang' among multiple possible matches.,No
CS1699098,Re-occurrence of issue CS1682215,Unclassified,Needs Review,Low,No strong keyword match in short description/description/close notes.,Yes
CS1699135,VAT rate on 2 drug files,Performance & Availability,Performance,Medium,Matched token 'hang' among multiple possible matches.,No
CS1699151,In relation to CS1686787,Performance & Availability,Performance,Medium,Matched token 'hang' among multiple possible matches.,No
CS1699159,LIVE 10.23 - Printing Picking Tickets Issue (388302),Defects & Errors,Error Messages,Medium,Matched token 'error' among multiple possible matches.,No
CS1699238,Robot support,Integration & Interfaces,Integration Failure,Medium,Matched token 'integration' among multiple possible matches.,No
CS1699258,LENVATINIB!10mg!CAPSULES (KISPLYX) (30 caps) (FOC) LEN001C,Unclassified,Needs Review,Low,No strong keyword match in short description/description/close notes.,Yes
CS1699292,Security Desktop - Long Running Script Error,Performance & Availability,Performance,Medium,Matched token 'slow' among multiple possible matches.,No
CS1699302,Stock take.,Access & Security,User Access,Medium,Matched token 'access' among multiple possible matches.,No
CS1699355,Patient allergy data reporting,Reporting & Analytics,Reporting,Medium,Matched token 'report' among multiple possible matches.,No
CS1699375,Omeflex Products,Service Requests,Information Request,High,Matched token 'information' in text.,No
CS1699377,Medicines disappeared from ePMA,Unclassified,Needs Review,Low,No strong keyword match in short description/description/close notes.,Yes
CS1699387,Berkshire App/EIE Checks,Reporting & Analytics,Reporting,Medium,Matched token 'report' among multiple possible matches.,No
CS1699411,Supplier needs removing for Genfin,Defects & Errors,Error Messages,High,Matched token 'error' in text.,No
CS1699429,Adding a pop-up to an allergy status,Configuration & Administration,Configuration Change,Medium,Matched token 'config' among multiple possible matches.,No
CS1699601,Credit note character limit,Performance & Availability,Performance,Medium,Matched token 'hang' among multiple possible matches.,No
CS1699696,Enema locked cannot override,Unclassified,Needs Review,Low,No strong keyword match in short description/description/close notes.,Yes
CS1699703,System slow and error showing,Performance & Availability,Performance,Medium,Matched token 'slow' among multiple possible matches.,No
CS1699746,Critical vulnerability affecting the React and Next.js library,Notifications & Communications,Alerts,High,Matched token 'alert' in text.,No
CS1699866,Serious Security risk,Notifications & Communications,Alerts,High,Matched token 'alert' in text.,No
CS1699926,Berkshire App/EIE Checks,Reporting & Analytics,Reporting,Medium,Matched token 'report' among multiple possible matches.,No
CS1699963,Episodes will not merge,Performance & Availability,Performance,Medium,Matched token 'hang' among multiple possible matches.,No
CS1699967,Report,Reporting & Analytics,Reporting,Medium,Matched token 'report' among multiple possible matches.,No
CS1699974,Episodes will not merge,Performance & Availability,Performance,Medium,Matched token 'hang' among multiple possible matches.,No
CS1699981,Episodes will not merge,Performance & Availability,Performance,Medium,Matched token 'hang' among multiple possible matches.,No
CS1700185,Cyber Alert - HIGH RISK - CC-4723,Notifications & Communications,Alerts,High,Matched token 'alert' in text.,No
CS1700204,Change Username,Access & Security,Authentication,Medium,Matched token 'login' among multiple possible matches.,No
CS1700211,Adjusting eMM flags,Performance & Availability,Performance,Medium,Matched token 'hang' among multiple possible matches.,No
CS1700213,Stack Tracer error when merging,Access & Security,User Access,Medium,Matched token 'access' among multiple possible matches.,No
CS1700280,Manuals,Access & Security,User Access,Medium,Matched token 'access' among multiple possible matches.,No
CS1700315,NPSA alert incorrect recording of Penicillin Allergy as Penicillamine allergy,Reporting & Analytics,Reporting,Medium,Matched token 'report' among multiple possible matches.,No
CS1700328,Unable to dispense clobazam,Access & Security,User Access,Medium,Matched token 'access' among multiple possible matches.,No
CS1700425,Unable to login to EPMA,Access & Security,User Access,Medium,Matched token 'access' among multiple possible matches.,No
CS1700428,Berkshire App/EIE Checks,Defects & Errors,Error Messages,Medium,Matched token 'error' among multiple possible matches.,No
CS1700430,Call from Dr Madarbocus .  Unable to prescribe as terminal not activated.,Access & Security,Authentication,Medium,Matched token 'login' among multiple possible matches.,No
CS1700441,Request for Information on date Ascribe installed at L&G,Service Requests,New Request,Medium,Matched token 'request' among multiple possible matches.,No
CS1700448,Berkshire App/EIE Checks,Reporting & Analytics,Reporting,Medium,Matched token 'report' among multiple possible matches.,No
CS1700455,Reporting,Access & Security,User Access,Medium,Matched token 'access' among multiple possible matches.,No
CS1700638,"I'm trying to change a product code on Ascribe as the wholesalers states the code has changed, for omeflex special 1250ml so it can be ordered. But it won't allow me to save it?",Performance & Availability,Performance,Medium,Matched token 'hang' among multiple possible matches.,No
CS1700841,PAR patient administration record printing,Reporting & Analytics,Reporting,High,Matched token 'report' in text.,No
CS1701034,Several error messages appearing today,Performance & Availability,Performance,Medium,Matched token 'hang' among multiple possible matches.,No
CS1701162,Sout Tees Primary CTM Alert,Performance & Availability,Performance,Medium,Matched token 'slow' among multiple possible matches.,No
CS1701393,HIGH SEVERITY ALERT: CC-4723 - (TLP:CLEAR) - is Pharmacy system affected?,Access & Security,User Access,Medium,Matched token 'access' among multiple possible matches.,No
CS1701404,Ascribe cube reporting server not updating,Defects & Errors,Error Messages,Medium,Matched token 'error' among multiple possible matches.,No
CS1701441,BC Reports taking a long time,Reporting & Analytics,Reporting,High,Matched token 'report' in text.,No
CS1701495,Drug File Duplication,Data Management,Data Correction,Medium,Matched token 'duplicate' among multiple possible matches.,No
CS1701539,LIVE 10.23 - EHSC_HAP_LIVE - Interface Last Activity Check,Defects & Errors,Error Messages,Medium,Matched token 'error' among multiple possible matches.,No
CS1701575,Drug File Duplication,Data Management,Data Correction,High,Matched token 'duplicate' in text.,No
CS1701602,"Prescription locked, unable to administer medication",Unclassified,Needs Review,Low,No strong keyword match in short description/description/close notes.,Yes
CS1701708,Locked patient record,Unclassified,Needs Review,Low,No strong keyword match in short description/description/close notes.,Yes
CS1701710,Penicillamine Allergy Report,Reporting & Analytics,Reporting,Medium,Matched token 'report' among multiple possible matches.,No
CS1701743,Omitted Dose Report,Reporting & Analytics,Reporting,High,Matched token 'report' in text.,No
CS1701762,testing on Ascribe live client on windows 11,Defects & Errors,Error Messages,Medium,Matched token 'error' among multiple possible matches.,No
CS1701789,PSO good received at incorrect price,Unclassified,Needs Review,Low,No strong keyword match in short description/description/close notes.,Yes
CS1701901,NPPG labelling position statement,Performance & Availability,Performance,Medium,Matched token 'hang' among multiple possible matches.,No
CS1701904,2 locked patients - please unlock delaying patient discharge,Service Requests,New Request,High,Matched token 'request' in text.,No
CS1701928,Questions about Ascribe,Configuration & Administration,Configuration Change,Medium,Matched token 'config' among multiple possible matches.,No
CS1701966,Missing Invoice transactions,Unclassified,Needs Review,Low,No strong keyword match in short description/description/close notes.,Yes
CS1702038,Users losing permissions,Access & Security,User Access,Medium,Matched token 'permission' among multiple possible matches.,No
CS1702053,Multiple entries for same patient appearing on worklist,Service Requests,Information Request,High,Matched token 'information' in text.,No
CS1702108,Critical System Vulnerability – Action Required: Respond by 20th December,Configuration & Administration,System Administration,Medium,Matched token 'patch' among multiple possible matches.,No
CS1702112,ADT connection lost,Integration & Interfaces,Integration Failure,High,Matched token 'hl7' in text.,No
CS1702128,BNF Update,Access & Security,User Access,Medium,Matched token 'access' among multiple possible matches.,No
CS1702166,VAT INCORRECT NST474E SODIUM CHLORIDE!30%!INJECTION (10 x 10mL amps),Performance & Availability,Performance,Medium,Matched token 'hang' among multiple possible matches.,No
CS1702179,Batch tracking,User Guidance & Training,How-To Request,Medium,Matched token 'how to' among multiple possible matches.,No
CS1702214,Nurse supply down,Performance & Availability,Availability,Medium,Matched token 'down' among multiple possible matches.,No
CS1702225,Incorrect allergies,Notifications & Communications,Alerts,High,Matched token 'alert' in text.,No
CS1702228,Queries -  inputting Allergies - Penicillin/Penicillamine,Performance & Availability,Performance,Medium,Matched token 'hang' among multiple possible matches.,No
CS1702293,Slow system speed,Performance & Availability,Performance,Medium,Matched token 'slow' among multiple possible matches.,No
CS1702303,Missing delivery note,Integration & Interfaces,Third-Party Systems,High,Matched token 'pic' in text.,No
CS1702327,Untick the boxes for printing discharge summaries,Service Requests,New Request,High,Matched token 'request' in text.,No
CS1702356,patient locked,Unclassified,Needs Review,Low,No strong keyword match in short description/description/close notes.,Yes
CS1702506,Reports does not show prescriptions within order sets,Performance & Availability,Performance,Medium,Matched token 'hang' among multiple possible matches.,No
CS1702524,Patient merge not working,Performance & Availability,Performance,Medium,Matched token 'hang' among multiple possible matches.,No
CS1702622,Gains and losses,Workflow & Process,Workflow Issue,High,Matched token 'workflow' in text.,No
CS1702633,Unable to access program,Access & Security,User Access,Medium,Matched token 'access' among multiple possible matches.,No
CS1702730,Emis/Omnicell connection,Integration & Interfaces,Integration Failure,Medium,Matched token 'interface' among multiple possible matches.,No
CS1702790,Unable to override lock on medication to amend,Unclassified,Needs Review,Low,No strong keyword match in short description/description/close notes.,Yes
CS1702798,Users unable to see,Access & Security,User Access,Medium,Matched token 'access' among multiple possible matches.,No
CS1702809,patient merge,Unclassified,Needs Review,Low,No strong keyword match in short description/description/close notes.,Yes
CS1703036,EPMA Issue - Cannot Administer Medication,Defects & Errors,Error Messages,Medium,Matched token 'error' among multiple possible matches.,No
CS1703243,Lost communication with Rowa,Performance & Availability,Performance,Medium,Matched token 'hang' among multiple possible matches.,No
CS1703383,Labelling - repeat dispensing,Service Requests,Information Request,High,Matched token 'information' in text.,No
CS1703390,Genfin.exe - not opening on 24H2,Reporting & Analytics,Reporting,High,Matched token 'report' in text.,No
CS1703419,Adding batch number into labelling editor,Performance & Availability,Performance,Medium,Matched token 'hang' among multiple possible matches.,No
CS1703432,Incomplete records being pulled on ROQ/ROL reports,Performance & Availability,Performance,Medium,Matched token 'hang' among multiple possible matches.,No
CS1703526,T Drive full,Data Management,Data Recovery,Medium,Matched token 'deleted' among multiple possible matches.,No
CS1703555,LIVE 10.23 - Picking Ticket Stock Left in Limbo - Can't Receive Stock,Integration & Interfaces,Third-Party Systems,High,Matched token 'pic' in text.,No
CS1703589,LIVE 10.23 - PSO Order Showing Strange Date Raised option,Service Requests,Information Request,High,Matched token 'information' in text.,No
CS1703718,Zebra printer,Performance & Availability,Performance,Medium,Matched token 'hang' among multiple possible matches.,No
CS1703719,Transactions,Reporting & Analytics,Reporting,Medium,Matched token 'report' among multiple possible matches.,No
CS1703738,New site feed - Genfin setup,Configuration & Administration,Configuration Change,Medium,Matched token 'config' among multiple possible matches.,No
CS1703925,Phone,Defects & Errors,Error Messages,Medium,Matched token 'error' among multiple possible matches.,No
CS1703985,Nurse supply request is down,Performance & Availability,Availability,Medium,Matched token 'down' among multiple possible matches.,No
CS1704051,Drug chart erroring for specific patient,Access & Security,User Access,Medium,Matched token 'access' among multiple possible matches.,No
CS1704135,On call - all users unable to reach login page.,Access & Security,User Access,Medium,Matched token 'access' among multiple possible matches.,No
CS1704138,PHAR-UA-DB1-V / S Drive Disk Space,Reporting & Analytics,Reporting,High,Matched token 'report' in text.,No
CS1704167,SYSTEM FAILURE,Defects & Errors,Error Messages,Medium,Matched token 'error' among multiple possible matches.,No
CS1704181,ON CALL - eMM Nurse Supply Request - An error has occurred,Defects & Errors,Error Messages,Medium,Matched token 'error' among multiple possible matches.,No
CS1704445,LIVE 10.23 - Deadlocks when trying to Issue Stock,Integration & Interfaces,Third-Party Systems,High,Matched token 'pic' in text.,No
CS1704576,RQ isn't disappearing from stock list,Access & Security,Authentication,Medium,Matched token 'login' among multiple possible matches.,No
CS1704628,HL& Messaging Interface,Configuration & Administration,System Administration,Medium,Matched token 'setting' among multiple possible matches.,No
CS1704644,Speciality - RESPM,Reporting & Analytics,Reporting,High,Matched token 'report' in text.,No
CS1704663,ADT messages not passing from TIE,Unclassified,Needs Review,Low,No strong keyword match in short description/description/close notes.,Yes
CS1704689,493 Can't delete older orders,Data Management,Data Recovery,High,Matched token 'deleted' in text.,No
CS1704709,To-Follows,Reporting & Analytics,Reporting,High,Matched token 'report' in text.,No
CS1704815,Several BC machines are not replicating,Data Management,Data Recovery,Medium,Matched token 'restore' among multiple possible matches.,No
CS1705087,Site 659,Defects & Errors,Error Messages,High,Matched token 'error' in text.,No
CS1705135,In relation to CS1589065,Unclassified,Needs Review,Low,No strong keyword match in short description/description/close notes.,Yes
CS1705145,Update mapping table,Performance & Availability,Performance,Medium,Matched token 'hang' among multiple possible matches.,No
CS1705183,Test system not working,Defects & Errors,Error Messages,High,Matched token 'error' in text.,No
CS1705212,Locked dose,Unclassified,Needs Review,Low,No strong keyword match in short description/description/close notes.,Yes
CS1705213,Drug chart printing from Nursing desktop,Unclassified,Needs Review,Low,No strong keyword match in short description/description/close notes.,Yes
CS1705222,Update password issue,Access & Security,Authentication,Medium,Matched token 'login' among multiple possible matches.,No
CS1705380,Queues on ICMPRES,Unclassified,Needs Review,Low,No strong keyword match in short description/description/close notes.,Yes
CS1705384,PAR button,Configuration & Administration,Configuration Change,Medium,Matched token 'config' among multiple possible matches.,No
CS1705441,EMIS TPN: PID in test env and removal.,Unclassified,Needs Review,Low,No strong keyword match in short description/description/close notes.,Yes
CS1705627,LIVE 10.23 - Stock Take Utility - Showing Limited Drugs,Access & Security,Audit & Compliance,High,Matched token 'audit' in text.,No
CS1705925,Stocktake,Unclassified,Needs Review,Low,No strong keyword match in short description/description/close notes.,Yes
CS1705957,Ward removal,Defects & Errors,Error Messages,Medium,Matched token 'error' among multiple possible matches.,No
CS1705961,"Two deceased patients sat on to-follow list, unable to remove them",Service Requests,Information Request,High,Matched token 'information' in text.,No
CS1706025,Prednisolone 5mg tablets issue,Integration & Interfaces,Third-Party Systems,Medium,Matched token 'robot' among multiple possible matches.,No
CS1706064,TEST Enviroment - ADT down,Access & Security,User Access,Medium,Matched token 'permission' among multiple possible matches.,No
CS1706127,Unable to clear eMM request from eMM Accuracy Checking (All),Service Requests,New Request,Medium,Matched token 'request' among multiple possible matches.,No
CS1706151,Sticky Note Issue,Performance & Availability,Performance,Medium,Matched token 'hang' among multiple possible matches.,No
CS1706233,CIVAS/ Manufacturing,Performance & Availability,Performance,Medium,Matched token 'hang' among multiple possible matches.,No
CS1706495,Label Margin Issue,Configuration & Administration,System Administration,Medium,Matched token 'setting' among multiple possible matches.,No
CS1706561,unable to process drugfile requests,Performance & Availability,Availability,Medium,Matched token 'down' among multiple possible matches.,No
CS1706625,Nurse supply request down,Performance & Availability,Availability,Medium,Matched token 'down' among multiple possible matches.,No
CS1706659,Discharge permissions,Access & Security,User Access,Medium,Matched token 'access' among multiple possible matches.,No
CS1706699,Drug chart sections,Performance & Availability,Performance,Medium,Matched token 'hang' among multiple possible matches.,No
CS1706831,Ward StockLIsts WITH Barcode,Performance & Availability,Performance,Medium,Matched token 'hang' among multiple possible matches.,No
CS1706877,#981113 Episode selector filters ineffective,Configuration & Administration,Configuration Change,Medium,Matched token 'config' among multiple possible matches.,No
CS1706892,System Down,Access & Security,User Access,Medium,Matched token 'access' among multiple possible matches.,No
CS1706897,Nurse supply request error,Defects & Errors,Error Messages,Medium,Matched token 'error' among multiple possible matches.,No
CS1706923,DORIS repeat batches disappearing,Defects & Errors,Error Messages,Medium,Matched token 'error' among multiple possible matches.,No
CS1706973,Unable to merge patients,Defects & Errors,Error Messages,Medium,Matched token 'error' among multiple possible matches.,No
CS1706990,Template building,Defects & Errors,Error Messages,High,Matched token 'error' in text.,No
CS1707043,Client Install Issues,Defects & Errors,Error Messages,Medium,Matched token 'error' among multiple possible matches.,No
CS1707076,locked Invoice,Unclassified,Needs Review,Low,No strong keyword match in short description/description/close notes.,Yes
CS1707143,FW: Case CS1697187 comments added,Defects & Errors,Error Messages,Medium,Matched token 'error' among multiple possible matches.,No
CS1707214,Automatic redirect of Patient Location,Performance & Availability,Performance,Medium,Matched token 'hang' among multiple possible matches.,No
CS1707251,Event Engine Alert for Live,Access & Security,User Access,Medium,Matched token 'access' among multiple possible matches.,No
CS1707443,Item enquiry error,Defects & Errors,Error Messages,Medium,Matched token 'error' among multiple possible matches.,No
CS1707528,Tidy Reprint Files,Performance & Availability,Availability,Medium,Matched token 'down' among multiple possible matches.,No
CS1707605,eDischarge inbound messages stuck,Workflow & Process,Workflow Issue,Medium,Matched token 'stuck' among multiple possible matches.,No
CS1707665,Ascribe Interface,Performance & Availability,Availability,Medium,Matched token 'down' among multiple possible matches.,No
CS1707679,TEST Environment Error - same as CS1705183,Performance & Availability,Availability,Medium,Matched token 'down' among multiple possible matches.,No
CS1707832,Berkshire Daily checks,Integration & Interfaces,Integration Failure,High,Matched token 'interface' in text.,No
CS1707857,CS - 1706233,Performance & Availability,Performance,Medium,Matched token 'hang' among multiple possible matches.,No
CS1707881,Patient Merge,Performance & Availability,Performance,Medium,Matched token 'hang' among multiple possible matches.,No
CS1707884,ePMA: SSRS Report not providing excel download: Doses Not Given with Reason V5,Performance & Availability,Performance,Medium,Matched token 'hang' among multiple possible matches.,No
CS1707946,Dispensing Labels,Unclassified,Needs Review,Low,No strong keyword match in short description/description/close notes.,Yes
CS1707950,Dispensary Labels,Service Requests,Information Request,High,Matched token 'information' in text.,No
CS1707957,Label Print Formatting,Access & Security,User Access,Medium,Matched token 'permission' among multiple possible matches.,No
CS1707963,Printer running slow,Performance & Availability,Performance,High,Matched token 'slow' in text.,No
CS1708389,Several reports of speed issues,Performance & Availability,Performance,Medium,Matched token 'slow' among multiple possible matches.,No
CS1708479,Berkshire Daily Checks,Integration & Interfaces,Integration Failure,High,Matched token 'interface' in text.,No
CS1708591,Delivery notes.,Integration & Interfaces,Third-Party Systems,High,Matched token 'pic' in text.,No
CS1708682,EMM Accuracy checking desktop error,Defects & Errors,Error Messages,Medium,Matched token 'error' among multiple possible matches.,No
CS1708695,error message when attempting to add a pharmacy note or intervention,Access & Security,User Access,Medium,Matched token 'permission' among multiple possible matches.,No
CS1708815,EPMA Issue - Cannot Administer Medication,Access & Security,User Access,Medium,Matched token 'access' among multiple possible matches.,No
CS1708822,Invoice matching - raising case again,Data Management,Data Correction,Medium,Matched token 'duplicate' among multiple possible matches.,No
CS1708876,table failed to populate,Defects & Errors,Error Messages,Medium,Matched token 'error' among multiple possible matches.,No
CS1708975,Berkshire Daily Checks,Integration & Interfaces,Integration Failure,High,Matched token 'interface' in text.,No
CS1708996,Medication item expired,Service Requests,Information Request,High,Matched token 'information' in text.,No
CS1709144,"BCPC: HIS523115. Is Not Synchronised, Database last update at 22/12/2025 11:45",Unclassified,Needs Review,Low,No strong keyword match in short description/description/close notes.,Yes
CS1709164,Berkshire Daily Checks,Integration & Interfaces,Integration Failure,High,Matched token 'interface' in text.,No
CS1709167,System down in Milford ward,Access & Security,Authentication,Medium,Matched token 'login' among multiple possible matches.,No
CS1709168,Berkshire Daily checks,Integration & Interfaces,Integration Failure,High,Matched token 'interface' in text.,No
CS1709205,Berks Daily Checks,Integration & Interfaces,Integration Failure,High,Matched token 'interface' in text.,No
CS1709213,Nurse supply request is down,Performance & Availability,Availability,Medium,Matched token 'down' among multiple possible matches.,No
CS1709216,Berkshire daily checks,Integration & Interfaces,Integration Failure,High,Matched token 'interface' in text.,No
CS1709217,Pharmacy Reference Data modules unresponsive,Access & Security,User Access,Medium,Matched token 'access' among multiple possible matches.,No
CS1709246,Servers  WIndows Updates,Access & Security,User Access,Medium,Matched token 'permission' among multiple possible matches.,No
CS1709287,Berkshire CHecks,Integration & Interfaces,Integration Failure,High,Matched token 'interface' in text.,No
CS1709317,PSO Order Summary Incorrect,Service Requests,Information Request,High,Matched token 'information' in text.,No
CS1709562,Security Desktop is slow,Access & Security,Authentication,Medium,Matched token 'password' among multiple possible matches.,No
CS1709599,BC machine - WP-RWH06192,Unclassified,Needs Review,Low,No strong keyword match in short description/description/close notes.,Yes
CS1709640,Expired items on emm worklist,Access & Security,User Access,Medium,Matched token 'access' among multiple possible matches.,No
CS1709712,Medication not being pulled through to Pharmacy Team.,Service Requests,New Request,Medium,Matched token 'request' among multiple possible matches.,No
CS1709782,BC machine -A12 - RWH04986 and A10-RWH01000,Unclassified,Needs Review,Low,No strong keyword match in short description/description/close notes.,Yes
CS1709799,Deleted episode in ePMA,Data Management,Data Recovery,Medium,Matched token 'deleted' among multiple possible matches.,No
CS1709851,TEST Environment - No Data,Unclassified,Needs Review,Low,No strong keyword match in short description/description/close notes.,Yes
CS1709954,Medication locked - unable to mark as administered,Unclassified,Needs Review,Low,No strong keyword match in short description/description/close notes.,Yes
CS1709963,Unable to administer medication for patient due to locked by another user,Unclassified,Needs Review,Low,No strong keyword match in short description/description/close notes.,Yes
CS1710103,Medication locked by another user,Service Requests,New Request,High,Matched token 'request' in text.,No
CS1710122,Performance issues,Unclassified,Needs Review,Low,No strong keyword match in short description/description/close notes.,Yes
CS1710175,Picking ticket information not all passing to robot,Configuration & Administration,Configuration Change,Medium,Matched token 'config' among multiple possible matches.,No
CS1710628,Performace issue,Defects & Errors,Error Messages,High,Matched token 'error' in text.,No
CS1710744,Patient incorrect Surname,Unclassified,Needs Review,Low,No strong keyword match in short description/description/close notes.,Yes
CS1710828,Installer fails on Windows 11 due to DLL SysWOW64\craxddrt.dll,Defects & Errors,Error Messages,Medium,Matched token 'error' among multiple possible matches.,No
CS1710852,Lisa phone reporting the system is going very,Performance & Availability,Performance,Medium,Matched token 'slow' among multiple possible matches.,No
CS1710898,BCPC HIS523281 stopped synching,Unclassified,Needs Review,Low,No strong keyword match in short description/description/close notes.,Yes
CS1710927,Reports of slow performance,Performance & Availability,Performance,Medium,Matched token 'slow' among multiple possible matches.,No
CS1710962,duplicate productid,Data Management,Data Correction,Medium,Matched token 'duplicate' among multiple possible matches.,No
CS1711000,Incorrect RIP patient,Reporting & Analytics,Reporting,High,Matched token 'report' in text.,No
CS1711037,Nurse supply down,Performance & Availability,Availability,Medium,Matched token 'down' among multiple possible matches.,No
CS1711039,Print speed,Unclassified,Needs Review,Low,No strong keyword match in short description/description/close notes.,Yes
CS1711072,LIVE 10.23 - Can't Select Template for Drug Line ZUC857W - Crash on Dispense,Defects & Errors,Error Messages,High,Matched token 'error' in text.,No
CS1711078,ELFS are advising invoice and analysis files don't match,Reporting & Analytics,Reporting,High,Matched token 'report' in text.,No
CS1711265,Stuck stat doses on clinical checking list,Defects & Errors,Error Messages,Medium,Matched token 'error' among multiple possible matches.,No
CS1711274,Vulnerability Scan,Access & Security,User Access,Medium,Matched token 'access' among multiple possible matches.,No
CS1711469,BCPC HIS523114 - not showing medication administrations,Unclassified,Needs Review,Low,No strong keyword match in short description/description/close notes.,Yes
CS1711470,Repeated error message while attempting nurse supply requests,Defects & Errors,Error Messages,Medium,Matched token 'error' among multiple possible matches.,No
CS1711490,Missing Permissions,Access & Security,User Access,Medium,Matched token 'permission' among multiple possible matches.,No
CS1711555,LIVE 10.23 - Printing Picking Tickets from Robot Interface,Defects & Errors,Error Messages,Medium,Matched token 'error' among multiple possible matches.,No
CS1711558,"Unable to keep the 'Hide this folder in the Coded Reason Picker"" unticked",Integration & Interfaces,Third-Party Systems,High,Matched token 'pic' in text.,No
CS1711586,LIVE 10.23 - Ordering Medications from eMM Orders and Dispensing,Defects & Errors,Error Messages,Medium,Matched token 'error' among multiple possible matches.,No
CS1711647,Branch 1548 - Storage capacity problems.,Configuration & Administration,System Administration,High,Matched token 'setting' in text.,No
CS1711668,Berkshire daily checks,Integration & Interfaces,Integration Failure,High,Matched token 'interface' in text.,No
CS1711842,Computer/Omnicell chute issues,Performance & Availability,Performance,Medium,Matched token 'hang' among multiple possible matches.,No
CS1711971,TCP/IP comms client,Integration & Interfaces,Third-Party Systems,Medium,Matched token 'robot' among multiple possible matches.,No
CS1712017,Label Prints,Notifications & Communications,Email,High,Matched token 'email' in text.,No
CS1712412,Berkshire daily checks,Integration & Interfaces,Integration Failure,High,Matched token 'interface' in text.,No
CS1712436,Remove supplier from Exclusion List,Defects & Errors,Error Messages,High,Matched token 'error' in text.,No
CS1712440,Penicillamine Allergy Report (2),Access & Security,User Access,Medium,Matched token 'access' among multiple possible matches.,No
CS1712469,wrong pack size,Unclassified,Needs Review,Low,No strong keyword match in short description/description/close notes.,Yes
CS1712527,Unable to access reporting manager,Access & Security,User Access,Medium,Matched token 'access' among multiple possible matches.,No
CS1712699,PAS Interface,Integration & Interfaces,Integration Failure,High,Matched token 'interface' in text.,No
CS1712716,Batch not showing all dates,Integration & Interfaces,Integration Failure,Medium,Matched token 'interface' among multiple possible matches.,No
CS1712809,"Users unable to access the Ascribe Reporting system at Bury, Rochdale and Oldham",Access & Security,User Access,Medium,Matched token 'access' among multiple possible matches.,No
CS1712872,BC machine not replicating/updating,Unclassified,Needs Review,Low,No strong keyword match in short description/description/close notes.,Yes
CS1712885,Re: Request to Arrange Meeting – Invoice Issue Resolution (Case CS1697187),Access & Security,User Access,Medium,Matched token 'permission' among multiple possible matches.,No
CS1712892,Episode is missing in EMIS when a Outpatient referral is created,Service Requests,Information Request,High,Matched token 'information' in text.,No
CS1712904,System performance post upgrade to version 10.23,Defects & Errors,Error Messages,Medium,Matched token 'error' among multiple possible matches.,No
CS1713160,Unable to print stock takes,Access & Security,Authentication,Medium,Matched token 'login' among multiple possible matches.,No
CS1713178,Daily checks,Integration & Interfaces,Integration Failure,High,Matched token 'interface' in text.,No
CS1713183,URGENT - unable to update PMR lines,Access & Security,User Access,High,Matched token 'permission' in text.,No
CS1713193,PMR - 2 records,Unclassified,Needs Review,Low,No strong keyword match in short description/description/close notes.,Yes
CS1713199,EMIS Security Vulnerability,Service Requests,Information Request,High,Matched token 'information' in text.,No
CS1713322,EHSC_HAP_LIVE_Daily_Full_Backup is not backing up,Access & Security,User Access,Medium,Matched token 'access' among multiple possible matches.,No
CS1713375,Overnight Job fail,Reporting & Analytics,Reporting,High,Matched token 'report' in text.,No
CS1713469,CNWL Firewall Migration – Public IP Address Change Effective 17 January 2026,Access & Security,User Access,Medium,Matched token 'access' among multiple possible matches.,No
CS1713609,"PAS system : The patient's title (like Mr, Mrs, or Dr) is missing in EMIS and the patient Address not aligned properly in EMIS",Unclassified,Needs Review,Low,No strong keyword match in short description/description/close notes.,Yes
CS1713807,Regarding Batch tracking case: CS1702179,Performance & Availability,Availability,High,Matched token 'down' in text.,No
CS1713830,Item enquiry delay,Service Requests,Information Request,High,Matched token 'information' in text.,No
CS1713846,Enable Terminal  for ROWA access,Access & Security,User Access,Medium,Matched token 'access' among multiple possible matches.,No
CS1713885,Daily Performacnce checks,Integration & Interfaces,Integration Failure,High,Matched token 'interface' in text.,No
CS1713938,Cyber alerts,Notifications & Communications,Alerts,High,Matched token 'alert' in text.,No
CS1714045,Patient Address not aligned properly in EMIS,Unclassified,Needs Review,Low,No strong keyword match in short description/description/close notes.,Yes
CS1714116,Item ordered from one supplier switched to another when received.,Access & Security,Audit & Compliance,Medium,Matched token 'audit' among multiple possible matches.,No
CS1714165,duplicate products in product file,Data Management,Data Correction,Medium,Matched token 'duplicate' among multiple possible matches.,No
CS1714178,Merge patient V260553,Data Management,Data Correction,High,Matched token 'duplicate' in text.,No
CS1714184,Standalone Instillation,Unclassified,Needs Review,Low,No strong keyword match in short description/description/close notes.,Yes
CS1714229,Robot,Integration & Interfaces,Third-Party Systems,High,Matched token 'robot' in text.,No
CS1714318,FW: EXCEPTION INVOICES/HEADER RECORD MISSING,Performance & Availability,Availability,Medium,Matched token 'down' among multiple possible matches.,No
CS1714336,DSS override reasons,Performance & Availability,Performance,Medium,Matched token 'hang' among multiple possible matches.,No
CS1714592,Patient Merge Issue,Performance & Availability,Performance,High,Matched token 'hang' in text.,No
CS1714721,Daily checks,Integration & Interfaces,Integration Failure,High,Matched token 'interface' in text.,No
CS1714722,Unable to update Supplier Details,Performance & Availability,Performance,Medium,Matched token 'hang' among multiple possible matches.,No
CS1714844,New Supply Request blocked,Service Requests,New Request,High,Matched token 'request' in text.,No
CS1714918,Losses and Gains,Integration & Interfaces,Data Exchange,Medium,Matched token 'import' among multiple possible matches.,No
CS1714949,eMM clinic build assistance,Performance & Availability,Performance,Medium,Matched token 'hang' among multiple possible matches.,No
CS1715010,Finance Function Query.,Integration & Interfaces,Integration Failure,Medium,Matched token 'interface' among multiple possible matches.,No
CS1715038,linked prescription functionality PRB0050103/CS0924443,Defects & Errors,Error Messages,High,Matched token 'error' in text.,No
CS1715079,Remove supplier from Exclusion List (2),Unclassified,Needs Review,Low,No strong keyword match in short description/description/close notes.,Yes
CS1715094,Issue with shared computer losing terminal,Access & Security,Authentication,Medium,Matched token 'login' among multiple possible matches.,No
CS1715226,Daily checks,Integration & Interfaces,Integration Failure,High,Matched token 'interface' in text.,No
CS1715237,Nurse Supply request,Data Management,Data Correction,Medium,Matched token 'duplicate' among multiple possible matches.,No
CS1715239,Daily checks,Integration & Interfaces,Integration Failure,High,Matched token 'interface' in text.,No
CS1715326,Can't connect to report server,Performance & Availability,Availability,Medium,Matched token 'down' among multiple possible matches.,No
CS1715344,Nurse supply request is down,Performance & Availability,Availability,Medium,Matched token 'down' among multiple possible matches.,No
CS1715406,PAS access,Access & Security,User Access,High,Matched token 'access' in text.,No
CS1715496,Account Locked out,Access & Security,Authentication,Medium,Matched token 'password' among multiple possible matches.,No
CS1715610,Duplicate Supplier error on 'Overnight Job' server,Performance & Availability,Performance,Medium,Matched token 'hang' among multiple possible matches.,No
CS1715716,BNF Link via EPMA,Notifications & Communications,Email,High,Matched token 'email' in text.,No
CS1715837,Berkshire Checks,Integration & Interfaces,Integration Failure,High,Matched token 'interface' in text.,No
CS1715841,LIVE 10.23 - Windows 11 Versions (23h2 and 25h2),Reporting & Analytics,Reporting,High,Matched token 'report' in text.,No
CS1715908,Windows 11 23H2,Unclassified,Needs Review,Low,No strong keyword match in short description/description/close notes.,Yes
CS1716010,updating a link within Emis,Access & Security,User Access,Medium,Matched token 'access' among multiple possible matches.,No
CS1716015,Speciality,Performance & Availability,Performance,Medium,Matched token 'hang' among multiple possible matches.,No
CS1716051,Pharmacy BC,Performance & Availability,Availability,Medium,Matched token 'down' among multiple possible matches.,No
CS1716056,CS1715610,Defects & Errors,Error Messages,Medium,Matched token 'error' among multiple possible matches.,No
CS1716452,Errors,Defects & Errors,Error Messages,Medium,Matched token 'error' among multiple possible matches.,No
CS1716470,SQL code for Allergy deletion,Data Management,Data Recovery,Medium,Matched token 'deleted' among multiple possible matches.,No
CS1716477,Sysetm speed,Access & Security,Authentication,Medium,Matched token 'login' among multiple possible matches.,No
CS1716558,SQL Server Issue,Access & Security,User Access,Medium,Matched token 'access' among multiple possible matches.,No
CS1716573,worklist,Performance & Availability,Performance,Medium,Matched token 'hang' among multiple possible matches.,No
CS1716579,Unable to discontinue stat medication,Unclassified,Needs Review,Low,No strong keyword match in short description/description/close notes.,Yes
CS1716636,locked patient,Unclassified,Needs Review,Low,No strong keyword match in short description/description/close notes.,Yes
CS1716646,Berkshire Check Daily,Integration & Interfaces,Integration Failure,High,Matched token 'interface' in text.,No
CS1716729,Users unable to access the optum software,Access & Security,User Access,Medium,Matched token 'access' among multiple possible matches.,No
CS1716823,Standalone Job Failed,Unclassified,Needs Review,Low,No strong keyword match in short description/description/close notes.,Yes
CS1716838,'H' drive nearly full,Notifications & Communications,Alerts,High,Matched token 'alert' in text.,No
CS1716910,Batch Number,Performance & Availability,Performance,Medium,Matched token 'hang' among multiple possible matches.,No
CS1717109,"BCPC: HIS523117. Is Not Synchronised, Database last update at 13/01/2026 03:15",Unclassified,Needs Review,Low,No strong keyword match in short description/description/close notes.,Yes
CS1717113,"BCPC: HIS523116. Is Not Synchronised, Database last update at 14/01/2026 00:15",Unclassified,Needs Review,Low,No strong keyword match in short description/description/close notes.,Yes
CS1717118,New BNF Install,Access & Security,User Access,Medium,Matched token 'access' among multiple possible matches.,No
CS1717225,Connecting new terminals to chutes,Integration & Interfaces,Third-Party Systems,High,Matched token 'robot' in text.,No
CS1717240,CS1717109 and CS1717113,Performance & Availability,Performance,Medium,Matched token 'hang' among multiple possible matches.,No
CS1717250,Nurse supply request down,Performance & Availability,Availability,Medium,Matched token 'down' among multiple possible matches.,No
CS1717253,See Case CS1673465 Unable to Reconcile the attached invoice,Access & Security,User Access,Medium,Matched token 'access' among multiple possible matches.,No
CS1717266,RE: CS1717109 and CS1717113,Performance & Availability,Performance,Medium,Matched token 'hang' among multiple possible matches.,No
CS1717286,Connecting new terminals to chutes,Integration & Interfaces,Third-Party Systems,High,Matched token 'robot' in text.,No
CS1717322,EMIS Episode Status Remains Inpatient After Patient Discharge,Performance & Availability,Performance,Medium,Matched token 'hang' among multiple possible matches.,No
CS1717349,Deleted episode,Access & Security,User Access,Medium,Matched token 'access' among multiple possible matches.,No
CS1717474,New BNF Install,Access & Security,User Access,Medium,Matched token 'access' among multiple possible matches.,No
CS1717477,Amending layouts for stock take paper work and Roq and ROL,Performance & Availability,Performance,Medium,Matched token 'hang' among multiple possible matches.,No
CS1717493,Berkshire Daily checks,Integration & Interfaces,Integration Failure,High,Matched token 'interface' in text.,No
CS1717504,National -Incorrect Recording Of A Penicillin Allergy As A Penicillamine Allergy,Notifications & Communications,Alerts,High,Matched token 'alert' in text.,No
CS1717527,please remove a supply request from the st georges dispensing worklist desktop,Service Requests,New Request,High,Matched token 'request' in text.,No
CS1717565,Emis slowness,Performance & Availability,Performance,High,Matched token 'slow' in text.,No
CS1717567,NHS number duplicated - require one to be removed.,Data Management,Data Correction,High,Matched token 'duplicate' in text.,No
CS1717638,LIVE 10.23 - Omnicell Ward Box Picking Integration HGH Ward H04,Performance & Availability,Availability,Medium,Matched token 'down' among multiple possible matches.,No
CS1717639,Locked invoice,Unclassified,Needs Review,Low,No strong keyword match in short description/description/close notes.,Yes
CS1717794,Locked out of test account,Access & Security,Authentication,Medium,Matched token 'password' among multiple possible matches.,No
CS1717816,Two lines of same drug with same NSV code,Data Management,Data Correction,Medium,Matched token 'duplicate' among multiple possible matches.,No
CS1717826,Alerts from the server for overnight job failures,Data Management,Data Correction,Medium,Matched token 'duplicate' among multiple possible matches.,No
CS1717836,Nurse supply request is down,Performance & Availability,Availability,Medium,Matched token 'down' among multiple possible matches.,No
CS1717993,Unable to connect to EPMA,Defects & Errors,Error Messages,High,Matched token 'error' in text.,No
CS1718007,eDischarge queue,Reporting & Analytics,Reporting,High,Matched token 'report' in text.,No
CS1718014,event engine failure,Unclassified,Needs Review,Low,No strong keyword match in short description/description/close notes.,Yes
CS1718077,Pharmacy Product Contract Upload Editor,Performance & Availability,Availability,Medium,Matched token 'down' among multiple possible matches.,No
CS1718262,Additional Flag/Icon,Service Requests,New Request,High,Matched token 'request' in text.,No
CS1718350,system speed,Performance & Availability,Performance,Medium,Matched token 'slow' among multiple possible matches.,No
CS1718362,running the AP and not finding any records,Integration & Interfaces,Integration Failure,Medium,Matched token 'interface' among multiple possible matches.,No
CS1718374,Printing PAR not working from Nursing or Prescribing desktops,Access & Security,User Access,Medium,Matched token 'access' among multiple possible matches.,No
CS1718427,ADT Down,Access & Security,User Access,Medium,Matched token 'access' among multiple possible matches.,No
CS1718526,PAS Messages,Notifications & Communications,Email,High,Matched token 'email' in text.,No
CS1718557,Berkshire Daily Checks,Reporting & Analytics,Reporting,Medium,Matched token 'report' among multiple possible matches.,No
CS1718809,Merge 2 patient records,Unclassified,Needs Review,Low,No strong keyword match in short description/description/close notes.,Yes
CS1718879,LIVE 10.23 - Screen Error Occurring when Dispensing from eMM,Defects & Errors,Error Messages,Medium,Matched token 'error' among multiple possible matches.,No
CS1718916,Unable to complete stock takes,Defects & Errors,Error Messages,High,Matched token 'error' in text.,No
CS1718938,EPMA System Down,Performance & Availability,Availability,Medium,Matched token 'down' among multiple possible matches.,No
CS1718998,Nurse locked in dose,Unclassified,Needs Review,Low,No strong keyword match in short description/description/close notes.,Yes
CS1719085,Change Stock Take Sheet from Landscape to Portriat,Performance & Availability,Performance,Medium,Matched token 'hang' among multiple possible matches.,No
CS1719164,nurse supply desktop,Performance & Availability,Availability,High,Matched token 'down' in text.,No
CS1719168,Berkshire Checks,Integration & Interfaces,Integration Failure,High,Matched token 'interface' in text.,No
CS1719184,Berkshire Daily checks,Integration & Interfaces,Integration Failure,Medium,Matched token 'interface' among multiple possible matches.,No
CS1719196,Unable to load front end software,Defects & Errors,Error Messages,High,Matched token 'error' in text.,No
CS1719272,"Live EPMA Certificate Expiry date : 20/01/2026,berksepma.emismedsman.com",Unclassified,Needs Review,Low,No strong keyword match in short description/description/close notes.,Yes
CS1719285,event engine,Unclassified,Needs Review,Low,No strong keyword match in short description/description/close notes.,Yes
CS1719336,Unable to log on to Ascribe,Access & Security,User Access,Medium,Matched token 'access' among multiple possible matches.,No
CS1719395,Berkshire App/EIE Daily Checks,Integration & Interfaces,Integration Failure,High,Matched token 'interface' in text.,No
CS1719421,LIVE 10.23 - Template for Drug Line TRA333M - Error Message trTrue,Defects & Errors,Error Messages,Medium,Matched token 'error' among multiple possible matches.,No
CS1719560,LIVE 10.23 - Issues with Ordering via eMM Module over Weekend,Defects & Errors,Error Messages,High,Matched token 'error' in text.,No
CS1719625,Nurse supply down,Performance & Availability,Availability,Medium,Matched token 'down' among multiple possible matches.,No
CS1719688,robot terminal,Integration & Interfaces,Third-Party Systems,High,Matched token 'robot' in text.,No
CS1719846,Failure to record patient Hospital Numbers and NHS number on Drug Chart,Integration & Interfaces,Integration Failure,High,Matched token 'integration' in text.,No
CS1719866,Removal of devices from report,Reporting & Analytics,Reporting,Medium,Matched token 'report' among multiple possible matches.,No
CS1719869,Errors when using ascribe,Defects & Errors,Error Messages,Medium,Matched token 'error' among multiple possible matches.,No
CS1720002,Ward stock List user in list (unable to edit),Access & Security,User Access,High,Matched token 'access' in text.,No
CS1720041,LIVE 10.23 - SQL Server Job System Failures - Interface and Index Optimization,Integration & Interfaces,Integration Failure,Medium,Matched token 'interface' among multiple possible matches.,No
CS1720183,Episode in ePMA for patient X326652 admitted to ED has been deleted,Data Management,Data Recovery,High,Matched token 'deleted' in text.,No
CS1720221,Berkshire App/EIE Daily Checks,Integration & Interfaces,Integration Failure,High,Matched token 'interface' in text.,No
CS1720228,LIVE 10.23 - Can't Book in Stock from Order 41837 - Site 860,Service Requests,Information Request,High,Matched token 'information' in text.,No
CS1720233,0n call : - Got call from Munashe Madzore-03300241269 at 21:00 pm,Notifications & Communications,Alerts,High,Matched token 'alert' in text.,No
CS1720348,Standalone terminal activation issue,Access & Security,User Access,Medium,Matched token 'access' among multiple possible matches.,No
CS1720456,ITEM IN USE WITH NO NSV,Unclassified,Needs Review,Low,No strong keyword match in short description/description/close notes.,Yes
CS1720481,Patient NOT deseased,Integration & Interfaces,Integration Failure,High,Matched token 'integration' in text.,No
CS1720968,additional address details presented in EMIS,Integration & Interfaces,Integration Failure,Medium,Matched token 'hl7' among multiple possible matches.,No
CS1721086,Berkshire App/EIE Daily Checks,Integration & Interfaces,Integration Failure,High,Matched token 'interface' in text.,No
CS1721128,Episodes allocated to incorrect patient,Unclassified,Needs Review,Low,No strong keyword match in short description/description/close notes.,Yes
CS1721178,Unable to locate patient episodes,Access & Security,User Access,Medium,Matched token 'access' among multiple possible matches.,No
CS1721242,Passed on EMIS not uploaded to GENFIN,Performance & Availability,Performance,Medium,Matched token 'hang' among multiple possible matches.,No
CS1721248,Passed on EMIS not uploaded to GENFIN,Defects & Errors,Error Messages,Medium,Matched token 'exception' among multiple possible matches.,No
CS1721270,System speed,Performance & Availability,Performance,Medium,Matched token 'slow' among multiple possible matches.,No
CS1721276,LIVE 10.23 - CD Ward Stock Discrepancies (OXY005I),Unclassified,Needs Review,Low,No strong keyword match in short description/description/close notes.,Yes
CS1721330,Picking tickets and delivery notes not printing,Integration & Interfaces,Third-Party Systems,High,Matched token 'pic' in text.,No
CS1721386,Unable to merge a patient,Defects & Errors,Error Messages,Medium,Matched token 'error' among multiple possible matches.,No
CS1721395,Genfin reports not working,Reporting & Analytics,Reporting,High,Matched token 'report' in text.,No
CS1721492,Change Request made on CS1531819 raised on MEDSMAN2-I-386 had no updates,Access & Security,User Access,Medium,Matched token 'access' among multiple possible matches.,No
CS1721502,Consultant Category assigning,Reporting & Analytics,Reporting,High,Matched token 'report' in text.,No
CS1721652,Remove supplier from exclusion list,Service Requests,New Request,High,Matched token 'request' in text.,No
CS1721926,PCs to link to robot,Integration & Interfaces,Third-Party Systems,High,Matched token 'robot' in text.,No
CS1721947,Invoice interface not working,Integration & Interfaces,Integration Failure,High,Matched token 'interface' in text.,No
CS1721952,DSS on the web is not working,Performance & Availability,Performance,Medium,Matched token 'hang' among multiple possible matches.,No
CS1721978,DSS on the web inactive,Notifications & Communications,Email,Medium,Matched token 'email' among multiple possible matches.,No
CS1722009,unable to deploy Ascribe on new pc,Service Requests,Information Request,High,Matched token 'information' in text.,No
CS1722016,Stan alone S19615 is showing an error,Defects & Errors,Error Messages,Medium,Matched token 'error' among multiple possible matches.,No
CS1722095,Berkshire App/EIE Daily Checks,Integration & Interfaces,Integration Failure,High,Matched token 'interface' in text.,No
CS1722246,Connecting new terminals to dispensing robot,Integration & Interfaces,Integration Failure,Medium,Matched token 'interface' among multiple possible matches.,No
CS1722431,Duplicate NSV,Data Management,Data Correction,High,Matched token 'duplicate' in text.,No
CS1722561,Duplicate NSV,Data Management,Data Correction,High,Matched token 'duplicate' in text.,No
CS1722562,CD stock not booking out,Unclassified,Needs Review,Low,No strong keyword match in short description/description/close notes.,Yes
CS1722602,Berkshire App/EIE Daily Checks,Integration & Interfaces,Integration Failure,High,Matched token 'interface' in text.,No
CS1722740,Locked patients,Access & Security,User Access,Medium,Matched token 'access' among multiple possible matches.,No
CS1722749,BC reports long loading times,Reporting & Analytics,Reporting,High,Matched token 'report' in text.,No
CS1722757,eMM Patient status Notes (2),Unclassified,Needs Review,Low,No strong keyword match in short description/description/close notes.,Yes
CS1722790,Need to change name of a ward,Performance & Availability,Performance,Medium,Matched token 'hang' among multiple possible matches.,No
CS1722899,eDischarge queue is stuck,Workflow & Process,Workflow Issue,Medium,Matched token 'stuck' among multiple possible matches.,No
CS1722913,Creating report to show Allergy Status of patients,Access & Security,Authentication,Medium,Matched token 'login' among multiple possible matches.,No
CS1723040,Nurse supply request,Data Management,Data Correction,Medium,Matched token 'duplicate' among multiple possible matches.,No
CS1723053,Berkshire App/EIE Daily Checks,Integration & Interfaces,Integration Failure,High,Matched token 'interface' in text.,No
CS1723060,FW: Hull - Pharmacy Translog Entry Without NHS Number or Hospital Number,Performance & Availability,Performance,Medium,Matched token 'hang' among multiple possible matches.,No
CS1723086,Berkshire App/EIE Daily Checks,Integration & Interfaces,Integration Failure,High,Matched token 'interface' in text.,No
CS1723125,RPT,Defects & Errors,Error Messages,Medium,Matched token 'error' among multiple possible matches.,No
CS1723228,Unknown ward,Performance & Availability,Performance,Medium,Matched token 'hang' among multiple possible matches.,No
CS1723496,Stock Valuation Summary for a site incl Tax and Losses and Gains,Reporting & Analytics,Reporting,High,Matched token 'report' in text.,No
CS1723670,Job Failure SQL Server Job System: 'EHSC_HAP_LIVE Delete Idle Sessions',Notifications & Communications,Email,Medium,Matched token 'email' among multiple possible matches.,No
CS1723686,Ascribe Client Install Error,Defects & Errors,Error Messages,Medium,Matched token 'error' among multiple possible matches.,No
CS1723698,LIVE 10.23 - Alert Popup on S01-Pharmweb01,Performance & Availability,Availability,Medium,Matched token 'down' among multiple possible matches.,No
CS1723738,SSHIS are having issues with the EPMA installer,Defects & Errors,Error Messages,Medium,Matched token 'error' among multiple possible matches.,No
CS1723744,Dev ascribe is down,Performance & Availability,Availability,High,Matched token 'down' in text.,No
CS1723776,Multiple Reports with Drug Admin Data Do Not Work,Reporting & Analytics,Reporting,High,Matched token 'report' in text.,No
CS1723788,Issue with printing LED delivery notes (site 647),Defects & Errors,Error Messages,High,Matched token 'error' in text.,No
CS1723842,Rename Episode Name,Performance & Availability,Performance,Medium,Matched token 'hang' among multiple possible matches.,No
CS1723868,Unable to access system,Access & Security,User Access,Medium,Matched token 'access' among multiple possible matches.,No
CS1724178,Safety factor value,Integration & Interfaces,Third-Party Systems,High,Matched token 'robot' in text.,No
CS1724398,SQL 2016 Upgrade - Optum - Ascribe,Notifications & Communications,Email,High,Matched token 'email' in text.,No
CS1724463,Unable to add Sticky Note to Prescriptions within an Order Set,Defects & Errors,Error Messages,Medium,Matched token 'error' among multiple possible matches.,No
CS1724537,Ordering function not working,Unclassified,Needs Review,Low,No strong keyword match in short description/description/close notes.,Yes
CS1724727,The Access Group - Certificate Alert - subca.emis-x.uk,Access & Security,User Access,Medium,Matched token 'access' among multiple possible matches.,No
CS1724873,Slight configuration change to a setting in the main store (Site 299),Performance & Availability,Performance,Medium,Matched token 'hang' among multiple possible matches.,No
CS1725010,Stock take needs removing,Defects & Errors,Error Messages,Medium,Matched token 'error' among multiple possible matches.,No
CS1725013,NHS SBS AP Interface,Reporting & Analytics,Reporting,Medium,Matched token 'report' among multiple possible matches.,No
CS1725115,PAS information not coming through,Performance & Availability,Availability,Medium,Matched token 'down' among multiple possible matches.,No
CS1725154,Trying to add Flunarazine tablets but it won't save,Defects & Errors,Error Messages,Medium,Matched token 'error' among multiple possible matches.,No
CS1725211,Editor - Structure Product Descriptions,Access & Security,User Access,Medium,Matched token 'access' among multiple possible matches.,No
CS1725366,Terminal not connected to robot chute,Defects & Errors,Error Messages,Medium,Matched token 'error' among multiple possible matches.,No
CS1725375,Add new asset to Interface - Robot,Configuration & Administration,System Administration,Medium,Matched token 'setting' among multiple possible matches.,No
CS1725402,Patient merges in EMIS,Unclassified,Needs Review,Low,No strong keyword match in short description/description/close notes.,Yes
CS1725412,(N) Type Log view under ordering.,Unclassified,Needs Review,Low,No strong keyword match in short description/description/close notes.,Yes
CS1725861,Updating products,Performance & Availability,Performance,Medium,Matched token 'hang' among multiple possible matches.,No
CS1725889,System speed,Performance & Availability,Performance,Medium,Matched token 'slow' among multiple possible matches.,No
CS1726012,#940040 No error message when exceeding maximum PRN dose,Access & Security,Audit & Compliance,Medium,Matched token 'audit' among multiple possible matches.,No
CS1726032,issue reporting expired batches in site 778,Defects & Errors,Error Messages,Medium,Matched token 'error' among multiple possible matches.,No
CS1726045,Ascribe issues,Unclassified,Needs Review,Low,No strong keyword match in short description/description/close notes.,Yes
CS1726132,Stock take to delete please,Data Management,Data Recovery,High,Matched token 'deleted' in text.,No
CS1726334,Automatic invoicing EDI.,Performance & Availability,Performance,Medium,Matched token 'hang' among multiple possible matches.,No
CS1726389,Reconcile the attached Invoice see Case CS1673465,Access & Security,User Access,High,Matched token 'access' in text.,No
CS1726416,Locked administration slot,Unclassified,Needs Review,Low,No strong keyword match in short description/description/close notes.,Yes
CS1726491,DSS warnings not showing on the system,Integration & Interfaces,Third-Party Systems,High,Matched token 'pic' in text.,No
CS1726495,Missing Suppliers Report - NHS SBS AP Interface,Reporting & Analytics,Reporting,Medium,Matched token 'report' among multiple possible matches.,No
CS1726530,Berkshire - Daily checks,Integration & Interfaces,Integration Failure,High,Matched token 'interface' in text.,No
CS1726531,HL7,Integration & Interfaces,Integration Failure,High,Matched token 'hl7' in text.,No
CS1726926,EPMA Installs on Windows 11 24H2,Defects & Errors,Error Messages,High,Matched token 'error' in text.,No
CS1726975,contract upload editor,Performance & Availability,Performance,Medium,Matched token 'hang' among multiple possible matches.,No
CS1727022,[On-Call] - Nurse Supply Request,Defects & Errors,Error Messages,Medium,Matched token 'error' among multiple possible matches.,No
CS1727281,Alert came through to Support from Ops Team,Performance & Availability,Availability,Medium,Matched token 'down' among multiple possible matches.,No
CS1727407,Standalone still not working,Unclassified,Needs Review,Low,No strong keyword match in short description/description/close notes.,Yes
CS1727426,Stock take sheet (landscape),Unclassified,Needs Review,Low,No strong keyword match in short description/description/close notes.,Yes
CS1727440,Amending PAS consultant codes,Performance & Availability,Performance,Medium,Matched token 'hang' among multiple possible matches.,No
CS1727442,item search,Unclassified,Needs Review,Low,No strong keyword match in short description/description/close notes.,Yes
CS1727444,Supplier Editor,Performance & Availability,Performance,Medium,Matched token 'hang' among multiple possible matches.,No
CS1727452,Record disappeared,Data Management,Data Recovery,High,Matched token 'restore' in text.,No
CS1727486,Unable to Record administration of PRN dose,Service Requests,New Request,High,Matched token 'request' in text.,No
CS1727559,Invoices not pulling through,Performance & Availability,Performance,Medium,Matched token 'hang' among multiple possible matches.,No
CS1727763,Patient Merge request,Data Management,Data Correction,Medium,Matched token 'duplicate' among multiple possible matches.,No
CS1727785,One PC in OP Pharmacy has an odd label layout,User Guidance & Training,How-To Request,High,Matched token 'how to' in text.,No
CS1727827,Please action invoice issues as attached,Reporting & Analytics,Reporting,Medium,Matched token 'report' among multiple possible matches.,No
CS1727877,X ref CS1727827 - Case to delete old invoices from wmediate table,Service Requests,New Request,High,Matched token 'request' in text.,No
CS1727925,SQL Job failure,Integration & Interfaces,Integration Failure,Medium,Matched token 'interface' among multiple possible matches.,No
CS1727935,Changes to CaMIS/e CaMIS  prefix.,Performance & Availability,Performance,Medium,Matched token 'hang' among multiple possible matches.,No
CS1728023,Client install failure,Defects & Errors,Error Messages,Medium,Matched token 'error' among multiple possible matches.,No
CS1728052,Test not working,Access & Security,User Access,Medium,Matched token 'access' among multiple possible matches.,No
CS1728090,TIE feed not working,Unclassified,Needs Review,Low,No strong keyword match in short description/description/close notes.,Yes
CS1728261,"PALIPERIODONE PALMITATE LOCKED VIA ANOTHER TERMIAL, PLEASE UNLOCK",Unclassified,Needs Review,Low,No strong keyword match in short description/description/close notes.,Yes
CS1728330,GHT-EMISLIV-RP2,Access & Security,User Access,Medium,Matched token 'access' among multiple possible matches.,No
CS1728415,BD need to set up a call to look at the Pyxis cabinets interface,Performance & Availability,Performance,Medium,Matched token 'hang' among multiple possible matches.,No
CS1728458,Order missing from receive goods screen,Access & Security,User Access,Medium,Matched token 'access' among multiple possible matches.,No
CS1728579,Ward Addition to ward stock interface,Integration & Interfaces,Integration Failure,Medium,Matched token 'interface' among multiple possible matches.,No
CS1728742,Order printing,Configuration & Administration,System Administration,High,Matched token 'setting' in text.,No
CS1729163,SYSTEM SLOW,Performance & Availability,Performance,Medium,Matched token 'slow' among multiple possible matches.,No
CS1729250,Standalone S19615 Failed again,Defects & Errors,Error Messages,High,Matched token 'error' in text.,No
CS1729264,Duplicate Patient,Data Management,Data Correction,Medium,Matched token 'duplicate' among multiple possible matches.,No
CS1729268,Merging patient records,Unclassified,Needs Review,Low,No strong keyword match in short description/description/close notes.,Yes
CS1729404,Sticky Note Issue,Defects & Errors,Error Messages,Medium,Matched token 'error' among multiple possible matches.,No
CS1729470,[The job failed.] SQL Server Job System,Integration & Interfaces,Integration Failure,High,Matched token 'interface' in text.,No
CS1729484,Force password change box ticked,Access & Security,Authentication,Medium,Matched token 'password' among multiple possible matches.,No
CS1729610,2nd Stanalone PC failed again S19465,Unclassified,Needs Review,Low,No strong keyword match in short description/description/close notes.,Yes
CS1729622,Query with Item Enquiry product,Unclassified,Needs Review,Low,No strong keyword match in short description/description/close notes.,Yes
CS1729629,Unable to create / edit stock sheets,Access & Security,User Access,Medium,Matched token 'access' among multiple possible matches.,No
CS1729669,Overnight job failure,Data Management,Data Correction,High,Matched token 'duplicate' in text.,No
CS1729677,TESTING 10:22,Data Management,Data Recovery,Medium,Matched token 'deleted' among multiple possible matches.,No
CS1729782,Deprecation of SMTP Basic Authentication for Exchange Online,Access & Security,User Access,Medium,Matched token 'access' among multiple possible matches.,No
CS1730130,Change List Code,Performance & Availability,Performance,Medium,Matched token 'hang' among multiple possible matches.,No
CS1730175,CONTRACT EDITOR UPLOAD,User Guidance & Training,How-To Request,High,Matched token 'how to' in text.,No
CS1730211,Remove/Hide Allergy Option - Penicillin,Reporting & Analytics,Reporting,High,Matched token 'report' in text.,No
CS1730270,Removal of unneeded Patient specific order line,Data Management,Data Recovery,High,Matched token 'deleted' in text.,No
CS1730289,Patients appear on Meds Due For Wards desktop that are diseased or Discharged,Reporting & Analytics,Reporting,High,Matched token 'report' in text.,No
CS1730300,new guidelines affecting Penicillin and Penicillamine allergies.,Performance & Availability,Performance,Medium,Matched token 'hang' among multiple possible matches.,No
CS1730305,nightly error report The last SnapDate from rfinancialsnapshot does not match,Defects & Errors,Error Messages,Medium,Matched token 'error' among multiple possible matches.,No
CS1730380,Unable to merge multiple patient episodes,Performance & Availability,Performance,Medium,Matched token 'hang' among multiple possible matches.,No
CS1730389,Ascribe ADT interface not working,Access & Security,User Access,Medium,Matched token 'access' among multiple possible matches.,No
CS1730416,Duplicate patient,Data Management,Data Correction,Medium,Matched token 'duplicate' among multiple possible matches.,No
CS1730469,PAS Interface - Messages have stopped,Integration & Interfaces,Integration Failure,High,Matched token 'interface' in text.,No
CS1730573,CIVAS line price issues.,Unclassified,Needs Review,Low,No strong keyword match in short description/description/close notes.,Yes
CS1730625,Updating of BNF Link on Ascribe,Access & Security,User Access,Medium,Matched token 'access' among multiple possible matches.,No
CS1730676,Cannot merge patient records,Performance & Availability,Performance,Medium,Matched token 'hang' among multiple possible matches.,No
CS1730681,Nurse locked dose - Administration required ASAP,Unclassified,Needs Review,Low,No strong keyword match in short description/description/close notes.,Yes
CS1730708,overnight job failure standalone,Unclassified,Needs Review,Low,No strong keyword match in short description/description/close notes.,Yes
CS1730738,Patient merges in EMIS---related with CS1725402,Unclassified,Needs Review,Low,No strong keyword match in short description/description/close notes.,Yes
CS1730903,Incorrect expiry showing on printed worksheets,Performance & Availability,Performance,Medium,Matched token 'hang' among multiple possible matches.,No
CS1731020,Windows Version Compatability,Data Management,Data Correction,High,Matched token 'duplicate' in text.,No
CS1731323,Muhammed reported Nurse Supply Request desktop not available,Access & Security,User Access,Medium,Matched token 'access' among multiple possible matches.,No
CS1731439,Service Unavailable message on BCPC HIS523116,Reporting & Analytics,Reporting,High,Matched token 'report' in text.,No
CS1731475,Product lines added when?,Performance & Availability,Availability,Medium,Matched token 'down' among multiple possible matches.,No
CS1731482,Unable to override lock to change presription,Performance & Availability,Performance,Medium,Matched token 'hang' among multiple possible matches.,No
CS1731512,weekly SQL agent job failure,Defects & Errors,Error Messages,Medium,Matched token 'error' among multiple possible matches.,No
CS1731581,Stock Take printing landscape instead of portrait,Performance & Availability,Performance,Medium,Matched token 'hang' among multiple possible matches.,No
CS1731590,When accessing a patient they get error has occurred,Access & Security,User Access,Medium,Matched token 'access' among multiple possible matches.,No
CS1731611,More patient merges,Unclassified,Needs Review,Low,No strong keyword match in short description/description/close notes.,Yes
CS1731647,ePMA Crashing when accessing drug charts,Access & Security,User Access,Medium,Matched token 'access' among multiple possible matches.,No
CS1731656,when dispensing insulin the whole list doesn't appear as everyone elses.,Access & Security,User Access,Medium,Matched token 'permission' among multiple possible matches.,No
CS1732155,Hide sites?,Performance & Availability,Performance,Medium,Matched token 'hang' among multiple possible matches.,No
CS1732362,LIVE 10.23 - SQL Server Job System: 'EHSC_HAP_LIVE - Interface,Integration & Interfaces,Integration Failure,Medium,Matched token 'interface' among multiple possible matches.,No
CS1732465,regarding case: CS1716015,Performance & Availability,Performance,Medium,Matched token 'hang' among multiple possible matches.,No
CS1732503,ascribe client,Access & Security,Authentication,Medium,Matched token 'login' among multiple possible matches.,No
CS1732525,Wrong NSV,Unclassified,Needs Review,Low,No strong keyword match in short description/description/close notes.,Yes
CS1732574,Patient still appearing in EPMA after discharge.,Unclassified,Needs Review,Low,No strong keyword match in short description/description/close notes.,Yes
CS1732730,Reports created on the ePMA reporting model are timing out and not running,Access & Security,User Access,Medium,Matched token 'access' among multiple possible matches.,No
CS1732740,ePMA - Patient stuck in clinical checking,Workflow & Process,Workflow Issue,Medium,Matched token 'stuck' among multiple possible matches.,No
CS1732806,Missing lines from list when searching for new product in PMR,Unclassified,Needs Review,Low,No strong keyword match in short description/description/close notes.,Yes
CS1732910,Item enquiry error,Access & Security,User Access,Medium,Matched token 'access' among multiple possible matches.,No
CS1732962,Fw: Case CS1707963 comments added FAO Ian Holden,Access & Security,User Access,Medium,Matched token 'access' among multiple possible matches.,No
CS1732980,Updates to Test,Performance & Availability,Performance,Medium,Matched token 'hang' among multiple possible matches.,No
CS1733032,REPORTS,Access & Security,User Access,Medium,Matched token 'access' among multiple possible matches.,No
CS1733040,Nurse supply down,Performance & Availability,Availability,Medium,Matched token 'down' among multiple possible matches.,No
CS1733076,Invoices passed (Not uploaded to genfin),Defects & Errors,Error Messages,Medium,Matched token 'exception' among multiple possible matches.,No
CS1733111,The robot will not connect to the dispensing system,Defects & Errors,Error Messages,Medium,Matched token 'error' among multiple possible matches.,No
CS1733289,case CS1730305 not resolved,Defects & Errors,Error Messages,High,Matched token 'error' in text.,No
CS1733387,Standalone backups look out of date,Defects & Errors,Error Messages,Medium,Matched token 'error' among multiple possible matches.,No
CS1733402,Terminal activation,Defects & Errors,Error Messages,High,Matched token 'error' in text.,No
CS1733537,error when dispensing via the Robot and getting picking tickets,Defects & Errors,Error Messages,Medium,Matched token 'error' among multiple possible matches.,No
CS1733639,Medication Marked For Discharge,Service Requests,New Request,High,Matched token 'request' in text.,No
CS1733746,Nurse supply down,Performance & Availability,Availability,Medium,Matched token 'down' among multiple possible matches.,No
CS1733758,syadmin roles,Access & Security,User Access,Medium,Matched token 'access' among multiple possible matches.,No
CS1733780,Active X Error in Test Environment only,Access & Security,User Access,Medium,Matched token 'access' among multiple possible matches.,No
CS1733804,sessions locking patients and not being closed after alloted time,Access & Security,User Access,Medium,Matched token 'access' among multiple possible matches.,No
CS1733832,Windows 11 compatability.,Unclassified,Needs Review,Low,No strong keyword match in short description/description/close notes.,Yes
CS1733844,Unable to activate terminals following W11 upgrade,Configuration & Administration,System Administration,High,Matched token 'setting' in text.,No
CS1733869,missing Prescription,Service Requests,Information Request,High,Matched token 'information' in text.,No
CS1733947,DER632S on 442,Unclassified,Needs Review,Low,No strong keyword match in short description/description/close notes.,Yes
CS1733950,Stock Take Prints,Service Requests,Information Request,Medium,Matched token 'information' among multiple possible matches.,No
CS1734034,screen is small in dss window,Performance & Availability,Performance,Medium,Matched token 'hang' among multiple possible matches.,No
CS1734122,LIVE 10.23 - Can't Return Stock from Patient Dispensing,Unclassified,Needs Review,Low,No strong keyword match in short description/description/close notes.,Yes
CS1734173,Medicines due for ward options,Performance & Availability,Performance,Medium,Matched token 'hang' among multiple possible matches.,No
CS1734193,PAS Messages,Defects & Errors,Error Messages,High,Matched token 'error' in text.,No
CS1734242,EMIS not working,Defects & Errors,Error Messages,High,Matched token 'error' in text.,No
CS1734374,EMIS not working,Defects & Errors,Error Messages,High,Matched token 'error' in text.,No
CS1734509,Urgent - Remove supplier from GENFIN,Unclassified,Needs Review,Low,No strong keyword match in short description/description/close notes.,Yes
CS1734671,Penicillamine allergy report,Reporting & Analytics,Reporting,Medium,Matched token 'report' among multiple possible matches.,No
CS1734718,Finance (with Limits) Module,Service Requests,Information Request,High,Matched token 'information' in text.,No
CS1734729,LIVE 10.23 - Old Orders Appearing on Current Admission - 2026,Defects & Errors,Error Messages,Medium,Matched token 'error' among multiple possible matches.,No
CS1734738,LIVE 10.23 - Duplicate Order Numbers Showing Different Med Orders,Data Management,Data Correction,High,Matched token 'duplicate' in text.,No
CS1734879,Terminal not appearing in Editor - Generic,Unclassified,Needs Review,Low,No strong keyword match in short description/description/close notes.,Yes
CS1734957,Error when authorising orders,Access & Security,User Access,Medium,Matched token 'permission' among multiple possible matches.,No
CS1734958,"Invoices passed on EMIS, not uploaded to genfin",Defects & Errors,Error Messages,Medium,Matched token 'exception' among multiple possible matches.,No
CS1735006,Primary Keys,Performance & Availability,Availability,Medium,Matched token 'down' among multiple possible matches.,No
CS1735008,secondary warning change won't save on LIO010I,Performance & Availability,Performance,Medium,Matched token 'hang' among multiple possible matches.,No
CS1735054,Added contract prices dropping off,Unclassified,Needs Review,Low,No strong keyword match in short description/description/close notes.,Yes
CS1735268,NHS SBS AP Interface Missing Invoice,Defects & Errors,Error Messages,Medium,Matched token 'exception' among multiple possible matches.,No
CS1735597,EPMA - cannot administer medication,Reporting & Analytics,Reporting,Medium,Matched token 'report' among multiple possible matches.,No
CS1735691,Live 10.23 - HGH Standard Labels Printing over 2 Labels,Configuration & Administration,System Administration,Medium,Matched token 'setting' among multiple possible matches.,No
CS1735991,Berkshire daily checks,Integration & Interfaces,Integration Failure,High,Matched token 'interface' in text.,No
CS1736071,To Follow option,Configuration & Administration,Configuration Change,Medium,Matched token 'config' among multiple possible matches.,No
CS1736187,Ascribe - Unable to dispense medications,Performance & Availability,Performance,Medium,Matched token 'timeout' among multiple possible matches.,No
CS1736268,Wardstock list with global barcode,Reporting & Analytics,Reporting,Medium,Matched token 'report' among multiple possible matches.,No
CS1736275,One patient's drug chart extremely slow to load,Access & Security,User Access,Medium,Matched token 'access' among multiple possible matches.,No
CS1736453,Bag label settings,Configuration & Administration,System Administration,High,Matched token 'setting' in text.,No
CS1736457,Eye/Ear/Nasal drop expiry,Performance & Availability,Performance,Medium,Matched token 'hang' among multiple possible matches.,No
CS1736666,Costing and issue price,Performance & Availability,Performance,Medium,Matched token 'hang' among multiple possible matches.,No
CS1736811,Berkshire daily checks,Integration & Interfaces,Integration Failure,High,Matched token 'interface' in text.,No
CS1736822,Picking ticket created with same number,Defects & Errors,Error Messages,Medium,Matched token 'error' among multiple possible matches.,No
CS1736930,FW: SIM card order,Performance & Availability,Performance,Medium,Matched token 'hang' among multiple possible matches.,No
CS1736961,Queue on TIE Oubound IP transmitter on ICMPRES,Defects & Errors,Error Messages,Medium,Matched token 'error' among multiple possible matches.,No
CS1737010,Robot Linking Files,Integration & Interfaces,Third-Party Systems,High,Matched token 'robot' in text.,No
CS1737050,EMIS Pharmacy background service,Access & Security,User Access,High,Matched token 'access' in text.,No
CS1737133,Training & Testing Instance Down,Performance & Availability,Availability,Medium,Matched token 'down' among multiple possible matches.,No
CS1737483,Compatible with Handheld device,Unclassified,Needs Review,Low,No strong keyword match in short description/description/close notes.,Yes
CS1737605,Genfin output file not created for new site 62 Boole,Unclassified,Needs Review,Low,No strong keyword match in short description/description/close notes.,Yes
CS1737614,Two items cancelled still onTF,Case Administration,Closure Management,High,Matched token 'cancel' in text.,No
CS1737646,ADT Feed not working,Unclassified,Needs Review,Low,No strong keyword match in short description/description/close notes.,Yes
CS1737660,Removal of stat dose,Defects & Errors,Error Messages,Medium,Matched token 'error' among multiple possible matches.,No
CS1737667,LIVE 10.23 - Can't Authorise for Supplier SPIN1,Defects & Errors,Error Messages,Medium,Matched token 'error' among multiple possible matches.,No
CS1737681,Berkshire daily checks,Integration & Interfaces,Integration Failure,High,Matched token 'interface' in text.,No
CS1737693,Training Environment password reset,Access & Security,Authentication,Medium,Matched token 'password' among multiple possible matches.,No
CS1737732,FW: Overdue invoices - 98068 WORC ROYAL HOSP (Worcs Acute Hosp NHST),Performance & Availability,Performance,Medium,Matched token 'hang' among multiple possible matches.,No
CS1737744,We have a corrupt EDI file when completing EDI transfer into Ascribe.,Unclassified,Needs Review,Low,No strong keyword match in short description/description/close notes.,Yes
CS1737906,TIE Downtime and testing of message numbers,Performance & Availability,Performance,Medium,Matched token 'slow' among multiple possible matches.,No
CS1737938,"2 new users on Medecator Plus, are unable to access Returns,",Access & Security,User Access,Medium,Matched token 'access' among multiple possible matches.,No
CS1738145,patient banner has disappeared,Access & Security,User Access,High,Matched token 'access' in text.,No
CS1738244,Delivery notes to be purged,Performance & Availability,Performance,Medium,Matched token 'hang' among multiple possible matches.,No
CS1738259,rep[orts failed overnight,Reporting & Analytics,Reporting,High,Matched token 'report' in text.,No
CS1738386,Access to PCHSRS01 server,Access & Security,User Access,Medium,Matched token 'access' among multiple possible matches.,No
CS1738390,ePMA - Patient stuck in clinical checking,Workflow & Process,Workflow Issue,High,Matched token 'stuck' in text.,No
CS1738423,Change Location Code,Performance & Availability,Performance,Medium,Matched token 'hang' among multiple possible matches.,No
CS1738474,Berkshire daily checks,Integration & Interfaces,Integration Failure,High,Matched token 'interface' in text.,No
CS1738569,Ascribe working very slow,Performance & Availability,Performance,High,Matched token 'slow' in text.,No
CS1738582,Ward stock interface issue,Integration & Interfaces,Integration Failure,Medium,Matched token 'interface' among multiple possible matches.,No
CS1738585,Issue with ascribe in CTD only 2 PCs working and not at usual speed,Defects & Errors,Error Messages,Medium,Matched token 'error' among multiple possible matches.,No
CS1738613,Delivery note for ward THE is not clearing after printing,Unclassified,Needs Review,Low,No strong keyword match in short description/description/close notes.,Yes
CS1738647,Failure sending mail: An internal error occurred on the report server. See the e,Access & Security,User Access,Medium,Matched token 'access' among multiple possible matches.,No
CS1738697,Patient merge in EMIS,Unclassified,Needs Review,Low,No strong keyword match in short description/description/close notes.,Yes
CS1738720,Product Lookup Code,Unclassified,Needs Review,Low,No strong keyword match in short description/description/close notes.,Yes
CS1739062,Berkshire daily checks,Integration & Interfaces,Integration Failure,High,Matched token 'interface' in text.,No
CS1739065,Secure Remote Access,Access & Security,User Access,Medium,Matched token 'access' among multiple possible matches.,No
CS1739248,Issue with SSRS administration report,Reporting & Analytics,Reporting,Medium,Matched token 'report' among multiple possible matches.,No
CS1739483,Audit Log Viewer,Access & Security,Audit & Compliance,Medium,Matched token 'audit' among multiple possible matches.,No
CS1739497,Unable to administer Drugs on PT S005930,Unclassified,Needs Review,Low,No strong keyword match in short description/description/close notes.,Yes
CS1739712,Change Residing Location,Performance & Availability,Performance,Medium,Matched token 'hang' among multiple possible matches.,No
CS1739713,Berkshire daily checks,Integration & Interfaces,Integration Failure,High,Matched token 'interface' in text.,No
CS1739719,Berkshire Daily Checks,Integration & Interfaces,Integration Failure,High,Matched token 'interface' in text.,No
CS1739761,EMIS,Access & Security,Audit & Compliance,Medium,Matched token 'audit' among multiple possible matches.,No
CS1739810,[The job failed.] SQL Server Job System: 'ePMA Reporting 10.22',Reporting & Analytics,Reporting,High,Matched token 'report' in text.,No
CS1739846,SQL Agent job failure,Defects & Errors,Error Messages,Medium,Matched token 'error' among multiple possible matches.,No
CS1739895,Berkshire Daily Checks,Integration & Interfaces,Integration Failure,High,Matched token 'interface' in text.,No
CS1739981,Administrator role unavailable to all Admis after new Role testing,Access & Security,User Access,High,Matched token 'permission' in text.,No
CS1740030,Location Editor Error,Access & Security,User Access,Medium,Matched token 'access' among multiple possible matches.,No
CS1740162,Unable to administer paracetamol for patient,Unclassified,Needs Review,Low,No strong keyword match in short description/description/close notes.,Yes
CS1740191,Error message,Access & Security,User Access,Medium,Matched token 'permission' among multiple possible matches.,No
CS1740340,search and delete,Configuration & Administration,Configuration Change,Medium,Matched token 'config' among multiple possible matches.,No
CS1740361,"EMIS Ascribe Reporting for Bury, Rochdale and Oldham are not working",Access & Security,User Access,Medium,Matched token 'access' among multiple possible matches.,No
CS1740414,Process for Updating the Testing System with Live System Data,Service Requests,Information Request,High,Matched token 'information' in text.,No
CS1740516,EIE pas interface has a muild up of messages,Integration & Interfaces,Integration Failure,High,Matched token 'interface' in text.,No
CS1740523,Nursing desktop is down,Access & Security,User Access,Medium,Matched token 'access' among multiple possible matches.,No
CS1740688,Berkshire Daily Checks,Integration & Interfaces,Integration Failure,High,Matched token 'interface' in text.,No
CS1740696,User has locked patient PMR,Unclassified,Needs Review,Low,No strong keyword match in short description/description/close notes.,Yes
CS1740706,Critical medicine locked by another user,Unclassified,Needs Review,Low,No strong keyword match in short description/description/close notes.,Yes
CS1740746,W transaction,Performance & Availability,Performance,Medium,Matched token 'hang' among multiple possible matches.,No
CS1740816,Unable to Merge episodes,Performance & Availability,Performance,Medium,Matched token 'hang' among multiple possible matches.,No
CS1740894,Query - Unknown Consultant,Reporting & Analytics,Reporting,Medium,Matched token 'report' among multiple possible matches.,No
CS1740952,slow response from ascribe on laptop,Performance & Availability,Performance,Medium,Matched token 'slow' among multiple possible matches.,No
CS1740975,Long running SPID causing system to crash,Access & Security,Authentication,Medium,Matched token 'login' among multiple possible matches.,No
CS1741043,Unable to run stock take,Unclassified,Needs Review,Low,No strong keyword match in short description/description/close notes.,Yes
CS1741277,ePMA - Outage Investigation,Performance & Availability,Availability,Medium,Matched token 'outage' among multiple possible matches.,No
CS1741305,EPMA Record Locked,Unclassified,Needs Review,Low,No strong keyword match in short description/description/close notes.,Yes
CS1741344,Free format label,Service Requests,Information Request,High,Matched token 'information' in text.,No
CS1741460,in relation to CS1694944/ePMA Business Continuity Plan,Performance & Availability,Availability,Medium,Matched token 'down' among multiple possible matches.,No
CS1741709,Berkshire Daily Checks,Integration & Interfaces,Integration Failure,High,Matched token 'interface' in text.,No
CS1741736,VAT needs changing from zero to 20%,Performance & Availability,Performance,Medium,Matched token 'hang' among multiple possible matches.,No
CS1741914,Requisition Reference,Access & Security,User Access,Medium,Matched token 'access' among multiple possible matches.,No
CS1741985,Question: Can we report when ward stock lists have been reviewed,Reporting & Analytics,Reporting,High,Matched token 'report' in text.,No
CS1741997,Wrong Label View,Defects & Errors,Error Messages,Medium,Matched token 'error' among multiple possible matches.,No
CS1742097,Minimum stock levels,Performance & Availability,Performance,Medium,Matched token 'hang' among multiple possible matches.,No
CS1742100,How will Optum meet labelling requirements?,Performance & Availability,Performance,Medium,Matched token 'hang' among multiple possible matches.,No
CS1742135,Patients not showing on the correct wards,Performance & Availability,Availability,Medium,Matched token 'down' among multiple possible matches.,No
CS1742176,request for any penicillamine allergies,Reporting & Analytics,Reporting,Medium,Matched token 'report' among multiple possible matches.,No
CS1742221,additional patient,Service Requests,Information Request,High,Matched token 'information' in text.,No
CS1742339,Berkshire Daily Checks,Integration & Interfaces,Integration Failure,High,Matched token 'interface' in text.,No
CS1742523,Has Windows 11 created an issue with installing 10.21 on to devices?,Defects & Errors,Error Messages,Medium,Matched token 'error' among multiple possible matches.,No
CS1742711,Urgent - Suppliers to be removed from Genfin exclusion list,Data Management,Data Recovery,Medium,Matched token 'deleted' among multiple possible matches.,No
CS1742776,Unable to administer drugs,Defects & Errors,Error Messages,High,Matched token 'error' in text.,No
CS1742926,Stock Take Form change requested,Performance & Availability,Performance,Medium,Matched token 'hang' among multiple possible matches.,No
CS1742945,Nurse Locked In Dose,Unclassified,Needs Review,Low,No strong keyword match in short description/description/close notes.,Yes
CS1742992,Urgent - Suppliers to be removed from Genfin exclusion list,Integration & Interfaces,Third-Party Systems,High,Matched token 'pic' in text.,No
CS1743026,Stocklist - Prints label,Performance & Availability,Performance,Medium,Matched token 'hang' among multiple possible matches.,No
CS1743063,2 wards not coming through PAS feed correctly,Performance & Availability,Performance,Medium,Matched token 'hang' among multiple possible matches.,No
CS1743159,Remove supplier from GENFIN exclusion list,Unclassified,Needs Review,Low,No strong keyword match in short description/description/close notes.,Yes
CS1743232,Berkshire Daily Checks,Integration & Interfaces,Integration Failure,High,Matched token 'interface' in text.,No
CS1743267,Context Audit Viewer issue,Access & Security,Audit & Compliance,Medium,Matched token 'audit' among multiple possible matches.,No
CS1743315,Got call form cherish-Nurse supply request down,Performance & Availability,Availability,Medium,Matched token 'down' among multiple possible matches.,No
CS1743357,Patient observation and monitoring desktop error,Defects & Errors,Error Messages,Medium,Matched token 'error' among multiple possible matches.,No
CS1743425,Worksheet Creation,Service Requests,Information Request,High,Matched token 'information' in text.,No
CS1743456,Patient merges,Unclassified,Needs Review,Low,No strong keyword match in short description/description/close notes.,Yes
CS1743480,Carla reported Nurse Supply Request desktop not available,Access & Security,User Access,Medium,Matched token 'access' among multiple possible matches.,No
CS1743490,Unable to administer meds,Unclassified,Needs Review,Low,No strong keyword match in short description/description/close notes.,Yes
CS1743502,Berkshire Daily Checks,Defects & Errors,Error Messages,Medium,Matched token 'error' among multiple possible matches.,No
CS1743542,Berkshire Daily Checks,Integration & Interfaces,Integration Failure,High,Matched token 'interface' in text.,No
CS1743706,Locked Patient,Unclassified,Needs Review,Low,No strong keyword match in short description/description/close notes.,Yes
CS1743748,Remove ALIUM from GENFIN exclusion list,Unclassified,Needs Review,Low,No strong keyword match in short description/description/close notes.,Yes
CS1743753,Nurse supply down,Performance & Availability,Availability,High,Matched token 'down' in text.,No
CS1743869,Daily checks,Integration & Interfaces,Integration Failure,High,Matched token 'interface' in text.,No
CS1744105,Unable to process invoice from Genfin,Defects & Errors,Error Messages,Medium,Matched token 'error' among multiple possible matches.,No
CS1744332,Terminal activation error,Defects & Errors,Error Messages,Medium,Matched token 'error' among multiple possible matches.,No
CS1744401,SQL Timeouts,Performance & Availability,Performance,Medium,Matched token 'timeout' among multiple possible matches.,No
CS1744436,Nurse supply request is down,Performance & Availability,Availability,Medium,Matched token 'down' among multiple possible matches.,No
CS1744557,Daily checks,Integration & Interfaces,Integration Failure,High,Matched token 'interface' in text.,No
CS1744620,eDischarge interface down,Performance & Availability,Availability,Medium,Matched token 'down' among multiple possible matches.,No
CS1745003,Single Global Order Number,Service Requests,New Request,High,Matched token 'request' in text.,No
CS1745041,Failed patient merge,Defects & Errors,Error Messages,Medium,Matched token 'error' among multiple possible matches.,No
CS1745208,Critical Vulnerabilities,Performance & Availability,Performance,Medium,Matched token 'hang' among multiple possible matches.,No
CS1745289,Nurse locked in dose,Unclassified,Needs Review,Low,No strong keyword match in short description/description/close notes.,Yes
CS1745311,Daily checks,Integration & Interfaces,Integration Failure,High,Matched token 'interface' in text.,No
CS1745455,Locating a data source for reporting,Access & Security,User Access,Medium,Matched token 'access' among multiple possible matches.,No
CS1745599,We are receiving SQL instance alerts from the system please investigate,Configuration & Administration,Configuration Change,Medium,Matched token 'config' among multiple possible matches.,No
CS1745603,We are receiving SQL Job alerts from the system please investigate,Notifications & Communications,Alerts,High,Matched token 'alert' in text.,No
CS1745610,nurse supply list down,Performance & Availability,Availability,Medium,Matched token 'down' among multiple possible matches.,No
CS1745625,Contract Upload Editor,Performance & Availability,Performance,Medium,Matched token 'hang' among multiple possible matches.,No
CS1746097,Daily checks,Integration & Interfaces,Integration Failure,High,Matched token 'interface' in text.,No
CS1746098,Unable to administer depot medication as it is locked,Unclassified,Needs Review,Low,No strong keyword match in short description/description/close notes.,Yes
CS1746180,Wardstock issue URGENT,Defects & Errors,Error Messages,Medium,Matched token 'error' among multiple possible matches.,No
CS1746316,Issue with incorrect medication appearing on eMMDispensing and on label,Defects & Errors,Error Messages,Medium,Matched token 'error' among multiple possible matches.,No
CS1746392,Failed Patient Merge,Performance & Availability,Performance,Medium,Matched token 'hang' among multiple possible matches.,No
CS1746437,Duplicated Picking ticket,Performance & Availability,Availability,Medium,Matched token 'down' among multiple possible matches.,No
CS1746456,New ward,Data Management,Data Correction,Medium,Matched token 'duplicate' among multiple possible matches.,No
CS1746457,Genfin Interface,Performance & Availability,Performance,Medium,Matched token 'hang' among multiple possible matches.,No
CS1746630,Change of wording for non-formulary warning,Performance & Availability,Performance,Medium,Matched token 'hang' among multiple possible matches.,No
CS1746703,Loses and Gains,Service Requests,Information Request,High,Matched token 'information' in text.,No
CS1746754,Daily checks,Integration & Interfaces,Integration Failure,High,Matched token 'interface' in text.,No
CS1747253,Nurse supply request error,Defects & Errors,Error Messages,Medium,Matched token 'error' among multiple possible matches.,No
CS1747255,To Follow Prescriptions and Verbal Prescriptions,Service Requests,New Request,High,Matched token 'request' in text.,No
CS1747260,Reports of slow performance,Performance & Availability,Performance,Medium,Matched token 'slow' among multiple possible matches.,No
CS1747264,Daily checks,Integration & Interfaces,Integration Failure,High,Matched token 'interface' in text.,No
CS1747279,Daily checks,Integration & Interfaces,Integration Failure,High,Matched token 'interface' in text.,No
CS1747295,EPMA TEST environment refresh,Performance & Availability,Availability,Medium,Matched token 'down' among multiple possible matches.,No
CS1747298,Locked Prescription - Query,Access & Security,User Access,High,Matched token 'access' in text.,No
CS1747424,Access to Acsribe denied due to expiration of certificate,Access & Security,User Access,Medium,Matched token 'access' among multiple possible matches.,No
CS1747449,NEP cloud - financial system transitioning,Performance & Availability,Performance,Medium,Matched token 'hang' among multiple possible matches.,No
CS1747465,Administrations timing out in the reporting model.,Access & Security,User Access,Medium,Matched token 'access' among multiple possible matches.,No
CS1747716,Bekrshire Daily checks,Integration & Interfaces,Integration Failure,High,Matched token 'interface' in text.,No
CS1747760,Genfin,Access & Security,User Access,Medium,Matched token 'access' among multiple possible matches.,No
CS1747881,Rowa Terminal Stores 5,Performance & Availability,Availability,Medium,Matched token 'not available' among multiple possible matches.,No
CS1747933,Pt merge,Defects & Errors,Error Messages,High,Matched token 'error' in text.,No
CS1747961,LIVE 10.23 - Patient Merge Crashed Out,Access & Security,User Access,Medium,Matched token 'access' among multiple possible matches.,No
CS1747969,Stock take site 977,Performance & Availability,Performance,Medium,Matched token 'hang' among multiple possible matches.,No
CS1748077,no one in the service can access the application,Access & Security,User Access,High,Matched token 'access' in text.,No
CS1748333,VTE Assessment report fails,Reporting & Analytics,Reporting,High,Matched token 'report' in text.,No
CS1748342,Please check Berkshire's ePrescribing BI reporting job,Reporting & Analytics,Reporting,High,Matched token 'report' in text.,No
CS1748371,CS1733076 (previously opened),Integration & Interfaces,Data Exchange,High,Matched token 'export' in text.,No
CS1748452,Invoices passed not uploaded to gen FIN.,Unclassified,Needs Review,Low,No strong keyword match in short description/description/close notes.,Yes
CS1748481,Genfin output,Reporting & Analytics,Reporting,Medium,Matched token 'report' among multiple possible matches.,No
CS1748585,NumberCS1748346 needs to be completed ASAP as unable to dispense for a patient,Service Requests,New Request,High,Matched token 'request' in text.,No
CS1748618,we have another recording currently unavailable problem,Integration & Interfaces,Third-Party Systems,High,Matched token 'pic' in text.,No
CS1748622,Warning ( 5 &25 ),Performance & Availability,Performance,Medium,Matched token 'hang' among multiple possible matches.,No
CS1748632,Error with Windows 11 update 24H2,Defects & Errors,Error Messages,Medium,Matched token 'error' among multiple possible matches.,No
CS1748637,Berkshire checks,Integration & Interfaces,Integration Failure,High,Matched token 'interface' in text.,No
CS1748664,Enable print on delivery note issued on picking ticket.,Integration & Interfaces,Third-Party Systems,Medium,Matched token 'pic' among multiple possible matches.,No
CS1748665,Nurse supply request,Performance & Availability,Availability,Medium,Matched token 'down' among multiple possible matches.,No
CS1748668,invoice passed / not uploaded to Genfin,Defects & Errors,Error Messages,Medium,Matched token 'exception' among multiple possible matches.,No
CS1748727,User unable to login,Access & Security,User Access,Medium,Matched token 'access' among multiple possible matches.,No
CS1748820,terminal activation error,Defects & Errors,Error Messages,High,Matched token 'error' in text.,No
CS1748826,Ascribe- QEH eMM clinic checking function not displaying required information,Service Requests,Information Request,High,Matched token 'information' in text.,No
CS1748864,Berkshire Daily Checks,Integration & Interfaces,Integration Failure,High,Matched token 'interface' in text.,No
CS1748913,We were unable to print a picking ticket.,Defects & Errors,Error Messages,Medium,Matched token 'error' among multiple possible matches.,No
CS1748946,Requirements to install Standalone system and Instructions,Unclassified,Needs Review,Low,No strong keyword match in short description/description/close notes.,Yes
CS1749040,we have lost another patient after a merge,Unclassified,Needs Review,Low,No strong keyword match in short description/description/close notes.,Yes
CS1749142,The eDischarge link seems to be down,Performance & Availability,Availability,High,Matched token 'down' in text.,No
CS1749193,Cancelled order to pharmacy with no audit trail,Access & Security,Audit & Compliance,Medium,Matched token 'audit' among multiple possible matches.,No
CS1749268,Beclometasone/freetext prescriptions creating extra doses,Access & Security,Audit & Compliance,Medium,Matched token 'audit' among multiple possible matches.,No
CS1749278,Another Dose scheduler issue,Unclassified,Needs Review,Low,No strong keyword match in short description/description/close notes.,Yes
CS1749300,Attaching files to drug files,Service Requests,New Request,High,Matched token 'request' in text.,No
CS1749366,Patient merge,Unclassified,Needs Review,Low,No strong keyword match in short description/description/close notes.,Yes
CS1749394,Items not on dispensing list - Escalation of CS1746456,Unclassified,Needs Review,Low,No strong keyword match in short description/description/close notes.,Yes
CS1749463,Berkshire Daily Checks,Integration & Interfaces,Integration Failure,High,Matched token 'interface' in text.,No
CS1749470,multiple Locked records by the same user,Access & Security,Authentication,Medium,Matched token 'login' among multiple possible matches.,No
CS1749554,Medication locked by another user and unable to administer,Unclassified,Needs Review,Low,No strong keyword match in short description/description/close notes.,Yes
CS1749650,SVR-PHARM-SQL Job alert,Access & Security,User Access,Medium,Matched token 'permission' among multiple possible matches.,No
CS1749654,Negative Value for Stock Value,Performance & Availability,Performance,Medium,Matched token 'hang' among multiple possible matches.,No
CS1749748,PAS Interface,Workflow & Process,Workflow Issue,Medium,Matched token 'stuck' among multiple possible matches.,No
CS1749811,Drug Chart printing issue,Configuration & Administration,System Administration,High,Matched token 'setting' in text.,No
CS1749842,Application Error trying to amend a prescription,Defects & Errors,Error Messages,High,Matched token 'error' in text.,No
CS1749948,Nurse locked in dose,Unclassified,Needs Review,Low,No strong keyword match in short description/description/close notes.,Yes
CS1750046,Ascribe account deleted,Access & Security,Authentication,Medium,Matched token 'password' among multiple possible matches.,No
CS1750143,Consultant Codes,User Guidance & Training,How-To Request,High,Matched token 'how to' in text.,No
CS1750185,New Asset to Robot Interface,Configuration & Administration,System Administration,Medium,Matched token 'setting' among multiple possible matches.,No
CS1750198,Unable to log into Optum Software,Access & Security,Authentication,Medium,Matched token 'login' among multiple possible matches.,No
CS1750230,Stock Take Not available,Performance & Availability,Availability,Medium,Matched token 'not available' among multiple possible matches.,No
CS1750482,Berkshire Daily Checks,Integration & Interfaces,Integration Failure,High,Matched token 'interface' in text.,No
CS1750490,Penicillamine Allergy Report,Reporting & Analytics,Reporting,Medium,Matched token 'report' among multiple possible matches.,No
CS1750544,Patients not showing on wards,Unclassified,Needs Review,Low,No strong keyword match in short description/description/close notes.,Yes
CS1750565,Change Delivery Note to N,Performance & Availability,Performance,Medium,Matched token 'hang' among multiple possible matches.,No
CS1750568,"IV Antibiotics unable to administer ""although this dose is overdue, recording ..",Unclassified,Needs Review,Low,No strong keyword match in short description/description/close notes.,Yes
CS1750571,Turn off drug files,Notifications & Communications,Email,Medium,Matched token 'email' among multiple possible matches.,No
CS1750588,Site 977 unable to open emis.,Unclassified,Needs Review,Low,No strong keyword match in short description/description/close notes.,Yes
CS1750642,Site 296 invoices passed not uploaded to genfin,Defects & Errors,Error Messages,Medium,Matched token 'exception' among multiple possible matches.,No
CS1750710,User stuck editing patients PMR,Defects & Errors,Error Messages,Medium,Matched token 'error' among multiple possible matches.,No
CS1750743,Berkshire Daily Checks,Integration & Interfaces,Integration Failure,Medium,Matched token 'interface' among multiple possible matches.,No
CS1750758,Nurse supply desktop down,Performance & Availability,Availability,Medium,Matched token 'down' among multiple possible matches.,No
CS1750760,pas down no one can log on,Performance & Availability,Availability,Medium,Matched token 'down' among multiple possible matches.,No
CS1750770,Unable to open Application,Defects & Errors,Error Messages,High,Matched token 'error' in text.,No
CS1750772,Berkshire Daily Checks,Integration & Interfaces,Integration Failure,High,Matched token 'interface' in text.,No
CS1750779,SVR-EMIS-AP-PR1 D:(Application) IIS and Audit log files excessive size,Access & Security,Audit & Compliance,Medium,Matched token 'audit' among multiple possible matches.,No
CS1750916,Changing Ward stock code name,Performance & Availability,Performance,Medium,Matched token 'hang' among multiple possible matches.,No
CS1751059,DR machines not updated since implementation,Access & Security,User Access,Medium,Matched token 'access' among multiple possible matches.,No
CS1751152,Staff is unable to access EDI ordering,Access & Security,User Access,Medium,Matched token 'access' among multiple possible matches.,No
CS1751258,Stocktake Forms Change,Performance & Availability,Performance,Medium,Matched token 'hang' among multiple possible matches.,No
CS1751269,Paliperidone Injection booked out with incorrect price,Performance & Availability,Performance,Medium,Matched token 'hang' among multiple possible matches.,No
CS1751337,Add instructions field malfunction,Data Management,Data Correction,High,Matched token 'duplicate' in text.,No
CS1751481,AOC Order Generation,Performance & Availability,Performance,Medium,Matched token 'hang' among multiple possible matches.,No
CS1751543,Unable to merge episodes,Performance & Availability,Performance,Medium,Matched token 'hang' among multiple possible matches.,No
CS1751545,Prescription locked by another user,Unclassified,Needs Review,Low,No strong keyword match in short description/description/close notes.,Yes
CS1751547,Unable to merge episodes,Performance & Availability,Performance,Medium,Matched token 'hang' among multiple possible matches.,No
CS1751551,receipt,Performance & Availability,Performance,Medium,Matched token 'hang' among multiple possible matches.,No
CS1751565,Mandate the Location Field,Performance & Availability,Availability,Medium,Matched token 'down' among multiple possible matches.,No
CS1751571,App pool status stopped,Performance & Availability,Performance,Medium,Matched token 'hang' among multiple possible matches.,No
CS1751597,Certificate error message,Defects & Errors,Error Messages,High,Matched token 'error' in text.,No
CS1751664,Users unable to log into system,Unclassified,Needs Review,Low,No strong keyword match in short description/description/close notes.,Yes
CS1751753,No tickboxes available,Access & Security,User Access,High,Matched token 'permission' in text.,No
CS1751782,Overview of Ascribe Functions,Integration & Interfaces,Integration Failure,Medium,Matched token 'interface' among multiple possible matches.,No
CS1751836,Not receiving Notifications,Performance & Availability,Performance,Medium,Matched token 'hang' among multiple possible matches.,No
CS1751839,FW: Case CS1737732 comments added,Performance & Availability,Performance,Medium,Matched token 'hang' among multiple possible matches.,No
CS1751874,Add Terminal to robot interface.,Integration & Interfaces,Integration Failure,Medium,Matched token 'interface' among multiple possible matches.,No
CS1751897,Remove Alium supplier from exclusion lost,Unclassified,Needs Review,Low,No strong keyword match in short description/description/close notes.,Yes
CS1752007,accounts locked,Access & Security,Authentication,High,Matched token 'password' in text.,No
CS1752023,Locked invoice,Service Requests,Information Request,Medium,Matched token 'information' among multiple possible matches.,No
CS1752027,Patient merges required,Unclassified,Needs Review,Low,No strong keyword match in short description/description/close notes.,Yes
CS1752105,Nurses ordering medicines,Workflow & Process,Workflow Issue,Medium,Matched token 'workflow' among multiple possible matches.,No
CS1752152,PL Brocton ward,Unclassified,Needs Review,Low,No strong keyword match in short description/description/close notes.,Yes
CS1752153,Bolton NHS Foundation Trust - GP NACS File Update,Integration & Interfaces,Integration Failure,Medium,Matched token 'integration' among multiple possible matches.,No
CS1752178,Change Delivery Address,Performance & Availability,Performance,Medium,Matched token 'hang' among multiple possible matches.,No
CS1752212,Database VIEW Object not working.,Access & Security,User Access,Medium,Matched token 'access' among multiple possible matches.,No
CS1752274,LIVE 10.23 - Patient Ghosted over Screen for another Patient,Unclassified,Needs Review,Low,No strong keyword match in short description/description/close notes.,Yes
CS1752329,Event Engine issue,Performance & Availability,Availability,Medium,Matched token 'not available' among multiple possible matches.,No
CS1752427,Patient details not coming from eCAMIS  unable to edit in Pharmacy,Reporting & Analytics,Reporting,High,Matched token 'report' in text.,No
CS1752439,LIVE 10.23 - S01-Pharmrpt01 SQL Overnight Job,Configuration & Administration,Configuration Change,Medium,Matched token 'config' among multiple possible matches.,No
CS1752571,Paracetamol LOCKED please unlock LS KINVER WARD- Laura Jayne,Unclassified,Needs Review,Low,No strong keyword match in short description/description/close notes.,Yes
CS1752695,new PC added to Robot S21957,Integration & Interfaces,Third-Party Systems,High,Matched token 'robot' in text.,No
CS1752900,Duplicate line,Data Management,Data Correction,High,Matched token 'duplicate' in text.,No
CS1752933,Hi can i have the allergy report,Reporting & Analytics,Reporting,Medium,Matched token 'report' among multiple possible matches.,No
CS1752934,AP file blank field question,Performance & Availability,Performance,Medium,Matched token 'hang' among multiple possible matches.,No
CS1752940,Nurse supply down-got call from salman,Performance & Availability,Availability,Medium,Matched token 'down' among multiple possible matches.,No
CS1753037,EDI unable to release invoices electronically,Defects & Errors,Error Messages,High,Matched token 'error' in text.,No
CS1753085,LIVE 10.23 - SSRS Reports Missing Data,Data Management,Data Quality,Medium,Matched token 'missing data' among multiple possible matches.,No
CS1753111,Technical specification request,Performance & Availability,Performance,Medium,Matched token 'hang' among multiple possible matches.,No
CS1753363,Standalone has stopped working -new desktop issue,Performance & Availability,Availability,Medium,Matched token 'down' among multiple possible matches.,No
CS1753394,colistimethate injection 1 million units- unable to dispense,Unclassified,Needs Review,Low,No strong keyword match in short description/description/close notes.,Yes
CS1753441,Please can we request a copy of our Penicillamine Allery report,Reporting & Analytics,Reporting,Medium,Matched token 'report' among multiple possible matches.,No
CS1753460,Structure editor permission,Access & Security,User Access,Medium,Matched token 'access' among multiple possible matches.,No
CS1753462,GP and Pathology Episodes Sent to Emis in Error,Performance & Availability,Performance,Medium,Matched token 'hang' among multiple possible matches.,No
CS1753519,Remove supplier from GENFIN exclusion list,Unclassified,Needs Review,Low,No strong keyword match in short description/description/close notes.,Yes
CS1753704,PAS Feed Needs a restart,Integration & Interfaces,Integration Failure,High,Matched token 'hl7' in text.,No
CS1753822,Hospital number assigned to another patient,Defects & Errors,Error Messages,High,Matched token 'error' in text.,No
CS1753838,[ON CALL] - Logon certificate error - 'Your connection isn't private',Access & Security,Authentication,Medium,Matched token 'password' among multiple possible matches.,No
CS1753891,Contract change not pulling through,Performance & Availability,Performance,Medium,Matched token 'hang' among multiple possible matches.,No
CS1753904,HL7 messages,Integration & Interfaces,Integration Failure,High,Matched token 'hl7' in text.,No
CS1754000,SQL Listener - PAS Interface Down Again,Performance & Availability,Availability,Medium,Matched token 'down' among multiple possible matches.,No
CS1754067,Penicillamine allergy report,Reporting & Analytics,Reporting,Medium,Matched token 'report' among multiple possible matches.,No
CS1754176,Auditing security access,Access & Security,User Access,Medium,Matched token 'access' among multiple possible matches.,No
CS1754179,Amend who can enter 'Nurse Supply Request',Access & Security,User Access,Medium,Matched token 'access' among multiple possible matches.,No
CS1754233,Patient Merge,Defects & Errors,Error Messages,High,Matched token 'error' in text.,No
CS1754242,STAT dose not generated,Integration & Interfaces,Third-Party Systems,High,Matched token 'pic' in text.,No
CS1754286,Action critical errors,Defects & Errors,Error Messages,Medium,Matched token 'error' among multiple possible matches.,No
CS1754310,Stores Lock,Unclassified,Needs Review,Low,No strong keyword match in short description/description/close notes.,Yes
CS1754378,Multiple entries appeared on drug chart,Unclassified,Needs Review,Low,No strong keyword match in short description/description/close notes.,Yes
CS1754391,PALIPERIDONE LOCKED BY USER- SN LAUREL 1141122,Unclassified,Needs Review,Low,No strong keyword match in short description/description/close notes.,Yes
CS1754412,Patient merge,Unclassified,Needs Review,Low,No strong keyword match in short description/description/close notes.,Yes
CS1754664,Data elements in print heap not working on the print out,Performance & Availability,Performance,Medium,Matched token 'hang' among multiple possible matches.,No
CS1754705,Add IP address to Berkshire Server,Access & Security,User Access,Medium,Matched token 'access' among multiple possible matches.,No
CS1755158,Reports returning blanks,Reporting & Analytics,Reporting,High,Matched token 'report' in text.,No
CS1755326,Certificate error,Defects & Errors,Error Messages,Medium,Matched token 'error' among multiple possible matches.,No
CS1755427,Replication sync status Email Notifications,Defects & Errors,Error Messages,Medium,Matched token 'error' among multiple possible matches.,No
CS1756013,Hospital number assigned to another patient,Defects & Errors,Error Messages,High,Matched token 'error' in text.,No
CS1756138,Unable to save changes to product in product editor,Performance & Availability,Performance,Medium,Matched token 'hang' among multiple possible matches.,No
CS1756247,Nurse supply desktop is down,Access & Security,User Access,Medium,Matched token 'access' among multiple possible matches.,No
CS1756346,Reconcile 3 lines on the attached GRAI report,Access & Security,User Access,Medium,Matched token 'access' among multiple possible matches.,No
CS1756427,Runtime error 5 when trying to print a picking ticket in Pharmacy stores,Defects & Errors,Error Messages,Medium,Matched token 'error' among multiple possible matches.,No
CS1756476,Locked Medication,Unclassified,Needs Review,Low,No strong keyword match in short description/description/close notes.,Yes
CS1756626,Internal order on duplicated order number - PSO,Data Management,Data Correction,Medium,Matched token 'duplicate' among multiple possible matches.,No
CS1756627,Cannot print chart,Unclassified,Needs Review,Low,No strong keyword match in short description/description/close notes.,Yes
CS1756635,Multiple Reports of Error Message,Defects & Errors,Error Messages,Medium,Matched token 'error' among multiple possible matches.,No
CS1756668,Mandated fields not mandating,Unclassified,Needs Review,Low,No strong keyword match in short description/description/close notes.,Yes
CS1756748,BC PC - C24-RWH01877,Reporting & Analytics,Reporting,Medium,Matched token 'report' among multiple possible matches.,No
CS1756755,Follow on case from CS1730625 - BNF Link to none optum BNF Link,Access & Security,User Access,Medium,Matched token 'access' among multiple possible matches.,No
CS1756814,EMIS-WEB1 server capacity,Access & Security,Audit & Compliance,Medium,Matched token 'audit' among multiple possible matches.,No
CS1756903,Penicillamine Database report,Reporting & Analytics,Reporting,Medium,Matched token 'report' among multiple possible matches.,No
CS1756943,Allergy report- Penicilamine allergy updated report,Access & Security,User Access,Medium,Matched token 'access' among multiple possible matches.,No
CS1756973,A supply request on an expired prescription can't be cancelled.,Service Requests,New Request,Medium,Matched token 'request' among multiple possible matches.,No
CS1757029,Stock take not available (Item currently on stock take which doesn't exist ),Performance & Availability,Availability,Medium,Matched token 'not available' among multiple possible matches.,No
CS1757030,Stock on manufacturing sheet,User Guidance & Training,How-To Request,High,Matched token 'how to' in text.,No
CS1757050,Error when Admininistering,Defects & Errors,Error Messages,Medium,Matched token 'error' among multiple possible matches.,No
CS1757185,Pharmacy PC's added to robot database,Integration & Interfaces,Third-Party Systems,High,Matched token 'robot' in text.,No
CS1757301,On Call - Patient locked,Unclassified,Needs Review,Low,No strong keyword match in short description/description/close notes.,Yes
CS1757428,Contract upload editor,Unclassified,Needs Review,Low,No strong keyword match in short description/description/close notes.,Yes
CS1757535,Issue with stock take for 2 items on 24/03/26,Defects & Errors,Error Messages,Medium,Matched token 'error' among multiple possible matches.,No
CS1757552,Stat dose removal,Defects & Errors,Error Messages,Medium,Matched token 'error' among multiple possible matches.,No
CS1757638,Location editot not saving changes,Performance & Availability,Performance,Medium,Matched token 'hang' among multiple possible matches.,No
CS1757658,Robot Communication - Add Terminal,Integration & Interfaces,Third-Party Systems,High,Matched token 'robot' in text.,No
CS1757803,Deleting delivery notes etc.,Service Requests,New Request,High,Matched token 'request' in text.,No
CS1757862,Ongoing invoices not going through to Oracle from Emis,Workflow & Process,Workflow Issue,Medium,Matched token 'stuck' among multiple possible matches.,No
CS1757907,low hdd space on vmrs-acriweb02,Unclassified,Needs Review,Low,No strong keyword match in short description/description/close notes.,Yes
CS1757908,Clinical Desktop Error,Defects & Errors,Error Messages,High,Matched token 'error' in text.,No
CS1757911,Homecare Site 760 - Walsall Healthcare - Patients with no NHS number,Performance & Availability,Performance,Medium,Matched token 'hang' among multiple possible matches.,No
CS1757954,Losses & Gains,Service Requests,New Request,High,Matched token 'request' in text.,No
CS1758056,Invoiced by not uploaded to Genfin,Defects & Errors,Error Messages,Medium,Matched token 'exception' among multiple possible matches.,No
CS1758095,Stoke take error,Defects & Errors,Error Messages,Medium,Matched token 'error' among multiple possible matches.,No
CS1758104,Database Health Check Alert for EHSC_REPORT_LIVE on STAS04,Reporting & Analytics,Reporting,Medium,Matched token 'report' among multiple possible matches.,No
CS1758181,TIE upgrade,Performance & Availability,Performance,Medium,Matched token 'hang' among multiple possible matches.,No
CS1758196,change of IP,Performance & Availability,Performance,Medium,Matched token 'hang' among multiple possible matches.,No
CS1758305,PAS Interface,Integration & Interfaces,Integration Failure,High,Matched token 'interface' in text.,No
CS1758409,Errors with both standalone PCs,Access & Security,Authentication,Medium,Matched token 'login' among multiple possible matches.,No
CS1758424,Penicillamine allergies,Access & Security,User Access,Medium,Matched token 'access' among multiple possible matches.,No
CS1758627,yet another unable to administer dose please try later issue,Defects & Errors,Error Messages,High,Matched token 'error' in text.,No
CS1758643,Printing issues,Defects & Errors,Error Messages,Medium,Matched token 'error' among multiple possible matches.,No
CS1758646,Patient locked by another user- user is offsite,Unclassified,Needs Review,Low,No strong keyword match in short description/description/close notes.,Yes
CS1758691,"PMR Issue - appears on ward list, not via search",Unclassified,Needs Review,Low,No strong keyword match in short description/description/close notes.,Yes
CS1758729,PAS Issue,Integration & Interfaces,Third-Party Systems,High,Matched token 'bd' in text.,No
CS1758880,Dose scheduler reschudule timing due to increased faults,Performance & Availability,Performance,Medium,Matched token 'hang' among multiple possible matches.,No
CS1759089,Issue with computers not being able to launch EPMA,Access & Security,Authentication,Medium,Matched token 'login' among multiple possible matches.,No
CS1759167,Removing Passed Stock takes,Access & Security,User Access,Medium,Matched token 'access' among multiple possible matches.,No
CS1759188,issues with accessing ascribe 2nd day running,Access & Security,User Access,Medium,Matched token 'access' among multiple possible matches.,No
CS1759213,Order needs deleting,Unclassified,Needs Review,Low,No strong keyword match in short description/description/close notes.,Yes
CS1759255,Consultant codes + descriptions,Reporting & Analytics,Reporting,Medium,Matched token 'report' among multiple possible matches.,No
CS1759298,Patient merge,Unclassified,Needs Review,Low,No strong keyword match in short description/description/close notes.,Yes
CS1759319,Please remove ADE714E from IPPD site if possible,Unclassified,Needs Review,Low,No strong keyword match in short description/description/close notes.,Yes
CS1759322,Duplicated lines appearing on desk tops,Data Management,Data Correction,High,Matched token 'duplicate' in text.,No
CS1759370,Dose scheduler error again PT S406533,Defects & Errors,Error Messages,High,Matched token 'error' in text.,No
CS1759417,Value of stock list query,Performance & Availability,Performance,Medium,Matched token 'hang' among multiple possible matches.,No
CS1759511,Nurse Supply Request list down,Performance & Availability,Availability,Medium,Matched token 'down' among multiple possible matches.,No
CS1759514,On-Call - Patient locked by User no longer on shift,Unclassified,Needs Review,Low,No strong keyword match in short description/description/close notes.,Yes
CS1759533,On-Call - Nurse Supply Request List down,Performance & Availability,Availability,Medium,Matched token 'down' among multiple possible matches.,No
CS1759573,Unable to log into software,Unclassified,Needs Review,Low,No strong keyword match in short description/description/close notes.,Yes
CS1759574,SQL Job failure,Integration & Interfaces,Integration Failure,Medium,Matched token 'interface' among multiple possible matches.,No
CS1759583,Replication Sync Status,Notifications & Communications,Email,High,Matched token 'email' in text.,No
CS1759594,Database Health Check Alert for EHSC_W_HAO_LIVE on EPMA-SQL-L1,Reporting & Analytics,Reporting,Medium,Matched token 'report' among multiple possible matches.,No
CS1759626,Unable to delete order,Data Management,Data Recovery,High,Matched token 'deleted' in text.,No
CS1759633,query error email received,Defects & Errors,Error Messages,Medium,Matched token 'error' among multiple possible matches.,No
CS1759727,When trying to give medication on Nursing Desktop an error message appears,Performance & Availability,Performance,Medium,Matched token 'hang' among multiple possible matches.,No
CS1759917,Expired prescriptions not clearing,Reporting & Analytics,Reporting,High,Matched token 'report' in text.,No
CS1759971,Duplicated Return,Defects & Errors,Error Messages,Medium,Matched token 'error' among multiple possible matches.,No
CS1760112,Nurse supply down,Performance & Availability,Availability,Medium,Matched token 'down' among multiple possible matches.,No
CS1760134,TEST 10.23 - Could the TEST PAS Interface be re-started please,Integration & Interfaces,Integration Failure,High,Matched token 'interface' in text.,No
CS1760159,Ward stock function slow performance,Performance & Availability,Performance,Medium,Matched token 'slow' among multiple possible matches.,No
CS1760163,Daily Berkshire Checks,Integration & Interfaces,Integration Failure,High,Matched token 'interface' in text.,No
CS1760289,Delivery note error,Defects & Errors,Error Messages,Medium,Matched token 'error' among multiple possible matches.,No
CS1760302,Error when receiving goods,Access & Security,User Access,Medium,Matched token 'access' among multiple possible matches.,No
CS1760317,INVOICES NOT REACHED ORACLE,Performance & Availability,Availability,Medium,Matched token 'down' among multiple possible matches.,No
CS1760431,patient has multiple records that cant be merged,Unclassified,Needs Review,Low,No strong keyword match in short description/description/close notes.,Yes
CS1760471,Terminal Activation Issue,Performance & Availability,Performance,Medium,Matched token 'slow' among multiple possible matches.,No
CS1760488,Nurse supply list is down,Performance & Availability,Availability,Medium,Matched token 'down' among multiple possible matches.,No
CS1760544,Stock Check Issue,Unclassified,Needs Review,Low,No strong keyword match in short description/description/close notes.,Yes
CS1760545,Need to change name of a ward,Performance & Availability,Performance,Medium,Matched token 'hang' among multiple possible matches.,No
CS1760642,LIVE 10.23 - Issue with Dates Showing Incorrect Format and Other,Unclassified,Needs Review,Low,No strong keyword match in short description/description/close notes.,Yes
CS1760655,HAP and Pharmacy Admin Client Setup - Training (Dev),Performance & Availability,Performance,Medium,Matched token 'hang' among multiple possible matches.,No
CS1760675,Product code not found bug,Performance & Availability,Performance,Medium,Matched token 'hang' among multiple possible matches.,No
CS1760692,Berkshire Daily Checks,Integration & Interfaces,Integration Failure,High,Matched token 'interface' in text.,No
CS1761056,Robot connection,Integration & Interfaces,Third-Party Systems,High,Matched token 'robot' in text.,No
CS1761151,Berkshire Daily Checks,Integration & Interfaces,Integration Failure,High,Matched token 'interface' in text.,No
CS1761236,Registering a terminal into the ascribe database,Performance & Availability,Performance,Medium,Matched token 'hang' among multiple possible matches.,No
CS1761311,Nurse supply down,Performance & Availability,Availability,Medium,Matched token 'down' among multiple possible matches.,No
CS1761345,Turn the delivery notes off for ad-hoc issues for site 447 and 448.,Unclassified,Needs Review,Low,No strong keyword match in short description/description/close notes.,Yes
CS1761460,unable to change VAT rate,Performance & Availability,Performance,Medium,Matched token 'hang' among multiple possible matches.,No
CS1761570,dbo.rSupplier is empty in the EHSC_REPORT_LIVE database - Finance need report,Performance & Availability,Performance,Medium,Matched token 'hang' among multiple possible matches.,No
CS1761596,INVOICES NOT ARRIVED ON ORACLE,Defects & Errors,Error Messages,High,Matched token 'exception' in text.,No
CS1761824,Stock take,Performance & Availability,Performance,Medium,Matched token 'hang' among multiple possible matches.,No
CS1761836,Stock take,Service Requests,New Request,High,Matched token 'request' in text.,No
CS1761841,Patient Merges,Unclassified,Needs Review,Low,No strong keyword match in short description/description/close notes.,Yes
CS1761879,Home Admin Status,Service Requests,New Request,High,Matched token 'request' in text.,No
CS1761883,Pennicillamine,Reporting & Analytics,Reporting,Medium,Matched token 'report' among multiple possible matches.,No
CS1761905,Access to CIVAS - Login issue,Access & Security,User Access,Medium,Matched token 'access' among multiple possible matches.,No
CS1761908,Home Admin Auto Changing After Meds Amendment and meds due for ward issue,Performance & Availability,Performance,Medium,Matched token 'hang' among multiple possible matches.,No
CS1761967,Incidental findings: Omeprazole,Service Requests,Information Request,High,Matched token 'information' in text.,No
CS1762041,BCPC Report not showing administrations,Reporting & Analytics,Reporting,High,Matched token 'report' in text.,No
CS1762069,Berkshire Daily Checks,Integration & Interfaces,Integration Failure,High,Matched token 'interface' in text.,No
CS1762122,Adding a terminal to a database,Unclassified,Needs Review,Low,No strong keyword match in short description/description/close notes.,Yes
CS1762158,adding a terminal to the database,Unclassified,Needs Review,Low,No strong keyword match in short description/description/close notes.,Yes
CS1762187,Adding a terminal to ascribe,Unclassified,Needs Review,Low,No strong keyword match in short description/description/close notes.,Yes
CS1762210,EMIS not working,Defects & Errors,Error Messages,High,Matched token 'error' in text.,No
CS1762236,EMIS Web is down,Performance & Availability,Availability,Medium,Matched token 'down' among multiple possible matches.,No
CS1762274,SUPPLIER TO MARK OUT OF USE,Unclassified,Needs Review,Low,No strong keyword match in short description/description/close notes.,Yes
CS1762342,Error when accessing Item Enquiry - Pharmacy,Access & Security,User Access,Medium,Matched token 'access' among multiple possible matches.,No
CS1762412,users with access to templates that they shouldnt be able to see,Access & Security,User Access,High,Matched token 'access' in text.,No
CS1762436,Test Environment Database,Unclassified,Needs Review,Low,No strong keyword match in short description/description/close notes.,Yes
CS1762471,database connection string,Performance & Availability,Performance,Medium,Matched token 'hang' among multiple possible matches.,No
CS1762605,Berkshire Daily Checks,Integration & Interfaces,Integration Failure,High,Matched token 'interface' in text.,No
CS1762641,[ON CALL Proactive monitoring] ePrescribing alert,Notifications & Communications,Alerts,High,Matched token 'alert' in text.,No
CS1762644,"ICM Transmit Queue has 680 messages, please check the service.",Performance & Availability,Availability,Medium,Matched token 'down' among multiple possible matches.,No
CS1762655,Berkshire Daily Checks,Integration & Interfaces,Integration Failure,High,Matched token 'interface' in text.,No
CS1762811,CS1762412 - Unable to record administration,Defects & Errors,Error Messages,Medium,Matched token 'error' among multiple possible matches.,No
CS1762854,Having trouble accessing the printer Context screens to assign printers,Access & Security,User Access,High,Matched token 'access' in text.,No
CS1762862,Nicotine Inhalator - Maximum Dose in X hours not available,Performance & Availability,Availability,High,Matched token 'not available' in text.,No
CS1762872,NPPG labelling requirement updated,Performance & Availability,Performance,Medium,Matched token 'hang' among multiple possible matches.,No
CS1762912,Application error when adding a template to a new item,Defects & Errors,Error Messages,High,Matched token 'error' in text.,No
CS1762950,Patient previous dispensing not showing,Configuration & Administration,System Administration,High,Matched token 'setting' in text.,No
CS1763006,Performance issues accessing PMR,Access & Security,User Access,Medium,Matched token 'access' among multiple possible matches.,No
CS1763029,adding a terminal to a database,Unclassified,Needs Review,Low,No strong keyword match in short description/description/close notes.,Yes
CS1763054,Orderset Issue,Performance & Availability,Availability,High,Matched token 'down' in text.,No
CS1763126,Remove Old SUPPLY REQUEST,Defects & Errors,Error Messages,Medium,Matched token 'error' among multiple possible matches.,No
CS1763138,Move Terminal,Integration & Interfaces,Third-Party Systems,High,Matched token 'bd' in text.,No
CS1763184,Why cost attached to Manufactured product when previously set to zero pence.,Access & Security,Audit & Compliance,Medium,Matched token 'audit' among multiple possible matches.,No
CS1763367,"Dr Malhi, Night Doctor unable to use application",Access & Security,User Access,Medium,Matched token 'access' among multiple possible matches.,No
CS1763378,Job Failure,Integration & Interfaces,Integration Failure,Medium,Matched token 'interface' among multiple possible matches.,No
CS1763391,Pharmach PC's added to robot database,Integration & Interfaces,Third-Party Systems,High,Matched token 'robot' in text.,No
CS1763393,Stock Check Issue,Unclassified,Needs Review,Low,No strong keyword match in short description/description/close notes.,Yes
CS1763452,Menu /Log Out Ribbon Bar not showing for user,Data Management,Data Recovery,Medium,Matched token 'deleted' among multiple possible matches.,No
CS1763571,Locked Medication,Unclassified,Needs Review,Low,No strong keyword match in short description/description/close notes.,Yes
CS1763629,Error on Web Version (10.23.04.0005 MPPF-EPMA-WSP62),Defects & Errors,Error Messages,Medium,Matched token 'error' among multiple possible matches.,No
CS1763702,Failed Patient Merge,Performance & Availability,Performance,Medium,Matched token 'hang' among multiple possible matches.,No
CS1763705,Pt Merge,Unclassified,Needs Review,Low,No strong keyword match in short description/description/close notes.,Yes
CS1763708,InboundMessage Queue has exceeded 100 messages,Notifications & Communications,Email,Medium,Matched token 'email' among multiple possible matches.,No
CS1763713,Pt Merge,Performance & Availability,Performance,High,Matched token 'hang' in text.,No
CS1763735,Clear old batches,Unclassified,Needs Review,Low,No strong keyword match in short description/description/close notes.,Yes
CS1763780,Device activation,Unclassified,Needs Review,Low,No strong keyword match in short description/description/close notes.,Yes
CS1763892,Unable to discontinue prescription,Data Management,Data Recovery,Medium,Matched token 'deleted' among multiple possible matches.,No
CS1763893,please run does scheduler,Unclassified,Needs Review,Low,No strong keyword match in short description/description/close notes.,Yes
CS1763905,Drug appears in blank list when opening ePMA pharmacist desktop,Performance & Availability,Performance,Medium,Matched token 'hang' among multiple possible matches.,No
CS1763921,Can't change directions,Performance & Availability,Performance,Medium,Matched token 'hang' among multiple possible matches.,No
CS1763959,User unable to log on to Emis,Access & Security,Authentication,Medium,Matched token 'login' among multiple possible matches.,No
CS1763986,Printing issues,Access & Security,User Access,Medium,Matched token 'access' among multiple possible matches.,No
CS1764018,GENFIN EXPORT,Reporting & Analytics,Reporting,Medium,Matched token 'report' among multiple possible matches.,No
CS1764140,Guide to Printing,Performance & Availability,Performance,Medium,Matched token 'hang' among multiple possible matches.,No
CS1764416,Site 760 - Homecare PSO Invoicing - Carriage Charge,Integration & Interfaces,Data Exchange,High,Matched token 'import' in text.,No
CS1764439,WP-RWH06192 and CH1-RWH70012 not replicating,Unclassified,Needs Review,Low,No strong keyword match in short description/description/close notes.,Yes
CS1764530,Remove Old SUPPLY REQUEST,Service Requests,New Request,High,Matched token 'request' in text.,No
CS1764683,Duplicate Order ID Issue,Data Management,Data Correction,High,Matched token 'duplicate' in text.,No
CS1764709,Anonymise database,Service Requests,Information Request,High,Matched token 'information' in text.,No
CS1765085,Delete Episode,Unclassified,Needs Review,Low,No strong keyword match in short description/description/close notes.,Yes
CS1765157,Duplicate line,Data Management,Data Correction,High,Matched token 'duplicate' in text.,No
CS1765350,Active X error,Defects & Errors,Error Messages,Medium,Matched token 'error' among multiple possible matches.,No
CS1765406,RE: Run time error 32767,Defects & Errors,Error Messages,High,Matched token 'error' in text.,No
CS1765565,Stocktake help,Performance & Availability,Performance,Medium,Matched token 'hang' among multiple possible matches.,No
CS1765803,Clear old batches,Unclassified,Needs Review,Low,No strong keyword match in short description/description/close notes.,Yes
CS1765811,Map the computer for robot connection,Integration & Interfaces,Third-Party Systems,High,Matched token 'robot' in text.,No
CS1766032,Daily checks,Integration & Interfaces,Integration Failure,High,Matched token 'interface' in text.,No
CS1766105,Deceased Patient,Defects & Errors,Error Messages,High,Matched token 'error' in text.,No
CS1766240,10.23 Standalone issue,Performance & Availability,Availability,Medium,Matched token 'down' among multiple possible matches.,No
CS1766440,regarding case: CS1742100,Performance & Availability,Performance,Medium,Matched token 'hang' among multiple possible matches.,No
CS1766938,LIVE 10.23 - Order Number Duplicated Across Two PSO Patient Orders,Data Management,Data Correction,High,Matched token 'duplicate' in text.,No
CS1767099,Daily Checks,Integration & Interfaces,Integration Failure,High,Matched token 'interface' in text.,No
CS1767157,Stat dose removal,Defects & Errors,Error Messages,Medium,Matched token 'error' among multiple possible matches.,No
CS1767199,Terminal to add for robot dispensing for CGH site (971),Integration & Interfaces,Third-Party Systems,Medium,Matched token 'robot' among multiple possible matches.,No
CS1767215,Error when running List items below danger level in Utilities,Defects & Errors,Error Messages,High,Matched token 'error' in text.,No
CS1767258,Locked dose,Unclassified,Needs Review,Low,No strong keyword match in short description/description/close notes.,Yes
CS1767361,Formulary Extract,Reporting & Analytics,Reporting,Medium,Matched token 'report' among multiple possible matches.,No
CS1767363,Pt Merge,Unclassified,Needs Review,Low,No strong keyword match in short description/description/close notes.,Yes
CS1767370,Pt Merge,Unclassified,Needs Review,Low,No strong keyword match in short description/description/close notes.,Yes
CS1767405,Wardstock booking out error,Defects & Errors,Error Messages,Medium,Matched token 'error' among multiple possible matches.,No
CS1767434,Connect a PC with EMIS web on it to the Robot,Integration & Interfaces,Third-Party Systems,High,Matched token 'robot' in text.,No
CS1767487,metoclopramide for (R.S. - NHS No. 618 131 6256) locked BY OTHER USER.,Unclassified,Needs Review,Low,No strong keyword match in short description/description/close notes.,Yes
CS1767493,LIVE 10.23 - Orders to be Deleted Attached themselves to the PSO Order,Data Management,Data Recovery,High,Matched token 'deleted' in text.,No
CS1767780,Adding a terminal to ascribe,Unclassified,Needs Review,Low,No strong keyword match in short description/description/close notes.,Yes
CS1767797,Hospital number not recognised,Unclassified,Needs Review,Low,No strong keyword match in short description/description/close notes.,Yes
CS1768109,Picking Ticket Error,Defects & Errors,Error Messages,Medium,Matched token 'error' among multiple possible matches.,No
CS1768291,Drug recording unavailable,Defects & Errors,Error Messages,Medium,Matched token 'error' among multiple possible matches.,No
CS1768308,Berkshire checks,Integration & Interfaces,Integration Failure,High,Matched token 'interface' in text.,No
CS1768365,Queue on TIE Outbound IP Transmitter,Performance & Availability,Performance,Medium,Matched token 'hang' among multiple possible matches.,No
CS1768417,Incorrect RLQ number,Notifications & Communications,Email,High,Matched token 'email' in text.,No
CS1768423,GP and Pathology Episodes Sent to Emis in Error,Performance & Availability,Performance,Medium,Matched token 'hang' among multiple possible matches.,No
CS1768463,GTN labelling issue (LTH364D),Defects & Errors,Error Messages,High,Matched token 'error' in text.,No
CS1768634,SQL Job failures due to Data Centre Outage,Access & Security,User Access,Medium,Matched token 'access' among multiple possible matches.,No
CS1768661,BC machines unavailable,Integration & Interfaces,Third-Party Systems,High,Matched token 'pic' in text.,No
CS1768681,Reports not returning data,Performance & Availability,Availability,Medium,Matched token 'down' among multiple possible matches.,No
CS1768786,Unable to merge patient's records,Defects & Errors,Error Messages,High,Matched token 'error' in text.,No
CS1768816,EMIS Ascribe ADT interface not working,Integration & Interfaces,Integration Failure,High,Matched token 'interface' in text.,No
CS1768893,Standalone Ascribe,Performance & Availability,Performance,Medium,Matched token 'hang' among multiple possible matches.,No
CS1768901,Patient merge,Unclassified,Needs Review,Low,No strong keyword match in short description/description/close notes.,Yes
CS1768956,Delays when searching for patients via hospital ID number,Configuration & Administration,Configuration Change,Medium,Matched token 'config' among multiple possible matches.,No
CS1768988,Unable to print stores top-up sheets with barcodes,Unclassified,Needs Review,Low,No strong keyword match in short description/description/close notes.,Yes
CS1769030,Daily checks,Integration & Interfaces,Integration Failure,High,Matched token 'interface' in text.,No
CS1769120,Remove sites from showing in the site enquiry in stores,Reporting & Analytics,Reporting,Medium,Matched token 'report' among multiple possible matches.,No
CS1769151,INVOICES NOT GOING THROUGH FROM EMIS TO ORACLE,Defects & Errors,Error Messages,High,Matched token 'exception' in text.,No
CS1769268,business continuity,Performance & Availability,Performance,Medium,Matched token 'hang' among multiple possible matches.,No
CS1769277,Error when printing labels in ePMA,Defects & Errors,Error Messages,Medium,Matched token 'error' among multiple possible matches.,No
CS1769293,Ward stock lists locked to other users after original user has logged out.,Access & Security,User Access,Medium,Matched token 'access' among multiple possible matches.,No
CS1769326,Please remove expired prescription,Unclassified,Needs Review,Low,No strong keyword match in short description/description/close notes.,Yes
CS1769339,Audit Trail,Access & Security,Audit & Compliance,Medium,Matched token 'audit' among multiple possible matches.,No
CS1769372,Stat dose removal,Defects & Errors,Error Messages,Medium,Matched token 'error' among multiple possible matches.,No
CS1769462,Copying a product is not working,Unclassified,Needs Review,Low,No strong keyword match in short description/description/close notes.,Yes
CS1769662,Daily checks,Integration & Interfaces,Integration Failure,High,Matched token 'interface' in text.,No
CS1769850,Nurse supply down,Performance & Availability,Availability,Medium,Matched token 'down' among multiple possible matches.,No
CS1769947,Patient merge,Unclassified,Needs Review,Low,No strong keyword match in short description/description/close notes.,Yes
CS1769972,Nurse supply request is showing an error has occured,Performance & Availability,Availability,Medium,Matched token 'down' among multiple possible matches.,No
CS1769991,Loss of EMIS,Defects & Errors,Error Messages,High,Matched token 'error' in text.,No
CS1770055,Daily checks,Integration & Interfaces,Integration Failure,High,Matched token 'interface' in text.,No
CS1770065,Daily checks,Integration & Interfaces,Integration Failure,High,Matched token 'interface' in text.,No
CS1770216,Berkshire Daily Checks,Integration & Interfaces,Integration Failure,High,Matched token 'interface' in text.,No
CS1770255,Stocklist - booking out,Performance & Availability,Performance,Medium,Matched token 'hang' among multiple possible matches.,No
CS1770269,Pt Merge,Unclassified,Needs Review,Low,No strong keyword match in short description/description/close notes.,Yes
CS1770388,Stock List Printing Template,Performance & Availability,Performance,Medium,Matched token 'hang' among multiple possible matches.,No
CS1770415,Print servers restart,Defects & Errors,Error Messages,Medium,Matched token 'error' among multiple possible matches.,No
CS1770489,Query regarding if we can change HL7 trigger point,Performance & Availability,Performance,Medium,Matched token 'hang' among multiple possible matches.,No
CS1770573,ascribe client slow on pc,Performance & Availability,Performance,High,Matched token 'slow' in text.,No
CS1770704,out of use wards showing in select inpatient drop down list,Performance & Availability,Availability,High,Matched token 'down' in text.,No
CS1770732,TEST 10.23 - Capacity on Server S06-PharmDBT01,Notifications & Communications,Alerts,High,Matched token 'alert' in text.,No
CS1770895,PAS interface not connecting,Performance & Availability,Availability,Medium,Matched token 'down' among multiple possible matches.,No
CS1770900,system healthcheck failing,Unclassified,Needs Review,Low,No strong keyword match in short description/description/close notes.,Yes
CS1771033,Incorrect Patient Merge,Integration & Interfaces,Third-Party Systems,High,Matched token 'pic' in text.,No
CS1771061,Terminals able to communicate with the Robot,Integration & Interfaces,Third-Party Systems,High,Matched token 'robot' in text.,No
CS1771090,Patient merges,Unclassified,Needs Review,Low,No strong keyword match in short description/description/close notes.,Yes
CS1771099,HL7 - A08 Message processing,Performance & Availability,Performance,Medium,Matched token 'hang' among multiple possible matches.,No
CS1771120,Password standards.,Access & Security,Authentication,Medium,Matched token 'mfa' among multiple possible matches.,No
CS1771212,Windows 11 v25H2 and EPMA v10.22,Unclassified,Needs Review,Low,No strong keyword match in short description/description/close notes.,Yes
CS1771251,Creating a New Stock Take,Unclassified,Needs Review,Low,No strong keyword match in short description/description/close notes.,Yes
CS1771319,we have new PCS that need adding to the Robot,Access & Security,User Access,Medium,Matched token 'access' among multiple possible matches.,No
CS1771406,Emis/Robot mapping,Integration & Interfaces,Third-Party Systems,High,Matched token 'robot' in text.,No
CS1771623,Incorrect display of patient on eMM Clinical Checking list,Reporting & Analytics,Reporting,Medium,Matched token 'report' among multiple possible matches.,No
CS1771662,Reporting - issues with recharge challenges as reporting incorrectly,Reporting & Analytics,Reporting,Medium,Matched token 'report' among multiple possible matches.,No
CS1771767,Unable to add Rofecoxib to patient allergy list in EMIS,Performance & Availability,Availability,Medium,Matched token 'not available' among multiple possible matches.,No
CS1771774,User profiles.,Access & Security,User Access,Medium,Matched token 'access' among multiple possible matches.,No
CS1771802,Adding terminal to ascribe database,Unclassified,Needs Review,Low,No strong keyword match in short description/description/close notes.,Yes
CS1771861,with Ascribe's listener issue on TGH-EPMA-APP,Integration & Interfaces,Integration Failure,Medium,Matched token 'hl7' among multiple possible matches.,No
CS1771894,Ascribe's listener issue on TGH-EPMA-APP,Configuration & Administration,Configuration Change,Medium,Matched token 'config' among multiple possible matches.,No
CS1772004,C24-RWH01877 not syncing,Reporting & Analytics,Reporting,High,Matched token 'report' in text.,No
CS1772016,Advice regarding databases,Configuration & Administration,System Administration,Medium,Matched token 'patch' among multiple possible matches.,No
CS1772074,Issue with Optum not having copy facility to process new product requests,Service Requests,New Request,High,Matched token 'request' in text.,No
CS1772144,Deletion of order number 15125,Performance & Availability,Performance,Medium,Matched token 'hang' among multiple possible matches.,No
CS1772150,Outstanding order on system needs deleting 12225,Unclassified,Needs Review,Low,No strong keyword match in short description/description/close notes.,Yes
CS1772176,Nurse supply down,Performance & Availability,Availability,Medium,Matched token 'down' among multiple possible matches.,No
CS1772199,PSO issue when autherising,Defects & Errors,Error Messages,Medium,Matched token 'error' among multiple possible matches.,No
CS1772205,Daily checks,Integration & Interfaces,Integration Failure,High,Matched token 'interface' in text.,No
CS1772213,#1003263/ Second check still required for SC product listed on override,Configuration & Administration,Configuration Change,High,Matched token 'config' in text.,No
CS1772216,creating for Test case (IGNORE),Unclassified,Needs Review,Low,No strong keyword match in short description/description/close notes.,Yes
CS1772585,drug administration event engine failing,Defects & Errors,Error Messages,High,Matched token 'error' in text.,No
CS1772644,Unable to see administration times on drug chart PT A634095,Defects & Errors,Error Messages,High,Matched token 'error' in text.,No
CS1772678,Berkshire Daily Checks,Integration & Interfaces,Integration Failure,High,Matched token 'interface' in text.,No
CS1772695,our emis pharmacy system is currently not working,Access & Security,User Access,Medium,Matched token 'access' among multiple possible matches.,No
CS1772698,Case logged for On Call phone call,Access & Security,User Access,Medium,Matched token 'access' among multiple possible matches.,No
CS1772729,Not all items on picking ticket get transferred to the robot,Defects & Errors,Error Messages,Medium,Matched token 'error' among multiple possible matches.,No
CS1772737,Performance Issues,Data Management,Data Correction,High,Matched token 'duplicate' in text.,No
CS1772772,User Fields,Reporting & Analytics,Reporting,High,Matched token 'report' in text.,No
CS1772781,Lifetime Episodes,Access & Security,User Access,Medium,Matched token 'access' among multiple possible matches.,No
CS1772828,Product ID not found,Unclassified,Needs Review,Low,No strong keyword match in short description/description/close notes.,Yes
CS1772838,Trying to import a product,Integration & Interfaces,Data Exchange,High,Matched token 'import' in text.,No
CS1772960,Patient lock,Unclassified,Needs Review,Low,No strong keyword match in short description/description/close notes.,Yes
CS1773033,"One of the DR pcs is not connecting, shows an error message",Defects & Errors,Error Messages,High,Matched token 'error' in text.,No
CS1773165,Users unable to access the Application,Access & Security,User Access,Medium,Matched token 'access' among multiple possible matches.,No
CS1773227,B8-RWH00002 BC reports not available,Performance & Availability,Availability,Medium,Matched token 'not available' among multiple possible matches.,No
CS1773247,Invoices passed not uploaded to gen fin - ( previous case CS1734958),Defects & Errors,Error Messages,High,Matched token 'exception' in text.,No
CS1773310,EPMA Active X issue preventing labelling,Access & Security,User Access,Medium,Matched token 'permission' among multiple possible matches.,No
CS1773397,CS1740975 - Long standing SPID Report outages,Access & Security,Authentication,Medium,Matched token 'login' among multiple possible matches.,No
CS1773509,invoice did not go through to genfin,Performance & Availability,Performance,Medium,Matched token 'hang' among multiple possible matches.,No
CS1773510,case logged to record daily checks,Integration & Interfaces,Integration Failure,High,Matched token 'interface' in text.,No
CS1773523,There's an alert come in for the SQL job 'EHSC_REPORT_LIVE - Overnight Job' fail,Performance & Availability,Availability,Medium,Matched token 'down' among multiple possible matches.,No
CS1773558,Call came in from Stacy Holdsworth,Performance & Availability,Performance,Medium,Matched token 'slow' among multiple possible matches.,No
CS1773564,Test Server,Access & Security,User Access,Medium,Matched token 'access' among multiple possible matches.,No
CS1773569,Berkshire Daily Checks,Integration & Interfaces,Integration Failure,Medium,Matched token 'interface' among multiple possible matches.,No
CS1773595,Berkshire daily checks,Integration & Interfaces,Integration Failure,High,Matched token 'interface' in text.,No
CS1773611,Sharepoint Access,Access & Security,User Access,Medium,Matched token 'access' among multiple possible matches.,No
CS1773662,B15-RWH06795 not connected to reporting service,Reporting & Analytics,Reporting,High,Matched token 'report' in text.,No
CS1773718,Last paid price,Integration & Interfaces,Data Exchange,High,Matched token 'export' in text.,No
CS1773766,Our TIE Unable To Send Message To Ascribe,Configuration & Administration,System Administration,Medium,Matched token 'patch' among multiple possible matches.,No
CS1773847,Berkshire Daily Checks,Integration & Interfaces,Integration Failure,High,Matched token 'interface' in text.,No
CS1773877,Not allowing staff to print printing tickets as the Physical Robot Dispensing machine that is setup for the practice is being replaced but needs disconnecting from our side,Performance & Availability,Availability,Medium,Matched token 'down' among multiple possible matches.,No
CS1773894,Robot link to dispensing terminals,Integration & Interfaces,Third-Party Systems,High,Matched token 'robot' in text.,No
CS1773896,Duplicate Product Files,Data Management,Data Correction,Medium,Matched token 'duplicate' among multiple possible matches.,No
CS1774103,#1004116 Episode Closed for a patient in campion ward,Performance & Availability,Performance,Medium,Matched token 'hang' among multiple possible matches.,No
CS1774214,BCPC is failing to connect: HIS557794,Defects & Errors,Error Messages,High,Matched token 'error' in text.,No
CS1774266,Currently do not have access to the EHSC - eMM Reports - Live to create reports,Access & Security,User Access,Medium,Matched token 'access' among multiple possible matches.,No
CS1774325,Case logged for On Call phone call---03007907000,Access & Security,User Access,Medium,Matched token 'access' among multiple possible matches.,No
CS1774400,Database Health Check Alert for EHSC_HAP_LIVE on ASCDBO01,Data Management,Data Correction,Medium,Matched token 'duplicate' among multiple possible matches.,No
CS1774409,eMM Nurse Supply Request-By Supply Date desktop showing old data,Reporting & Analytics,Reporting,Medium,Matched token 'report' among multiple possible matches.,No
CS1774517,Berkshire Daily Checks,Integration & Interfaces,Integration Failure,High,Matched token 'interface' in text.,No
CS1774546,Non DSS maintained product lines,Unclassified,Needs Review,Low,No strong keyword match in short description/description/close notes.,Yes
CS1774571,Is it possible to delete or remove old invoices?,Data Management,Data Correction,Medium,Matched token 'duplicate' among multiple possible matches.,No
CS1774584,Changing headings in table in printed stock list,Performance & Availability,Performance,Medium,Matched token 'hang' among multiple possible matches.,No
CS1774712,Ward code,Unclassified,Needs Review,Low,No strong keyword match in short description/description/close notes.,Yes
CS1774757,eMM problem list not working correctly,Performance & Availability,Availability,Medium,Matched token 'down' among multiple possible matches.,No
CS1774762,#1004498 Inhaler dose units,Performance & Availability,Performance,Medium,Matched token 'hang' among multiple possible matches.,No
CS1774913,event engine failure,Unclassified,Needs Review,Low,No strong keyword match in short description/description/close notes.,Yes
CS1774957,Add Terminal to robot interface.,Integration & Interfaces,Integration Failure,Medium,Matched token 'interface' among multiple possible matches.,No
CS1774979,PAS messages stuck,Performance & Availability,Availability,Medium,Matched token 'down' among multiple possible matches.,No
CS1774996,HL7 Messaging,Integration & Interfaces,Integration Failure,Medium,Matched token 'hl7' among multiple possible matches.,No
CS1775041,Unable to login to system,Access & Security,Authentication,Medium,Matched token 'login' among multiple possible matches.,No
CS1775109,ULTH Genfin batches created in error,Defects & Errors,Error Messages,Medium,Matched token 'error' among multiple possible matches.,No
CS1775195,Supply Requests locked in eMM PMR desktop,Access & Security,User Access,Medium,Matched token 'access' among multiple possible matches.,No
CS1775421,Paracetamol PRN multi-route displaying an error,Defects & Errors,Error Messages,High,Matched token 'error' in text.,No
CS1775462,Berkshire Daily Checks,Integration & Interfaces,Integration Failure,High,Matched token 'interface' in text.,No
CS1775494,"Patient disaperead after merge, Urgent....",Unclassified,Needs Review,Low,No strong keyword match in short description/description/close notes.,Yes
CS1775498,Failed patient merge,Unclassified,Needs Review,Low,No strong keyword match in short description/description/close notes.,Yes
CS1775595,"AP Interface, ELFS output.",Integration & Interfaces,Integration Failure,Medium,Matched token 'interface' among multiple possible matches.,No
CS1775709,Unable to administer medication on EPMA,Unclassified,Needs Review,Low,No strong keyword match in short description/description/close notes.,Yes
CS1775885,upload error,Defects & Errors,Error Messages,High,Matched token 'error' in text.,No
CS1775908,Cyber alert CC-4773,Configuration & Administration,System Administration,Medium,Matched token 'patch' among multiple possible matches.,No
CS1775929,Berkshire Daily Checks,Integration & Interfaces,Integration Failure,High,Matched token 'interface' in text.,No
CS1776033,Event engine fail Critical - 30th April,Unclassified,Needs Review,Low,No strong keyword match in short description/description/close notes.,Yes
CS1776084,Clarification on Printing Components Used by EMIS Ascribe Pharmacy system,Configuration & Administration,Configuration Change,Medium,Matched token 'config' among multiple possible matches.,No
CS1776162,Standalone installation - CS1753363,Access & Security,User Access,Medium,Matched token 'permission' among multiple possible matches.,No
CS1776445,Dose Must be Specified before time warning,Performance & Availability,Performance,Medium,Matched token 'hang' among multiple possible matches.,No
CS1776470,Fw: Case CS1771662,Data Management,Data Correction,Medium,Matched token 'duplicate' among multiple possible matches.,No
CS1776523,Getting error message on multiple PCs,Defects & Errors,Error Messages,Medium,Matched token 'error' among multiple possible matches.,No
CS1776557,Item not on shopping,Defects & Errors,Error Messages,Medium,Matched token 'error' among multiple possible matches.,No
CS1776563,Pt merge,Service Requests,New Request,High,Matched token 'request' in text.,No
CS1776583,Berkshire Daily Checks,Integration & Interfaces,Integration Failure,High,Matched token 'interface' in text.,No
CS1776586,Failed patient merge,Unclassified,Needs Review,Low,No strong keyword match in short description/description/close notes.,Yes
CS1776770,BCPC HIS523115 out of sync,Unclassified,Needs Review,Low,No strong keyword match in short description/description/close notes.,Yes
CS1776864,Eplaination of Label Type and Kind,Performance & Availability,Availability,Medium,Matched token 'down' among multiple possible matches.,No
CS1776869,Drug code with outstanding Reqs,Service Requests,Information Request,High,Matched token 'information' in text.,No
CS1777043,Priority flag in HL7 message to dispensing robots,Integration & Interfaces,Integration Failure,Medium,Matched token 'hl7' among multiple possible matches.,No
CS1777106,Daily checks,Integration & Interfaces,Integration Failure,High,Matched token 'interface' in text.,No
CS1777125,Berkshire daily checks,Integration & Interfaces,Integration Failure,High,Matched token 'interface' in text.,No
CS1777232,EMIS server down,Access & Security,Authentication,Medium,Matched token 'password' among multiple possible matches.,No
CS1777259,EMIS server down,Access & Security,User Access,Medium,Matched token 'access' among multiple possible matches.,No
CS1777393,Nurse supply down,Performance & Availability,Availability,Medium,Matched token 'down' among multiple possible matches.,No
CS1777432,Invoice missing from batch,Defects & Errors,Error Messages,Medium,Matched token 'exception' among multiple possible matches.,No
CS1777660,Free Format Labels editing,Access & Security,User Access,Medium,Matched token 'access' among multiple possible matches.,No
CS1777723,Patient merge,Unclassified,Needs Review,Low,No strong keyword match in short description/description/close notes.,Yes
CS1777735,CS1741460/ePMA Business Continuity Plan also in relation to CS1694944/ePMA Business Continuity Plan,Service Requests,New Request,Medium,Matched token 'request' among multiple possible matches.,No
CS1777855,report suggested ROL and ROQ changes,Performance & Availability,Performance,Medium,Matched token 'hang' among multiple possible matches.,No
CS1777892,Unable to update cost centre in supplier editor for KENT,Service Requests,New Request,High,Matched token 'request' in text.,No
CS1777946,MFA Available in 10.22?,Access & Security,Authentication,Medium,Matched token 'mfa' among multiple possible matches.,No
CS1777958,Robot has lost connection with all computers,Defects & Errors,Error Messages,Medium,Matched token 'error' among multiple possible matches.,No
CS1778083,Retravel of additional HTML info added to some templates within the system,Reporting & Analytics,Reporting,Medium,Matched token 'report' among multiple possible matches.,No
CS1778172,PN authorisation and new regime issues,Access & Security,User Access,High,Matched token 'permission' in text.,No
CS1778189,Edit supplier contract - supplier reference,Performance & Availability,Performance,Medium,Matched token 'hang' among multiple possible matches.,No
CS1778195,VAT field - Invoice reconciliation,Integration & Interfaces,Third-Party Systems,High,Matched token 'pic' in text.,No
CS1778230,Hospital Number: 2124727- Record will not open; the ePMA system freezes.,Data Management,Data Correction,High,Matched token 'duplicate' in text.,No
CS1778276,Cannot reprint labels if required,Access & Security,User Access,Medium,Matched token 'access' among multiple possible matches.,No
CS1778295,Fault with SSRS reports,Performance & Availability,Performance,Medium,Matched token 'hang' among multiple possible matches.,No
CS1778327,User unable to dispense from one specific computer.,Defects & Errors,Error Messages,Medium,Matched token 'error' among multiple possible matches.,No
CS1778395,Nurse supply request is down,Performance & Availability,Availability,Medium,Matched token 'down' among multiple possible matches.,No
CS1778787,Emis activation issue,Unclassified,Needs Review,Low,No strong keyword match in short description/description/close notes.,Yes
CS1778797,Emis Printing,Access & Security,User Access,Medium,Matched token 'access' among multiple possible matches.,No
CS1778826,Locked antibiotics prescription - please unlock,Unclassified,Needs Review,Low,No strong keyword match in short description/description/close notes.,Yes
CS1778927,Duplicate ID,Data Management,Data Correction,High,Matched token 'duplicate' in text.,No
CS1778961,Robot set up for new terminals installed,Integration & Interfaces,Third-Party Systems,High,Matched token 'robot' in text.,No
CS1779145,EDI ordering,Performance & Availability,Performance,Medium,Matched token 'hang' among multiple possible matches.,No
CS1779229,robot link to dispensing terminals,Integration & Interfaces,Integration Failure,Medium,Matched token 'interface' among multiple possible matches.,No
CS1779329,Standalone/BC PCs,Access & Security,Authentication,Medium,Matched token 'password' among multiple possible matches.,No
CS1779417,LIVE 10.23 - Booking CD Stock into System - Error Received,Access & Security,User Access,Medium,Matched token 'access' among multiple possible matches.,No
CS1779516,Emis/Omnicell Connection,Performance & Availability,Performance,Medium,Matched token 'hang' among multiple possible matches.,No
CS1779521,Genfin - Not pulling all data through correctly in reports,Reporting & Analytics,Reporting,Medium,Matched token 'report' among multiple possible matches.,No
CS1779522,Active prescribers,Reporting & Analytics,Reporting,Medium,Matched token 'report' among multiple possible matches.,No
CS1779545,We are getting error messages when changing a ward codes or consultant code,Performance & Availability,Performance,Medium,Matched token 'slow' among multiple possible matches.,No
CS1779578,Breastfeeding,Service Requests,New Request,Medium,Matched token 'request' among multiple possible matches.,No
CS1779651,robot not connecting,Performance & Availability,Performance,Medium,Matched token 'hang' among multiple possible matches.,No
CS1779849,Performance issues accessing the PMR,Access & Security,User Access,Medium,Matched token 'access' among multiple possible matches.,No
CS1779865,Costing Structure Report extract,Reporting & Analytics,Reporting,Medium,Matched token 'report' among multiple possible matches.,No
CS1779983,Ascribe interface,Integration & Interfaces,Integration Failure,High,Matched token 'interface' in text.,No
CS1779996,Long Hospital numbers,Notifications & Communications,Email,High,Matched token 'email' in text.,No
CS1779998,LIVE 10.23 - Alert from S01-PharmRPT01 Server,Performance & Availability,Performance,Medium,Matched token 'hang' among multiple possible matches.,No
CS1780084,W label type issues,Unclassified,Needs Review,Low,No strong keyword match in short description/description/close notes.,Yes
CS1780100,Audit log for WOL720R,Access & Security,User Access,Medium,Matched token 'access' among multiple possible matches.,No
CS1780133,Active user list.,Access & Security,Authentication,Medium,Matched token 'login' among multiple possible matches.,No
CS1780144,Unit value differences seen,Unclassified,Needs Review,Low,No strong keyword match in short description/description/close notes.,Yes
CS1780199,Berkshire Daily Checks,Integration & Interfaces,Integration Failure,High,Matched token 'interface' in text.,No
CS1780316,Missing Records,Unclassified,Needs Review,Low,No strong keyword match in short description/description/close notes.,Yes
CS1780349,GenFin AP - ELFS output issue,Integration & Interfaces,Integration Failure,Medium,Matched token 'interface' among multiple possible matches.,No
CS1780351,Delete Unused Episode,Data Management,Data Recovery,High,Matched token 'deleted' in text.,No
CS1780442,New Asset to add to robot interface,Reporting & Analytics,Reporting,Medium,Matched token 'report' among multiple possible matches.,No
CS1780515,Berkshire Daily Checks,Integration & Interfaces,Integration Failure,High,Matched token 'interface' in text.,No
CS1780518,Homecare Ordering Issue,Performance & Availability,Performance,Medium,Matched token 'hang' among multiple possible matches.,No
CS1780622,invoicing,Defects & Errors,Error Messages,Medium,Matched token 'exception' among multiple possible matches.,No
CS1780631,Display missing windows,Access & Security,User Access,Medium,Matched token 'access' among multiple possible matches.,No
CS1780644,Robot database,Integration & Interfaces,Integration Failure,Medium,Matched token 'interface' among multiple possible matches.,No
CS1780736,Active User list (2),Service Requests,New Request,Medium,Matched token 'request' among multiple possible matches.,No
CS1780850,robot interface,Integration & Interfaces,Integration Failure,Medium,Matched token 'interface' among multiple possible matches.,No
CS1780924,Site 612 - ordering issue,Data Management,Data Correction,Medium,Matched token 'duplicate' among multiple possible matches.,No
CS1781055,Event engine Failures,Performance & Availability,Performance,Medium,Matched token 'hang' among multiple possible matches.,No
CS1781169,Berkshire Daily Checks,Integration & Interfaces,Integration Failure,High,Matched token 'interface' in text.,No
CS1781249,ROBOT DATABASE,Integration & Interfaces,Integration Failure,Medium,Matched token 'interface' among multiple possible matches.,No
CS1781268,ERROR WHEN SELECTING REDWOODS WARDSTOCK TAB,Access & Security,User Access,Medium,Matched token 'access' among multiple possible matches.,No
CS1781343,ERROR WHEN TRYING TI IMPORT,Access & Security,User Access,Medium,Matched token 'permission' among multiple possible matches.,No
CS1781346,robot interface,Integration & Interfaces,Integration Failure,Medium,Matched token 'interface' among multiple possible matches.,No
CS1781372,ROQ and ROL levels,Service Requests,Information Request,High,Matched token 'information' in text.,No
CS1781382,Processing through Omnicell,Configuration & Administration,System Administration,Medium,Matched token 'setting' among multiple possible matches.,No
CS1781398,Users initials pushing label out of range,Access & Security,User Access,Medium,Matched token 'permission' among multiple possible matches.,No
CS1781463,Pharmacy EIE interface not working,Workflow & Process,Workflow Issue,Medium,Matched token 'stuck' among multiple possible matches.,No
CS1781476,robot interface,Integration & Interfaces,Integration Failure,Medium,Matched token 'interface' among multiple possible matches.,No
CS1781482,Remove order from EDI,Unclassified,Needs Review,Low,No strong keyword match in short description/description/close notes.,Yes
CS1781487,regarding: CS1749470 locked out in multiple records at once,Reporting & Analytics,Reporting,High,Matched token 'report' in text.,No
CS1781572,STUCK INVOICES,Performance & Availability,Availability,Medium,Matched token 'down' among multiple possible matches.,No
CS1781621,robot interface,Integration & Interfaces,Integration Failure,Medium,Matched token 'interface' among multiple possible matches.,No
CS1781657,robot interface,Integration & Interfaces,Integration Failure,Medium,Matched token 'interface' among multiple possible matches.,No
CS1781718,Cant update an address or cost centre on a supplier profile,Performance & Availability,Performance,Medium,Matched token 'hang' among multiple possible matches.,No
CS1781796,Berkshire Daily Checks,Integration & Interfaces,Integration Failure,High,Matched token 'interface' in text.,No
CS1782000,Dose recording not available,Performance & Availability,Availability,Medium,Matched token 'not available' among multiple possible matches.,No
CS1782185,robot interface,Integration & Interfaces,Integration Failure,Medium,Matched token 'interface' among multiple possible matches.,No
CS1782188,Locked Patient Record,Unclassified,Needs Review,Low,No strong keyword match in short description/description/close notes.,Yes
CS1782204,Nurse locked in dose,Unclassified,Needs Review,Low,No strong keyword match in short description/description/close notes.,Yes
CS1782235,Dropped communication with Pyxis,Integration & Interfaces,Third-Party Systems,Medium,Matched token 'pic' among multiple possible matches.,No
CS1782243,Contacts,Access & Security,User Access,Medium,Matched token 'access' among multiple possible matches.,No
CS1782245,WAM Depot clinic,Unclassified,Needs Review,Low,No strong keyword match in short description/description/close notes.,Yes
CS1782392,robot interface,Integration & Interfaces,Integration Failure,Medium,Matched token 'interface' among multiple possible matches.,No
CS1782462,Users unable to login,Access & Security,Authentication,High,Matched token 'login' in text.,No
CS1782476,robot interface,Integration & Interfaces,Integration Failure,Medium,Matched token 'interface' among multiple possible matches.,No
CS1782482,robot interface,Integration & Interfaces,Integration Failure,Medium,Matched token 'interface' among multiple possible matches.,No
CS1782619,Robot Accessess when dispensing,Access & Security,User Access,Medium,Matched token 'access' among multiple possible matches.,No
CS1782646,Berkshire Daily Checks,Integration & Interfaces,Integration Failure,High,Matched token 'interface' in text.,No
CS1782734,Nurse supply request is down,Access & Security,User Access,Medium,Matched token 'access' among multiple possible matches.,No
CS1782797,Location Codes,Reporting & Analytics,Reporting,High,Matched token 'report' in text.,No
CS1782813,Stock being issued for ADE198B is not updating the stock levels in ascribe,Unclassified,Needs Review,Low,No strong keyword match in short description/description/close notes.,Yes
CS1782911,Robot interface,Integration & Interfaces,Integration Failure,Medium,Matched token 'interface' among multiple possible matches.,No
CS1783016,Remove supplier from GENFIN exclusion list,Unclassified,Needs Review,Low,No strong keyword match in short description/description/close notes.,Yes
CS1783043,robot interface,Integration & Interfaces,Integration Failure,Medium,Matched token 'interface' among multiple possible matches.,No
CS1783060,New patients now showing in the correct location,Unclassified,Needs Review,Low,No strong keyword match in short description/description/close notes.,Yes
CS1783082,robot interface,Integration & Interfaces,Integration Failure,Medium,Matched token 'interface' among multiple possible matches.,No
CS1783152,Please see CS1773310,Access & Security,User Access,Medium,Matched token 'access' among multiple possible matches.,No
CS1783179,Introduce EDI invoicing,Configuration & Administration,Configuration Change,Medium,Matched token 'config' among multiple possible matches.,No
CS1783436,Berkshire daily checks,Integration & Interfaces,Integration Failure,High,Matched token 'interface' in text.,No
CS1783472,asset number 81672 doesn't look as though its connected to the robot,Integration & Interfaces,Third-Party Systems,High,Matched token 'robot' in text.,No
CS1783754,"Drug Product Errors on Drugfiles for Selinexor KWP333N, KWP333M and KWP333I",Access & Security,User Access,Medium,Matched token 'access' among multiple possible matches.,No
CS1783899,Berkshire Daily Checks,Integration & Interfaces,Integration Failure,High,Matched token 'interface' in text.,No
CS1783910,Berkshire Daily Checks,Integration & Interfaces,Integration Failure,High,Matched token 'interface' in text.,No
CS1784151,Manuals,Access & Security,Audit & Compliance,High,Matched token 'audit' in text.,No
CS1784173,Editing Yesterdays Price Difference Report,Reporting & Analytics,Reporting,High,Matched token 'report' in text.,No
CS1784208,Delete Old invoices,Data Management,Data Recovery,Medium,Matched token 'deleted' among multiple possible matches.,No
CS1784298,Nurse supply down,Performance & Availability,Availability,Medium,Matched token 'down' among multiple possible matches.,No
CS1784335,"Trying to order stock, when user goes to EDI screen after selecting suppliers name, user gets an error",Access & Security,User Access,Medium,Matched token 'access' among multiple possible matches.,No
CS1784354,ActiveX Error,Defects & Errors,Error Messages,Medium,Matched token 'error' among multiple possible matches.,No
CS1784406,Pt merge,Unclassified,Needs Review,Low,No strong keyword match in short description/description/close notes.,Yes
CS1784524,Remove GENFIN supplier from exclusion list,Unclassified,Needs Review,Low,No strong keyword match in short description/description/close notes.,Yes
CS1784561,NHS number to be removed,Data Management,Data Recovery,High,Matched token 'deleted' in text.,No
CS1784649,Editor- eMM Lookups,Defects & Errors,Error Messages,Medium,Matched token 'error' among multiple possible matches.,No
CS1784704,Add PC to rowa interface,Integration & Interfaces,Integration Failure,Medium,Matched token 'interface' among multiple possible matches.,No
CS1784714,Pharmacy stock control page locked - Query,Access & Security,User Access,Medium,Matched token 'access' among multiple possible matches.,No
CS1784821,Editing Patient Episode,Defects & Errors,Error Messages,High,Matched token 'error' in text.,No
CS1785031,Unable to administer meds due to dose scheduler error,Defects & Errors,Error Messages,High,Matched token 'error' in text.,No
CS1785072,Patient Merge Error,Defects & Errors,Error Messages,Medium,Matched token 'error' among multiple possible matches.,No
CS1785326,LIVE 10.23 - Delay and Stuck at Dispensing Screen,Configuration & Administration,Configuration Change,Medium,Matched token 'config' among multiple possible matches.,No
CS1785585,the log files on PLYM392 are filling up,Configuration & Administration,Configuration Change,Medium,Matched token 'config' among multiple possible matches.,No
CS1785591,Pharmacy User Guides,Notifications & Communications,Email,High,Matched token 'email' in text.,No
CS1785724,robot interface,Performance & Availability,Performance,Medium,Matched token 'hang' among multiple possible matches.,No
CS1785754,https://mpft-epma-rsp11.mpft.nhs.uk/reports/report/EHSC%20-%20ePMA%20Reports/Rep,Defects & Errors,Error Messages,Medium,Matched token 'error' among multiple possible matches.,No
CS1785797,Unable to release invoices electronically,Defects & Errors,Error Messages,High,Matched token 'error' in text.,No
CS1785867,EPMA TEST - Reboot PAS-EPMA Interface,Integration & Interfaces,Integration Failure,High,Matched token 'interface' in text.,No
CS1785884,query interface from uhnm careflow to ascribe for allergys,Integration & Interfaces,Integration Failure,Medium,Matched token 'interface' among multiple possible matches.,No
CS1786025,Location of stock on wards,Reporting & Analytics,Reporting,Medium,Matched token 'report' among multiple possible matches.,No
CS1786029,Contextual link not working,Access & Security,User Access,Medium,Matched token 'access' among multiple possible matches.,No
CS1786105,Red Dot,Performance & Availability,Performance,Medium,Matched token 'hang' among multiple possible matches.,No
CS1786110,Penicillin/Penicillamine report,Reporting & Analytics,Reporting,Medium,Matched token 'report' among multiple possible matches.,No
CS1786124,Security reports,Access & Security,User Access,Medium,Matched token 'permission' among multiple possible matches.,No
CS1786158,Reports of slow performance,Performance & Availability,Performance,Medium,Matched token 'slow' among multiple possible matches.,No
CS1786173,permissions removed,Access & Security,User Access,Medium,Matched token 'access' among multiple possible matches.,No
CS1786220,Item currently on stock take but no stock take can be found.,Service Requests,New Request,High,Matched token 'request' in text.,No
CS1786403,Unable to administer drugs again due to dose scheduler,Performance & Availability,Performance,Medium,Matched token 'hang' among multiple possible matches.,No
CS1786426,error message when using user details & roles,Defects & Errors,Error Messages,High,Matched token 'error' in text.,No
CS1786468,Emis is Down,Performance & Availability,Availability,High,Matched token 'down' in text.,No
CS1786661,Request to Amend Incorrect Item Price – OLAPARIB 100mg Tablets,Service Requests,New Request,High,Matched token 'request' in text.,No
CS1786713,Patient merge,Unclassified,Needs Review,Low,No strong keyword match in short description/description/close notes.,Yes
CS1786739,Error when attempting patient merge,Defects & Errors,Error Messages,High,Matched token 'error' in text.,No
CS1786761,error message on VTE assessments,Performance & Availability,Performance,Medium,Matched token 'hang' among multiple possible matches.,No
CS1786776,Sever maintenance,Unclassified,Needs Review,Low,No strong keyword match in short description/description/close notes.,Yes
CS1786921,Exception report query,Defects & Errors,Error Messages,Medium,Matched token 'exception' among multiple possible matches.,No
CS1786930,A PT has an order that has been cancelled but it still apperas on worklist.,Workflow & Process,Workflow Issue,Medium,Matched token 'stuck' among multiple possible matches.,No
CS1786970,Routine error when attempting to load eMM Problem List,Defects & Errors,Error Messages,High,Matched token 'error' in text.,No
CS1787101,N357322 - incorrect patient link,Unclassified,Needs Review,Low,No strong keyword match in short description/description/close notes.,Yes
CS1787106,STOCKTAKE still not bringing up all items,Configuration & Administration,System Administration,High,Matched token 'setting' in text.,No
CS1787116,business continuity,Service Requests,Information Request,High,Matched token 'information' in text.,No
CS1787202,"Can't connect - ""An error has occured""",Access & Security,User Access,Medium,Matched token 'access' among multiple possible matches.,No
CS1787203,WE are unable to access Standalone. All users are receiving 'Incorrect Username or Password'.,Access & Security,User Access,Medium,Matched token 'access' among multiple possible matches.,No
CS1787316,Nurse supply request,Performance & Availability,Availability,Medium,Matched token 'down' among multiple possible matches.,No
CS1787387,Annual Use,Unclassified,Needs Review,Low,No strong keyword match in short description/description/close notes.,Yes
CS1787475,Invoices cleared on Emis but not reached Oracle on the down load,Performance & Availability,Availability,Medium,Matched token 'down' among multiple possible matches.,No
CS1787681,lost patient after merge,Unclassified,Needs Review,Low,No strong keyword match in short description/description/close notes.,Yes
CS1787734,Spelling error,Access & Security,User Access,Medium,Matched token 'access' among multiple possible matches.,No
CS1787773,LIVE 10.23 - Stuck Orders Remaining in Limbo - Can't Remove,Data Management,Data Correction,Medium,Matched token 'incorrect data' among multiple possible matches.,No
CS1787788,event engine failure,Defects & Errors,Error Messages,High,Matched token 'error' in text.,No
CS1788041,BC Machine B8-RWH00002 not syncing,Performance & Availability,Performance,High,Matched token 'slow' in text.,No
CS1788071,Request timeout when loading drug chart,Performance & Availability,Performance,Medium,Matched token 'timeout' among multiple possible matches.,No
CS1788108,Application Error when loading drug chart,Defects & Errors,Error Messages,Medium,Matched token 'error' among multiple possible matches.,No
CS1788158,Remove supplier from GENFIN exclusion list,Unclassified,Needs Review,Low,No strong keyword match in short description/description/close notes.,Yes
CS1788232,System Alerts – Change of Recipient,Performance & Availability,Performance,Medium,Matched token 'hang' among multiple possible matches.,No
CS1788381,Unable to dispense,Defects & Errors,Error Messages,High,Matched token 'error' in text.,No
CS1788427,Merge patient,Unclassified,Needs Review,Low,No strong keyword match in short description/description/close notes.,Yes
CS1788770,System Admin Locked,Unclassified,Needs Review,Low,No strong keyword match in short description/description/close notes.,Yes
CS1788779,Nurse Supply down,Performance & Availability,Availability,Medium,Matched token 'down' among multiple possible matches.,No
CS1788919,Patients disappearing when attempting to merge,Performance & Availability,Performance,Medium,Matched token 'unrespons' among multiple possible matches.,No
CS1789113,Cyber alert CC-4778,Configuration & Administration,System Administration,Medium,Matched token 'patch' among multiple possible matches.,No
CS1789227,End of Period Calculations,Performance & Availability,Performance,Medium,Matched token 'slow' among multiple possible matches.,No
CS1789299,Problems Adding Prescriptions,Unclassified,Needs Review,Low,No strong keyword match in short description/description/close notes.,Yes
CS1789457,Advise needed around Administration times,Access & Security,Audit & Compliance,High,Matched token 'audit' in text.,No
CS1789486,Cleaning up a patients record,Performance & Availability,Performance,Medium,Matched token 'hang' among multiple possible matches.,No
CS1789531,EDI report will not release to power gate,Reporting & Analytics,Reporting,Medium,Matched token 'report' among multiple possible matches.,No
CS1789544,Is it possible to add an option to dispense new product as capsules,Unclassified,Needs Review,Low,No strong keyword match in short description/description/close notes.,Yes
CS1789647,Record merge error.,Defects & Errors,Error Messages,Medium,Matched token 'error' among multiple possible matches.,No
CS1789658,STAT doses - PMR - Dispensing History,Performance & Availability,Performance,Medium,Matched token 'hang' among multiple possible matches.,No
CS1789861,unable to open test enviroment,Defects & Errors,Error Messages,Medium,Matched token 'error' among multiple possible matches.,No
CS1789916,Patient merge in EMIS please,Unclassified,Needs Review,Low,No strong keyword match in short description/description/close notes.,Yes
CS1790098,Nurse supply request down,Performance & Availability,Availability,Medium,Matched token 'down' among multiple possible matches.,No
CS1790435,emailed critical alert from event engine,Notifications & Communications,Email,Medium,Matched token 'email' among multiple possible matches.,No
CS1790601,Event engine critical failures -,Performance & Availability,Performance,Medium,Matched token 'slow' among multiple possible matches.,No
CS1790603,Daily checks,Integration & Interfaces,Integration Failure,High,Matched token 'interface' in text.,No
CS1790709,Locked Medication-,Unclassified,Needs Review,Low,No strong keyword match in short description/description/close notes.,Yes
CS1790808,Add for Robot Interaction,Integration & Interfaces,Third-Party Systems,Medium,Matched token 'robot' among multiple possible matches.,No
CS1790824,Patient are not showing in EPMA,Unclassified,Needs Review,Low,No strong keyword match in short description/description/close notes.,Yes
CS1790902,Adding a terminal on the database,Unclassified,Needs Review,Low,No strong keyword match in short description/description/close notes.,Yes
CS1791025,robot interface,Integration & Interfaces,Integration Failure,Medium,Matched token 'interface' among multiple possible matches.,No
CS1791029,Loss of connection to ROWA and Runtime errors,Performance & Availability,Performance,Medium,Matched token 'hang' among multiple possible matches.,No
CS1791153,DSS definition not working,Unclassified,Needs Review,Low,No strong keyword match in short description/description/close notes.,Yes
CS1791246,Prescription Locked,Unclassified,Needs Review,Low,No strong keyword match in short description/description/close notes.,Yes
CS1791294,Ascribe live system not working,Configuration & Administration,Configuration Change,High,Matched token 'config' in text.,No
CS1791339,Removal of stat dose,Defects & Errors,Error Messages,Medium,Matched token 'error' among multiple possible matches.,No
CS1791406,Prescribing report,Reporting & Analytics,Reporting,High,Matched token 'report' in text.,No
CS1791482,HL7 message,Configuration & Administration,Configuration Change,Medium,Matched token 'config' among multiple possible matches.,No
CS1791710,Daily checks,Integration & Interfaces,Integration Failure,High,Matched token 'interface' in text.,No
CS1791856,Lithium carbonate for patient locked,Unclassified,Needs Review,Low,No strong keyword match in short description/description/close notes.,Yes
CS1792030,Stock Turn V2,Reporting & Analytics,Reporting,High,Matched token 'report' in text.,No
CS1792138,Losses and Gains not appearing as a ward,Reporting & Analytics,Reporting,Medium,Matched token 'report' among multiple possible matches.,No
CS1792379,Daily chceks,Integration & Interfaces,Integration Failure,High,Matched token 'interface' in text.,No
CS1792460,Missing episode form PT that has been merged repeatedly by NLaG and Optum,Data Management,Data Correction,High,Matched token 'duplicate' in text.,No
CS1792556,Freetext on the eMM interventions desktop,Service Requests,New Request,High,Matched token 'request' in text.,No
CS1792559,Free text prescription on the eMM interventions desktop,Configuration & Administration,System Administration,High,Matched token 'patch' in text.,No
CS1792690,Prescription for lorazepam is stuck on drug chart,Workflow & Process,Workflow Issue,High,Matched token 'stuck' in text.,No
CS1792821,Lost Patient Records,Access & Security,User Access,High,Matched token 'access' in text.,No
CS1792841,Penicillamine allergy in EPMA,Reporting & Analytics,Reporting,Medium,Matched token 'report' among multiple possible matches.,No
CS1792900,Supplier NEWCA set to E for EDI orders. Need to change to P so the EDI file,Performance & Availability,Performance,Medium,Matched token 'hang' among multiple possible matches.,No
CS1793032,invoices stuck in exception,Defects & Errors,Error Messages,Medium,Matched token 'exception' among multiple possible matches.,No
CS1793053,New cost centre,Access & Security,User Access,High,Matched token 'access' in text.,No
CS1793095,Consultant not printing on the paperwork,Performance & Availability,Availability,Medium,Matched token 'down' among multiple possible matches.,No
CS1793157,Daily checks,Integration & Interfaces,Integration Failure,High,Matched token 'interface' in text.,No
CS1793221,Patient Record Saying Someone else is using the record,Access & Security,User Access,High,Matched token 'access' in text.,No
CS1793435,More patient merges,Unclassified,Needs Review,Low,No strong keyword match in short description/description/close notes.,Yes
CS1793588,Terminal location is invalid,Access & Security,Authentication,Medium,Matched token 'password' among multiple possible matches.,No
CS1793648,label description amendment not saving on zyc601x,Unclassified,Needs Review,Low,No strong keyword match in short description/description/close notes.,Yes
CS1793674,LIVE 10.23 - Crashing System across the Sites When Dispensing,Performance & Availability,Performance,Medium,Matched token 'slow' among multiple possible matches.,No
CS1793751,Upgrade to Windows 11 for standalone software,Access & Security,User Access,Medium,Matched token 'access' among multiple possible matches.,No
CS1793772,Old Invoices for Haywood be removed,Data Management,Data Recovery,Medium,Matched token 'deleted' among multiple possible matches.,No
CS1793816,New Terminal,Integration & Interfaces,Integration Failure,Medium,Matched token 'interface' among multiple possible matches.,No
CS1793834,Daily checks,Integration & Interfaces,Integration Failure,High,Matched token 'interface' in text.,No
CS1793839,decommission training,Notifications & Communications,Alerts,Medium,Matched token 'alert' among multiple possible matches.,No
CS1793867,urgent please undelete a PT S463787 episode 2026L1918611,Data Management,Data Recovery,High,Matched token 'deleted' in text.,No
CS1793953,Suspended prescription locked,Unclassified,Needs Review,Low,No strong keyword match in short description/description/close notes.,Yes
CS1794032,BC Machines not loading reports.,Reporting & Analytics,Reporting,High,Matched token 'report' in text.,No
CS1794043,Error when user attempting to log in,Access & Security,User Access,Medium,Matched token 'permission' among multiple possible matches.,No
CS1794054,Discharge tracker (pharmacy),Performance & Availability,Performance,Medium,Matched token 'hang' among multiple possible matches.,No
CS1794118,EPMA Issue - Patient Locked when trying to order to pharmacy,Integration & Interfaces,Third-Party Systems,High,Matched token 'bd' in text.,No
CS1794206,Repeat Dispensing batch data drop-out,Access & Security,User Access,Medium,Matched token 'access' among multiple possible matches.,No
CS1794257,Daily checks,Integration & Interfaces,Integration Failure,High,Matched token 'interface' in text.,No
CS1794259,Drug Admin full run failed,Notifications & Communications,Alerts,High,Matched token 'alert' in text.,No
CS1794269,Stop Dose Creation for Closed Episode,Access & Security,Audit & Compliance,Medium,Matched token 'audit' among multiple possible matches.,No
CS1794270,Daily checks,Integration & Interfaces,Integration Failure,High,Matched token 'interface' in text.,No
CS1794271,Drug Admin full run failed,Notifications & Communications,Alerts,High,Matched token 'alert' in text.,No
CS1794273,Blank window when trying to print,Integration & Interfaces,Integration Failure,Medium,Matched token 'interface' among multiple possible matches.,No
CS1794289,New Terminal,Integration & Interfaces,Integration Failure,Medium,Matched token 'interface' among multiple possible matches.,No
CS1794396,Add a supplementary chart dose sentence,Service Requests,New Request,High,Matched token 'request' in text.,No
CS1794582,Daily checks,Integration & Interfaces,Integration Failure,High,Matched token 'interface' in text.,No
CS1794605,CS1709049 + CS1776932,Reporting & Analytics,Reporting,High,Matched token 'report' in text.,No
CS1794650,Fw: disable print coding slips,Performance & Availability,Performance,Medium,Matched token 'hang' among multiple possible matches.,No
CS1794767,Patient merged now not showing on the system.,Unclassified,Needs Review,Low,No strong keyword match in short description/description/close notes.,Yes
CS1795110,Ward Stock Interface,Defects & Errors,Error Messages,Medium,Matched token 'error' among multiple possible matches.,No
CS1795124,Sticky Note Issue,Defects & Errors,Error Messages,Medium,Matched token 'error' among multiple possible matches.,No
CS1795125,Sticky Note Issue,Defects & Errors,Error Messages,Medium,Matched token 'error' among multiple possible matches.,No
CS1795130,Can't find Tocilizumab Worksheet TCH199M,Data Management,Data Recovery,Medium,Matched token 'deleted' among multiple possible matches.,No
CS1795144,Sticky Note Issue,Defects & Errors,Error Messages,Medium,Matched token 'error' among multiple possible matches.,No
CS1795211,Daily checks,Integration & Interfaces,Integration Failure,High,Matched token 'interface' in text.,No
CS1795291,picking ticket printing issues,Defects & Errors,Error Messages,Medium,Matched token 'error' among multiple possible matches.,No
CS1795307,Patient merge,Unclassified,Needs Review,Low,No strong keyword match in short description/description/close notes.,Yes
CS1795471,Remove supplier from GENFIN exclusion list,Unclassified,Needs Review,Low,No strong keyword match in short description/description/close notes.,Yes
CS1795527,Nurse supply down,Performance & Availability,Availability,High,Matched token 'down' in text.,No
CS1795537,Nurse supply down,Performance & Availability,Availability,High,Matched token 'down' in text.,No
CS1795605,File Format Not Valid on Pharmacy Contract Upload Editor,Defects & Errors,Error Messages,Medium,Matched token 'error' among multiple possible matches.,No
CS1795627,'Recording Unavailble' - Full Run already done,Defects & Errors,Error Messages,High,Matched token 'error' in text.,No
CS1795652,additional patient address credentials linked to case number CS1742221,Integration & Interfaces,Third-Party Systems,High,Matched token 'pic' in text.,No
CS1795674,Daridorexant drug file - correction required,Performance & Availability,Performance,Medium,Matched token 'hang' among multiple possible matches.,No
CS1795704,Error message Halt in SendEDIOrder with error 76,Access & Security,User Access,Medium,Matched token 'access' among multiple possible matches.,No
CS1795707,ascribe went off,Access & Security,User Access,Medium,Matched token 'access' among multiple possible matches.,No
CS1795750,Report Building,Reporting & Analytics,Reporting,Medium,Matched token 'report' among multiple possible matches.,No
CS1795793,missing supplementary order,Service Requests,Information Request,High,Matched token 'information' in text.,No
CS1795866,EDI orders not sending,Performance & Availability,Availability,Medium,Matched token 'down' among multiple possible matches.,No
CS1795921,Standalone Error,Defects & Errors,Error Messages,High,Matched token 'error' in text.,No
CS1795956,"LIVE 10.23 - Item Deleted from Order, Who Deleted It Audit",Access & Security,Audit & Compliance,Medium,Matched token 'audit' among multiple possible matches.,No
CS1795983,Expired Items Task Failure on Event Engine,Unclassified,Needs Review,Low,No strong keyword match in short description/description/close notes.,Yes
CS1795995,Daily checks,Integration & Interfaces,Integration Failure,High,Matched token 'interface' in text.,No
CS1796215,warning contents variance between stock holdings,Reporting & Analytics,Reporting,High,Matched token 'report' in text.,No
CS1796316,Low disk space L:/ disk space alert for SRVESQL80,Notifications & Communications,Alerts,Medium,Matched token 'alert' among multiple possible matches.,No
CS1796325,Connecting to Different Environments,Service Requests,New Request,Medium,Matched token 'request' among multiple possible matches.,No
CS1796501,Re: CS1792690 - Patient is stuck in clinical checking,Workflow & Process,Workflow Issue,High,Matched token 'stuck' in text.,No
CS1796530,Locked Dose,Unclassified,Needs Review,Low,No strong keyword match in short description/description/close notes.,Yes
CS1796593,New Terminal,Integration & Interfaces,Integration Failure,Medium,Matched token 'interface' among multiple possible matches.,No
CS1796673,Daily checks,Unclassified,Needs Review,Low,No strong keyword match in short description/description/close notes.,Yes
CS1796746,We have two new machines for Standalone/Business continuity,Configuration & Administration,System Administration,Medium,Matched token 'setting' among multiple possible matches.,No
CS1796772,Picking Ticket printing over 2 pages for 2 requests.,Performance & Availability,Performance,Medium,Matched token 'hang' among multiple possible matches.,No
CS1796840,Stat dose stuck on drug chart,Defects & Errors,Error Messages,Medium,Matched token 'error' among multiple possible matches.,No
CS1796956,Unable to print patient drug charts on EPMA,Configuration & Administration,Configuration Change,High,Matched token 'config' in text.,No
CS1797045,Stat dose stuck on drug chart,Workflow & Process,Workflow Issue,Medium,Matched token 'stuck' among multiple possible matches.,No
CS1797224,Emis/Omnicell connectivity,Integration & Interfaces,Third-Party Systems,High,Matched token 'omnicell' in text.,No
CS1797252,EMIS to EPMA Outbound connection,Performance & Availability,Availability,High,Matched token 'down' in text.,No
CS1797254,Patient merge issue,Unclassified,Needs Review,Low,No strong keyword match in short description/description/close notes.,Yes
CS1797296,Emis is Down,Performance & Availability,Availability,High,Matched token 'down' in text.,No
CS1797310,Help with Access to Standalone TPN System,Access & Security,User Access,Medium,Matched token 'access' among multiple possible matches.,No
CS1797340,Daily checks,Integration & Interfaces,Integration Failure,High,Matched token 'interface' in text.,No
CS1797394,BC Machine out of SYNC,Performance & Availability,Availability,Medium,Matched token 'outage' among multiple possible matches.,No
CS1797425,Picking Tickets,Performance & Availability,Performance,Medium,Matched token 'hang' among multiple possible matches.,No
CS1797502,Nurse supply down,Performance & Availability,Availability,High,Matched token 'down' in text.,No
CS1797535,Unable to override lock,Unclassified,Needs Review,Low,No strong keyword match in short description/description/close notes.,Yes
CS1797596,BC Machines not loading reports 2,Performance & Availability,Performance,Medium,Matched token 'slow' among multiple possible matches.,No
CS1797641,Im contacting about ODS Code:FXM81,Access & Security,User Access,Medium,Matched token 'access' among multiple possible matches.,No
CS1797649,Unable to override lock,Service Requests,New Request,High,Matched token 'request' in text.,No
CS1797651,Re: patient demoghraphics,Performance & Availability,Performance,Medium,Matched token 'hang' among multiple possible matches.,No
CS1797671,Repeat Medication Prescription Slip Query,Performance & Availability,Performance,Medium,Matched token 'hang' among multiple possible matches.,No
CS1797704,Nurse supply request down,Performance & Availability,Availability,Medium,Matched token 'down' among multiple possible matches.,No
CS1797714,Daily checks,Integration & Interfaces,Integration Failure,High,Matched token 'interface' in text.,No
CS1797739,Daily checks,Integration & Interfaces,Integration Failure,High,Matched token 'interface' in text.,No
CS1797800,Mulitple labels,Unclassified,Needs Review,Low,No strong keyword match in short description/description/close notes.,Yes
CS1797868,returning blanks,Reporting & Analytics,Reporting,High,Matched token 'report' in text.,No
CS1797911,Dispensary error when booking items out,Defects & Errors,Error Messages,High,Matched token 'error' in text.,No
CS1797966,LIVE 10.23 - Users locked out when Printing Ward Boxes,Defects & Errors,Error Messages,Medium,Matched token 'error' among multiple possible matches.,No
CS1798176,HL7 message stuck,Workflow & Process,Workflow Issue,Medium,Matched token 'stuck' among multiple possible matches.,No
CS1798286,Incorrect Patients Merged,Unclassified,Needs Review,Low,No strong keyword match in short description/description/close notes.,Yes
CS1798287,Error when merging records,Defects & Errors,Error Messages,High,Matched token 'error' in text.,No
CS1798295,Another error when merging records,Defects & Errors,Error Messages,High,Matched token 'error' in text.,No
CS1798315,Error 75 when try to dispense,Defects & Errors,Error Messages,High,Matched token 'error' in text.,No
CS1798484,Berkshire Checks 15/05/26,Integration & Interfaces,Integration Failure,High,Matched token 'interface' in text.,No
CS1798485,Berkshire Checks 16/05/26,Integration & Interfaces,Integration Failure,High,Matched token 'interface' in text.,No
CS1798533,Episode information different on Nervecentre to EMIS pharmacy,Data Management,Data Correction,Medium,Matched token 'duplicate' among multiple possible matches.,No
CS1798550,Unable to administer medication due to lock,Unclassified,Needs Review,Low,No strong keyword match in short description/description/close notes.,Yes
CS1798628,system running very slow,Performance & Availability,Performance,Medium,Matched token 'slow' among multiple possible matches.,No
CS1798857,Regular Error Message,Access & Security,Audit & Compliance,Medium,Matched token 'audit' among multiple possible matches.,No
CS1798870,Patients not showing on wards,Workflow & Process,Workflow Issue,High,Matched token 'stuck' in text.,No
CS1798919,Nurse supply request down,Performance & Availability,Availability,Medium,Matched token 'down' among multiple possible matches.,No
CS1799115,ADT feed from the engine to Ascribe is currently not working,Integration & Interfaces,Integration Failure,High,Matched token 'interface' in text.,No
CS1799132,Optum - EPMA weekly vulnerability report,Reporting & Analytics,Reporting,Medium,Matched token 'report' among multiple possible matches.,No
CS1799150,EPMA Patient ready for discharge button not appearing,Unclassified,Needs Review,Low,No strong keyword match in short description/description/close notes.,Yes
CS1799208,Adding a terminal onto the database,Unclassified,Needs Review,Low,No strong keyword match in short description/description/close notes.,Yes
CS1799425,Problems with ad hoc issuing,Unclassified,Needs Review,Low,No strong keyword match in short description/description/close notes.,Yes
CS1799436,HAP Location,Access & Security,User Access,Medium,Matched token 'access' among multiple possible matches.,No
CS1799517,new asset number,Integration & Interfaces,Third-Party Systems,High,Matched token 'robot' in text.,No
CS1799552,Reset password,Access & Security,Authentication,Medium,Matched token 'password' among multiple possible matches.,No
CS1799554,Messages,Unclassified,Needs Review,Low,No strong keyword match in short description/description/close notes.,Yes
CS1799611,Berkshire Daily Checks,Integration & Interfaces,Integration Failure,High,Matched token 'interface' in text.,No
CS1799618,Delete a large Picking Ticket,Integration & Interfaces,Third-Party Systems,High,Matched token 'pic' in text.,No
CS1799646,Re: OPTUM v10.23 - pre prod build/client path,Access & Security,User Access,Medium,Matched token 'access' among multiple possible matches.,No
CS1799664,Patient Merge,Unclassified,Needs Review,Low,No strong keyword match in short description/description/close notes.,Yes
CS1799701,Report of 'Extra Label Codes' and the Products they are linked to.,Access & Security,User Access,Medium,Matched token 'access' among multiple possible matches.,No
CS1799728,Patient merges,Service Requests,New Request,High,Matched token 'request' in text.,No
CS1799751,Deletion of Location,Performance & Availability,Performance,Medium,Matched token 'timeout' among multiple possible matches.,No
CS1799861,LIVE 10.23 - Robot Interface Splitting Whole Orders into Two for BD,Performance & Availability,Performance,Medium,Matched token 'hang' among multiple possible matches.,No
CS1799973,Episode needs deleting as recorded on wrong patient record,Data Management,Data Recovery,Medium,Matched token 'deleted' among multiple possible matches.,No
CS1800024,[Failed] SQL Server Job System: 'EHSC_REPORT_LIVE,Data Management,Data Correction,Medium,Matched token 'duplicate' among multiple possible matches.,No
CS1800087,Loss of service,Defects & Errors,Error Messages,High,Matched token 'error' in text.,No
CS1800096,restart services,Performance & Availability,Availability,Medium,Matched token 'outage' among multiple possible matches.,No
CS1800113,Berkshire Daily Checks,Integration & Interfaces,Integration Failure,High,Matched token 'interface' in text.,No
CS1800140,Allergy Confirmation,Workflow & Process,Workflow Issue,Medium,Matched token 'workflow' among multiple possible matches.,No
CS1800260,Location,Unclassified,Needs Review,Low,No strong keyword match in short description/description/close notes.,Yes
CS1800363,Remove Supply Request for Completed Prescription,Service Requests,New Request,High,Matched token 'request' in text.,No
CS1800541,Repoint Live Client to ASCWEB04 server,Performance & Availability,Availability,Medium,Matched token 'down' among multiple possible matches.,No
CS1800550,Pt Merge,Performance & Availability,Performance,Medium,Matched token 'hang' among multiple possible matches.,No
CS1800571,Allergy Data,Service Requests,New Request,High,Matched token 'request' in text.,No
CS1800627,Ascribe Interface On TIE Communication Issue,Integration & Interfaces,Integration Failure,Medium,Matched token 'interface' among multiple possible matches.,No
CS1800639,Interface ADT messages not being sent,Performance & Availability,Performance,Medium,Matched token 'hang' among multiple possible matches.,No
CS1800682,Removal of stuck stat doses,Defects & Errors,Error Messages,Medium,Matched token 'error' among multiple possible matches.,No
CS1800732,URGENT - EPMA Medication not transferring to eDischarge,Workflow & Process,Workflow Issue,Medium,Matched token 'stuck' among multiple possible matches.,No
CS1800742,Item missing from BC Chart,Defects & Errors,Error Messages,Medium,Matched token 'error' among multiple possible matches.,No
CS1800786,Patient Merges,Performance & Availability,Performance,Medium,Matched token 'hang' among multiple possible matches.,No
CS1800841,Nurse supply request is down,Performance & Availability,Availability,Medium,Matched token 'down' among multiple possible matches.,No
CS1800864,Pt Merge,Performance & Availability,Performance,High,Matched token 'hang' in text.,No
CS1800867,Pt Merge,Performance & Availability,Performance,High,Matched token 'hang' in text.,No
CS1800869,Patient Merges,Unclassified,Needs Review,Low,No strong keyword match in short description/description/close notes.,Yes
CS1800885,Negative item,Reporting & Analytics,Reporting,High,Matched token 'report' in text.,No
CS1800891,Order of PRN admins on BC Charts,Defects & Errors,Error Messages,Medium,Matched token 'error' among multiple possible matches.,No
CS1801169,Report,Performance & Availability,Performance,Medium,Matched token 'hang' among multiple possible matches.,No
CS1801179,Berkshire Daily Checks 19/06/2026,Integration & Interfaces,Integration Failure,High,Matched token 'interface' in text.,No
CS1801180,Berkshire Daily Checks,Integration & Interfaces,Integration Failure,Medium,Matched token 'interface' among multiple possible matches.,No
CS1801191,Berkshire Daily checks,Integration & Interfaces,Integration Failure,High,Matched token 'interface' in text.,No
CS1801192,Oncall - System Down,Performance & Availability,Availability,Medium,Matched token 'down' among multiple possible matches.,No
CS1801277,Patient locked due to User in record editing,Unclassified,Needs Review,Low,No strong keyword match in short description/description/close notes.,Yes
CS1801284,Losses/Gains,Performance & Availability,Performance,Medium,Matched token 'hang' among multiple possible matches.,No
CS1801383,EMIS Episode / Demographic Update Logging,Access & Security,Audit & Compliance,Medium,Matched token 'audit' among multiple possible matches.,No
CS1801405,RE: Update for IT Ascribe incidents-CS1707963 slow labels,Access & Security,User Access,Medium,Matched token 'access' among multiple possible matches.,No
CS1801456,Ascribe TIE connection,Integration & Interfaces,Integration Failure,High,Matched token 'integration' in text.,No
CS1801468,Linked Terminals.,Unclassified,Needs Review,Low,No strong keyword match in short description/description/close notes.,Yes
CS1801749,Label auto print.,Access & Security,User Access,Medium,Matched token 'access' among multiple possible matches.,No
CS1801848,SSG 073 - Invoices are not being paid / pulled across to notepad to send,Configuration & Administration,Configuration Change,Medium,Matched token 'config' among multiple possible matches.,No
CS1801949,Merged Patient,Unclassified,Needs Review,Low,No strong keyword match in short description/description/close notes.,Yes
CS1802116,Treatment reason not required,Performance & Availability,Performance,Medium,Matched token 'hang' among multiple possible matches.,No
CS1802306,Patient records merged with wrong record as master,Unclassified,Needs Review,Low,No strong keyword match in short description/description/close notes.,Yes
CS1802316,We have 2 new BC laptops that require setting up.,Performance & Availability,Performance,Medium,Matched token 'hang' among multiple possible matches.,No
CS1802419,Broken Robot,Performance & Availability,Performance,Medium,Matched token 'hang' among multiple possible matches.,No
CS1802471,Link a PC terminal to robot,Integration & Interfaces,Third-Party Systems,Medium,Matched token 'robot' among multiple possible matches.,No
CS1802545,Patients demographics not being transmitted by ascribe interface,Data Management,Data Recovery,Medium,Matched token 'restore' among multiple possible matches.,No
CS1802608,User unable to dispense,Unclassified,Needs Review,Low,No strong keyword match in short description/description/close notes.,Yes
CS1802645,Low disk space on the T Drive on PHAR-RP-V,Performance & Availability,Availability,High,Matched token 'down' in text.,No
CS1802737,Multiple users unable to open EPMA,Defects & Errors,Error Messages,High,Matched token 'error' in text.,No
CS1802769,Issue during printer installation,Defects & Errors,Error Messages,Medium,Matched token 'error' among multiple possible matches.,No
CS1802981,Username Change,Performance & Availability,Performance,Medium,Matched token 'hang' among multiple possible matches.,No
CS1803257,Issue with administration report,Reporting & Analytics,Reporting,Medium,Matched token 'report' among multiple possible matches.,No
CS1803636,Error message when trying to clear purchase order number,Defects & Errors,Error Messages,Medium,Matched token 'error' among multiple possible matches.,No
CS1803738,Delete Episode,Performance & Availability,Performance,Medium,Matched token 'hang' among multiple possible matches.,No
CS1804140,LIVE 10.23 - Batch Printing and Label Directions,Unclassified,Needs Review,Low,No strong keyword match in short description/description/close notes.,Yes
CS1804168,Information on Osmolality Calculation,Service Requests,New Request,Medium,Matched token 'request' among multiple possible matches.,No
CS1804283,unable to see current medication for patient on multiple desktops.,Defects & Errors,Error Messages,High,Matched token 'error' in text.,No
CS1804319,Alert for EMEUW2EP02DBS02 B drive,Notifications & Communications,Alerts,High,Matched token 'alert' in text.,No
CS1804320,Not able to access RXCSQL044 from RXCSQL043,Access & Security,User Access,Medium,Matched token 'access' among multiple possible matches.,No
CS1804369,Please unlock- atorvastatin on Brocton MF,Unclassified,Needs Review,Low,No strong keyword match in short description/description/close notes.,Yes
CS1804421,PAS Query,Configuration & Administration,Configuration Change,Medium,Matched token 'config' among multiple possible matches.,No
CS1804497,Ascribe stock lists - cost centre prompt issue,Unclassified,Needs Review,Low,No strong keyword match in short description/description/close notes.,Yes
CS1804689,Item crashes the system,Defects & Errors,Error Messages,Medium,Matched token 'error' among multiple possible matches.,No
CS1804692,Can you please refresh the sync on the following machines,Workflow & Process,Workflow Issue,High,Matched token 'stuck' in text.,No
CS1804701,BC Reports would not load for larger wards,Performance & Availability,Availability,Medium,Matched token 'down' among multiple possible matches.,No
CS1804702,Standalone Ascribe not working on either of the 2 PCs,Defects & Errors,Error Messages,High,Matched token 'error' in text.,No
CS1804989,Inpatient Labels,Unclassified,Needs Review,Low,No strong keyword match in short description/description/close notes.,Yes
CS1805103,genfin not uploading,Unclassified,Needs Review,Low,No strong keyword match in short description/description/close notes.,Yes
CS1805136,CNWL EMIS Server -Cluster DR node Down - Need all Nodes to be Rebooted,Performance & Availability,Availability,Medium,Matched token 'outage' among multiple possible matches.,No
CS1805152,Qualys Server Security Report - Vulnerability on EMIS servers,Access & Security,User Access,Medium,Matched token 'access' among multiple possible matches.,No
CS1805213,Patient on dispensing list,Unclassified,Needs Review,Low,No strong keyword match in short description/description/close notes.,Yes
CS1805737,Upgrade to Windows 11 for standalone software,Performance & Availability,Availability,Medium,Matched token 'down' among multiple possible matches.,No
CS1805848,Stock Take Reports,Reporting & Analytics,Reporting,Medium,Matched token 'report' among multiple possible matches.,No
CS1805861,Locked Medication.,Unclassified,Needs Review,Low,No strong keyword match in short description/description/close notes.,Yes
CS1805874,can we look at how we can remove the SQL Enterprise licenses from the DB servers,Unclassified,Needs Review,Low,No strong keyword match in short description/description/close notes.,Yes
CS1805924,Locked Dose of Oramorph,Access & Security,User Access,High,Matched token 'access' in text.,No
CS1805979,Edit Supplier Contract,Performance & Availability,Performance,Medium,Matched token 'hang' among multiple possible matches.,No
CS1806059,Patient merges,Service Requests,New Request,High,Matched token 'request' in text.,No
CS1806065,Username Change - Jbooty,Performance & Availability,Performance,Medium,Matched token 'hang' among multiple possible matches.,No
CS1806098,BC Database Size,Performance & Availability,Performance,Medium,Matched token 'hang' among multiple possible matches.,No
CS1806099,ePMA backup drug charts,Access & Security,User Access,Medium,Matched token 'access' among multiple possible matches.,No
CS1806103,AOC - not working properly,Unclassified,Needs Review,Low,No strong keyword match in short description/description/close notes.,Yes
CS1806208,Adding terminal onto database for site 884,Unclassified,Needs Review,Low,No strong keyword match in short description/description/close notes.,Yes
CS1806245,EMM Problem List report not showing any data from 3/06/2026 to current,Reporting & Analytics,Reporting,High,Matched token 'report' in text.,No
CS1806253,Group Managed Service Account (gMSA),Unclassified,Needs Review,Low,No strong keyword match in short description/description/close notes.,Yes
CS1806272,Enable EDI for all sites - Previous case CS1779145,Configuration & Administration,Configuration Change,High,Matched token 'config' in text.,No
CS1806324,Discharge interface down,Performance & Availability,Availability,Medium,Matched token 'down' among multiple possible matches.,No
CS1806674,Reports not working - Urgent as have to do month end tomorrow,Defects & Errors,Error Messages,Medium,Matched token 'error' among multiple possible matches.,No
CS1806897,dropping of CPUs from 8 to 4,Unclassified,Needs Review,Low,No strong keyword match in short description/description/close notes.,Yes
CS1806921,We have two new machines for Standalone/Business continuity,Unclassified,Needs Review,Low,No strong keyword match in short description/description/close notes.,Yes
CS1807016,EMIS Train Environment,Service Requests,New Request,Medium,Matched token 'request' among multiple possible matches.,No
CS1807163,Updating report to July 2026,Performance & Availability,Performance,Medium,Matched token 'hang' among multiple possible matches.,No
CS1807257,Unable to download ward lists 7B respiratory,Performance & Availability,Availability,Medium,Matched token 'down' among multiple possible matches.,No
CS1807261,Patient hospital number assigned to incorrect patient,Service Requests,New Request,High,Matched token 'request' in text.,No
CS1807297,Nurse supply request down,Performance & Availability,Availability,Medium,Matched token 'down' among multiple possible matches.,No
CS1807485,Patient on dispensing list,Unclassified,Needs Review,Low,No strong keyword match in short description/description/close notes.,Yes
CS1807560,Medication locked -  unable to administer,Notifications & Communications,Email,High,Matched token 'email' in text.,No
CS1807567,Discontinued Haloperidol still on drug chart,Performance & Availability,Availability,High,Matched token 'down' in text.,No
CS1807573,Patient merge,Service Requests,New Request,High,Matched token 'request' in text.,No
CS1807722,there is a que forming for ADTs on the TIE,Unclassified,Needs Review,Low,No strong keyword match in short description/description/close notes.,Yes
CS1807739,Order not showing on system,Data Management,Data Recovery,Medium,Matched token 'deleted' among multiple possible matches.,No
CS1807745,Error trying to send a new prescription,Defects & Errors,Error Messages,High,Matched token 'error' in text.,No
CS1807754,alert recieved,Integration & Interfaces,Integration Failure,Medium,Matched token 'interface' among multiple possible matches.,No
CS1807799,logging onto standalone,Access & Security,User Access,Medium,Matched token 'access' among multiple possible matches.,No
CS1807974,Staff member unable to dispense medication from my formulary.,Access & Security,User Access,Medium,Matched token 'access' among multiple possible matches.,No
CS1808242,Transaction not showing in log viewer,Unclassified,Needs Review,Low,No strong keyword match in short description/description/close notes.,Yes
CS1808483,EMIS OOH unable to access our system?,Access & Security,User Access,Medium,Matched token 'access' among multiple possible matches.,No
CS1808619,Delivery notes from Epic not aligned,Integration & Interfaces,Third-Party Systems,High,Matched token 'pic' in text.,No
CS1808702,Medication locked.,Unclassified,Needs Review,Low,No strong keyword match in short description/description/close notes.,Yes
CS1808987,Archive records,Performance & Availability,Performance,Medium,Matched token 'hang' among multiple possible matches.,No
CS1809054,Stock take did not create,Defects & Errors,Error Messages,Medium,Matched token 'error' among multiple possible matches.,No
CS1809081,Nurse supply request down,Performance & Availability,Availability,Medium,Matched token 'down' among multiple possible matches.,No
CS1809104,integration listeners for  EPMA system - SSL certificate expiring,Access & Security,User Access,Medium,Matched token 'access' among multiple possible matches.,No
CS1809138,Login Error - Ascribe not loading,Access & Security,User Access,Medium,Matched token 'access' among multiple possible matches.,No
CS1809148,Berkshire Daily Checks,Integration & Interfaces,Integration Failure,High,Matched token 'interface' in text.,No
CS1809168,Doses not allowing administration,Unclassified,Needs Review,Low,No strong keyword match in short description/description/close notes.,Yes
CS1809187,Cyber alert - CC4794 for review,Notifications & Communications,Alerts,High,Matched token 'alert' in text.,No
CS1809197,blank reports,Reporting & Analytics,Reporting,High,Matched token 'report' in text.,No
CS1809289,I don't have the function Editor - Location on the Ascribe Test Application,Access & Security,User Access,Medium,Matched token 'access' among multiple possible matches.,No
CS1809332,Unable to administer medication,Unclassified,Needs Review,Low,No strong keyword match in short description/description/close notes.,Yes
CS1809443,Pt Merge,Unclassified,Needs Review,Low,No strong keyword match in short description/description/close notes.,Yes
CS1809536,EHSC_BERKS_REPORTING - Overnight Job Failing,Defects & Errors,Error Messages,Medium,Matched token 'error' among multiple possible matches.,No
CS1809577,Label Amendment for Dispensing Medicines in Ascribe,Access & Security,Audit & Compliance,Medium,Matched token 'audit' among multiple possible matches.,No
CS1809612,LIVE 10.23 - Old Orders Appearing on Current Admission - 2026,User Guidance & Training,How-To Request,High,Matched token 'how to' in text.,No
CS1809753,Patient Merge,Performance & Availability,Performance,Medium,Matched token 'hang' among multiple possible matches.,No
CS1809778,Patient Photo on ePMA,Reporting & Analytics,Reporting,Medium,Matched token 'report' among multiple possible matches.,No
CS1809839,Option to enter carriage charge missing for Haywood 750,Integration & Interfaces,Data Exchange,High,Matched token 'import' in text.,No
CS1809843,Messages are not getting through,Integration & Interfaces,Integration Failure,High,Matched token 'integration' in text.,No
CS1809876,Failed patient merge,Performance & Availability,Performance,Medium,Matched token 'hang' among multiple possible matches.,No
CS1809884,EPMA TEST Version not working,Defects & Errors,Error Messages,Medium,Matched token 'error' among multiple possible matches.,No
CS1809925,Berkshire Daily Checks,Integration & Interfaces,Integration Failure,High,Matched token 'interface' in text.,No
CS1810117,Adding terminal to database for site 884,Integration & Interfaces,Third-Party Systems,High,Matched token 'robot' in text.,No
CS1810228,"EPMA extremely slow for one user, Error on server message",Performance & Availability,Performance,Medium,Matched token 'slow' among multiple possible matches.,No
CS1810242,Genfin incorrect value,Reporting & Analytics,Reporting,Medium,Matched token 'report' among multiple possible matches.,No
CS1810278,Certificate renewal before July deadline,Service Requests,Information Request,High,Matched token 'information' in text.,No
CS1810284,Software update query,Unclassified,Needs Review,Low,No strong keyword match in short description/description/close notes.,Yes
CS1810489,Patient merge,Unclassified,Needs Review,Low,No strong keyword match in short description/description/close notes.,Yes
CS1810538,Berkshire daily checks,Integration & Interfaces,Integration Failure,High,Matched token 'interface' in text.,No
CS1810659,Fairfield General Hospital Drug File,Data Management,Data Recovery,Medium,Matched token 'deleted' among multiple possible matches.,No
CS1810711,Consultant codes not pulling through correctly.,Reporting & Analytics,Reporting,High,Matched token 'report' in text.,No
CS1810974,Effect of a planned change to a Product based external EPR catalogue,Performance & Availability,Performance,Medium,Matched token 'hang' among multiple possible matches.,No
CS1810985,Genfin,Data Management,Data Correction,Medium,Matched token 'duplicate' among multiple possible matches.,No
CS1811040,Failed Overnight Job,Reporting & Analytics,Reporting,Medium,Matched token 'report' among multiple possible matches.,No
CS1811128,Printing settings,Performance & Availability,Performance,Medium,Matched token 'hang' among multiple possible matches.,No
CS1811221,Windows 11 (24H2) Compatibility with EMIS,Configuration & Administration,Configuration Change,Medium,Matched token 'config' among multiple possible matches.,No
CS1811244,Incorrect prices showing on Purchase Orders,Performance & Availability,Performance,Medium,Matched token 'hang' among multiple possible matches.,No
CS1811316,DSS on the web inactive,Service Requests,New Request,High,Matched token 'request' in text.,No
CS1811411,Muktiroute not allow doses to be added when prescribed,Unclassified,Needs Review,Low,No strong keyword match in short description/description/close notes.,Yes
CS1811421,Berkshire Daily Checks,Integration & Interfaces,Integration Failure,High,Matched token 'interface' in text.,No
CS1811449,Confirmation of Patient-Specific Alerts Configured in Ascribe v10.22,Data Management,Data Correction,Medium,Matched token 'duplicate' among multiple possible matches.,No
CS1811496,patients not showing on the correct wards,Workflow & Process,Workflow Issue,High,Matched token 'stuck' in text.,No
CS1811505,Adding a terminal to the database,Service Requests,New Request,High,Matched token 'request' in text.,No
CS1811526,East Lancashire (130011) InboundMessage Queue has exceeded,Notifications & Communications,Email,Medium,Matched token 'email' among multiple possible matches.,No
CS1811675,Expired item remaining on drug chart,Unclassified,Needs Review,Low,No strong keyword match in short description/description/close notes.,Yes
CS1811916,nurse supply request shows an error has occurred,Defects & Errors,Error Messages,Medium,Matched token 'error' among multiple possible matches.,No
CS1812100,Episode incorrectly deleted,Data Management,Data Recovery,High,Matched token 'deleted' in text.,No
CS1812166,Unable to find patient,Performance & Availability,Performance,Medium,Matched token 'hang' among multiple possible matches.,No
CS1812294,Berkshire Daily Checks,Integration & Interfaces,Integration Failure,High,Matched token 'interface' in text.,No
CS1812327,Force log out a user,Service Requests,New Request,High,Matched token 'request' in text.,No
CS1812418,Daily Full Run Failed - Event Engine,Unclassified,Needs Review,Low,No strong keyword match in short description/description/close notes.,Yes
CS1812606,Berkshire Daily Checks,Integration & Interfaces,Integration Failure,High,Matched token 'interface' in text.,No
CS1812634,Berkshire Daily Checks,Integration & Interfaces,Integration Failure,High,Matched token 'interface' in text.,No
CS1812648,Dose Scheduling not working,Performance & Availability,Availability,Medium,Matched token 'not available' among multiple possible matches.,No
CS1812744,Alert for EMIS update server auto grow not functioning,Notifications & Communications,Alerts,Medium,Matched token 'alert' among multiple possible matches.,No
CS1812795,Adding another type onto ascribe,Performance & Availability,Performance,Medium,Matched token 'hang' among multiple possible matches.,No
CS1812886,Contract Price Vanishing from Edit Supplier Contracts View -,Access & Security,Audit & Compliance,High,Matched token 'audit' in text.,No
CS1813031,Remote Install Error,Defects & Errors,Error Messages,High,Matched token 'error' in text.,No
CS1813093,EPMA Drug Chart Printing (2),Notifications & Communications,Email,High,Matched token 'email' in text.,No
CS1813128,Pattern in Dose Scheduler Issue,Unclassified,Needs Review,Low,No strong keyword match in short description/description/close notes.,Yes
CS1813158,Checking if Backup has Run,Performance & Availability,Performance,Medium,Matched token 'hang' among multiple possible matches.,No
CS1813181,Staff unable to dispense on ascribe,Access & Security,User Access,Medium,Matched token 'access' among multiple possible matches.,No
CS1813196,Nurse suppl;y request down,Performance & Availability,Availability,Medium,Matched token 'down' among multiple possible matches.,No
CS1813227,Emis Standalone will not log in,Access & Security,User Access,Medium,Matched token 'access' among multiple possible matches.,No
CS1813328,Adding a terminal to the database for site 884,Service Requests,New Request,High,Matched token 'request' in text.,No
CS1813357,NPSA Information Alert : NATPSA/2025/006/NHSPS - Harm from incorrect recording of a penicillin allergy as a penicillamine allergy -,Defects & Errors,Error Messages,Medium,Matched token 'error' among multiple possible matches.,No
CS1813392,CS1809778 - Patients with Photos,Reporting & Analytics,Reporting,Medium,Matched token 'report' among multiple possible matches.,No
CS1813528,Nurse supply request down,Performance & Availability,Availability,Medium,Matched token 'down' among multiple possible matches.,No
CS1813571,Patient photo report,Data Management,Data Recovery,Medium,Matched token 'deleted' among multiple possible matches.,No
CS1813628,LIVE 10.23 - Reconciliations not Defined for ISA100I,Configuration & Administration,Configuration Change,Medium,Matched token 'config' among multiple possible matches.,No
CS1813828,EDS Interface not working - discharge information not pulling through,Integration & Interfaces,Integration Failure,Medium,Matched token 'interface' among multiple possible matches.,No
CS1813863,Reporting -  Invoice Batch List,Performance & Availability,Performance,Medium,Matched token 'hang' among multiple possible matches.,No
CS1813910,Unmerge of two NHS numbers,Unclassified,Needs Review,Low,No strong keyword match in short description/description/close notes.,Yes
CS1814002,A&E episodes of care,Configuration & Administration,System Administration,Medium,Matched token 'setting' among multiple possible matches.,No
CS1814033,Nurse supply request down,Performance & Availability,Availability,Medium,Matched token 'down' among multiple possible matches.,No
CS1814041,Nurse supply request is down,Performance & Availability,Availability,Medium,Matched token 'down' among multiple possible matches.,No
CS1814136,EMIS error - across sites.,Performance & Availability,Performance,Medium,Matched token 'slow' among multiple possible matches.,No
CS1814157,item locked on a drug chart,Unclassified,Needs Review,Low,No strong keyword match in short description/description/close notes.,Yes
CS1814174,locked item,Unclassified,Needs Review,Low,No strong keyword match in short description/description/close notes.,Yes
CS1814250,EMIS is not allowing us to authorise a Prescription via PSO,Unclassified,Needs Review,Low,No strong keyword match in short description/description/close notes.,Yes
CS1814369,2 items locked on drug chart,Unclassified,Needs Review,Low,No strong keyword match in short description/description/close notes.,Yes
CS1814452,EMIS version 10.24.01 - link to robot part of database,Integration & Interfaces,Third-Party Systems,High,Matched token 'robot' in text.,No
CS1814492,Ascribe Issue- UHL and QEH,Notifications & Communications,Alerts,High,Matched token 'alert' in text.,No
CS1814575,Missing bottom item on picking tickets,Integration & Interfaces,Third-Party Systems,High,Matched token 'pic' in text.,No
CS1814576,Users are unable to access the Ascribe Pharmacy Reporting System at BRO.,Access & Security,User Access,Medium,Matched token 'access' among multiple possible matches.,No
CS1814594,New Pop Up when dispensing worksheets,Unclassified,Needs Review,Low,No strong keyword match in short description/description/close notes.,Yes
CS1814687,Terminal to link as a robot dispensing terminal,Access & Security,User Access,Medium,Matched token 'access' among multiple possible matches.,No
CS1814947,Standalone build,Configuration & Administration,Configuration Change,Medium,Matched token 'config' among multiple possible matches.,No
CS1815043,ePMA running very slow,Performance & Availability,Performance,Medium,Matched token 'slow' among multiple possible matches.,No
CS1815080,EDI Invoicing guide,Performance & Availability,Performance,Medium,Matched token 'hang' among multiple possible matches.,No
CS1815095,Bupa Web Server unable to run any application in c:\ascribe\smarticlient\,Defects & Errors,Error Messages,High,Matched token 'error' in text.,No
CS1815167,Enable ward HKGP picking tickets NOT auto-charge items,Configuration & Administration,System Administration,Medium,Matched token 'setting' among multiple possible matches.,No
CS1815218,new asset number,Integration & Interfaces,Integration Failure,Medium,Matched token 'interface' among multiple possible matches.,No
CS1815399,Validity check on CHIs within Ascribe,Performance & Availability,Performance,Medium,Matched token 'hang' among multiple possible matches.,No
CS1815510,LIVE 10.23 - Installing the following terminals for activation with the Robot,Integration & Interfaces,Integration Failure,Medium,Matched token 'interface' among multiple possible matches.,No
CS1815520,EDI,Reporting & Analytics,Reporting,Medium,Matched token 'report' among multiple possible matches.,No
CS1815592,Nurse supply request down,Performance & Availability,Availability,Medium,Matched token 'down' among multiple possible matches.,No
CS1815812,Back up software removed from PCs,Notifications & Communications,Email,High,Matched token 'email' in text.,No
CS1815868,Nurse Locked in Dose,Unclassified,Needs Review,Low,No strong keyword match in short description/description/close notes.,Yes
CS1815964,Cant remove suspended beclomethasone clenil inhaler from drug chart as locked,Unclassified,Needs Review,Low,No strong keyword match in short description/description/close notes.,Yes
CS1815973,Unmerge of two NHS numbers,Unclassified,Needs Review,Low,No strong keyword match in short description/description/close notes.,Yes
CS1815983,Unmerge of two NHS numbers,Unclassified,Needs Review,Low,No strong keyword match in short description/description/close notes.,Yes
CS1816027,Staff locked in dose - X008246,Service Requests,New Request,High,Matched token 'request' in text.,No
CS1816055,Invoice stuck in exception for site (296),Defects & Errors,Error Messages,Medium,Matched token 'exception' among multiple possible matches.,No
CS1816346,Dihydrocodeine issue,Defects & Errors,Error Messages,High,Matched token 'error' in text.,No
CS1816378,Outstanding order,Defects & Errors,Error Messages,High,Matched token 'error' in text.,No
CS1816414,Microsoft defender for endpoint,Configuration & Administration,Configuration Change,Medium,Matched token 'config' among multiple possible matches.,No
CS1816427,Daily performance checks,Integration & Interfaces,Integration Failure,High,Matched token 'interface' in text.,No
CS1816444,Report builder,Access & Security,User Access,Medium,Matched token 'access' among multiple possible matches.,No
CS1816445,Patient merge,Defects & Errors,Error Messages,High,Matched token 'error' in text.,No
CS1816698,add 3 new pcs to be able to drop from the robot,Integration & Interfaces,Third-Party Systems,Medium,Matched token 'robot' among multiple possible matches.,No
CS1816817,EPMA issue on Ascot ward WOK/CIP,Performance & Availability,Performance,Medium,Matched token 'hang' among multiple possible matches.,No
CS1816821,LIVE 10.23 - Error Message when Signing into Ascribe Application,Performance & Availability,Availability,Medium,Matched token 'down' among multiple possible matches.,No
CS1816878,in relation to: CS1761879,Access & Security,Audit & Compliance,High,Matched token 'audit' in text.,No
CS1816913,ROWA Setup for FC514962,Integration & Interfaces,Third-Party Systems,Medium,Matched token 'robot' among multiple possible matches.,No
CS1816926,EMIS Chute numbers,Integration & Interfaces,Third-Party Systems,High,Matched token 'robot' in text.,No
CS1816931,Overnight reporting.,Performance & Availability,Performance,Medium,Matched token 'hang' among multiple possible matches.,No
CS1816961,Batch 20 errors throughout.,Defects & Errors,Error Messages,High,Matched token 'error' in text.,No
CS1817098,Daily checks,Reporting & Analytics,Reporting,Medium,Matched token 'report' among multiple possible matches.,No
CS1817131,Error message when dispensing for all pharmacy staff,Defects & Errors,Error Messages,Medium,Matched token 'error' among multiple possible matches.,No
CS1817145,Unable to access Central Stores,Access & Security,User Access,High,Matched token 'access' in text.,No
CS1817178,Patient merge,Unclassified,Needs Review,Low,No strong keyword match in short description/description/close notes.,Yes
CS1817358,add drop point to ascribe,Integration & Interfaces,Third-Party Systems,Medium,Matched token 'robot' among multiple possible matches.,No
CS1817557,LIVE 10.23 - Installing the following terminals for activation with the Robot,Integration & Interfaces,Integration Failure,Medium,Matched token 'interface' among multiple possible matches.,No
CS1817571,Reset Genfin batches due to duplication,Service Requests,New Request,High,Matched token 'request' in text.,No
CS1817582,FW: LD018369 - Online Terms - Electronic Patient Record (EPR) Viewer Agreement - Avon and Wiltshire Mental Health Partnership NHS Trust - Q019452  Now Q020854,Access & Security,User Access,Medium,Matched token 'access' among multiple possible matches.,No
CS1817683,Locked invoice,Workflow & Process,Workflow Issue,Medium,Matched token 'stuck' among multiple possible matches.,No
CS1817788,Reasonable Adjustments,Unclassified,Needs Review,Low,No strong keyword match in short description/description/close notes.,Yes
CS1817793,ASCRIBE,Access & Security,User Access,High,Matched token 'permission' in text.,No
CS1817853,Stock Take Utility - Site 108,Access & Security,User Access,High,Matched token 'access' in text.,No
CS1817948,Daily checks,Integration & Interfaces,Integration Failure,High,Matched token 'interface' in text.,No
CS1818008,Remove Prescription,Unclassified,Needs Review,Low,No strong keyword match in short description/description/close notes.,Yes
CS1818027,Printers not changing,Access & Security,User Access,Medium,Matched token 'permission' among multiple possible matches.,No
CS1818044,Remove users,Service Requests,New Request,High,Matched token 'request' in text.,No
CS1818218,system slowing down,Performance & Availability,Performance,Medium,Matched token 'slow' among multiple possible matches.,No
CS1818224,DR machines not updating properly,Reporting & Analytics,Reporting,High,Matched token 'report' in text.,No
CS1818227,outstanding showing more than owed out,Unclassified,Needs Review,Low,No strong keyword match in short description/description/close notes.,Yes
CS1818238,Password reset,Access & Security,Authentication,Medium,Matched token 'password' among multiple possible matches.,No
CS1818301,we are seeing the attached error,Defects & Errors,Error Messages,Medium,Matched token 'error' among multiple possible matches.,No
CS1818329,NSFT EPMA system not working. We are receiving multiple long running SPID emails,Defects & Errors,Error Messages,Medium,Matched token 'error' among multiple possible matches.,No
CS1818350,unable to see current meds on patient A330037.,Defects & Errors,Error Messages,High,Matched token 'error' in text.,No
CS1818395,Find and delete isn't working in Ascribe,Defects & Errors,Error Messages,Medium,Matched token 'error' among multiple possible matches.,No
CS1818428,Locked Patient record,Unclassified,Needs Review,Low,No strong keyword match in short description/description/close notes.,Yes
CS1818486,ADT Queue Alert - Slow Responses from EMIS & POCT Endpoints,Access & Security,User Access,Medium,Matched token 'access' among multiple possible matches.,No
CS1818572,We have installed the standalone software onto S19467 but there is an issue,Access & Security,Authentication,Medium,Matched token 'login' among multiple possible matches.,No
CS1818598,Stock take report variance different on log view.,Reporting & Analytics,Reporting,High,Matched token 'report' in text.,No
CS1818631,Templates,Access & Security,User Access,Medium,Matched token 'access' among multiple possible matches.,No
CS1818687,Nurse supply error,Performance & Availability,Availability,Medium,Matched token 'down' among multiple possible matches.,No
CS1818834,Daily checks,Integration & Interfaces,Integration Failure,High,Matched token 'interface' in text.,No
CS1819044,we have the attached error around reporting that the system has alerted us to,Defects & Errors,Error Messages,Medium,Matched token 'error' among multiple possible matches.,No
CS1819115,Nurse supply request down,Performance & Availability,Availability,Medium,Matched token 'down' among multiple possible matches.,No
CS1819148,Label,Configuration & Administration,Configuration Change,High,Matched token 'config' in text.,No
CS1819231,Patient merge,Unclassified,Needs Review,Low,No strong keyword match in short description/description/close notes.,Yes
CS1819254,Medication incident review,Reporting & Analytics,Reporting,High,Matched token 'report' in text.,No
CS1819294,Item Enquiry Details Error,Defects & Errors,Error Messages,Medium,Matched token 'error' among multiple possible matches.,No
CS1819410,Error Message on logging onto EMIS on Citrix Platform,Defects & Errors,Error Messages,Medium,Matched token 'error' among multiple possible matches.,No
CS1819419,EMIS and Omnicell interface issues,Performance & Availability,Performance,Medium,Matched token 'hang' among multiple possible matches.,No
CS1819431,Overnight job notification not working,Performance & Availability,Performance,Medium,Matched token 'hang' among multiple possible matches.,No
CS1819434,CIVAS worksheet generation,Performance & Availability,Performance,Medium,Matched token 'hang' among multiple possible matches.,No
CS1819465,CMU Interface not working properly since 10.24 upgrade,Integration & Interfaces,Integration Failure,High,Matched token 'interface' in text.,No
CS1819516,Daily checks,Integration & Interfaces,Integration Failure,High,Matched token 'interface' in text.,No
CS1819527,Event engine failure,Unclassified,Needs Review,Low,No strong keyword match in short description/description/close notes.,Yes
CS1819575,Daily checks,Integration & Interfaces,Integration Failure,Medium,Matched token 'interface' among multiple possible matches.,No
CS1819586,Daily checks,Integration & Interfaces,Integration Failure,Medium,Matched token 'interface' among multiple possible matches.,No
CS1819587,Event Engine Drug administration failed,Notifications & Communications,Alerts,High,Matched token 'notification' in text.,No
CS1819685,Nurse Supply Request Screen - Error Has Occurred,Defects & Errors,Error Messages,Medium,Matched token 'error' among multiple possible matches.,No
CS1819709,Database Health Check Alert for EHSC_REPORT_LIVE on rxc-p-ep-ssrs01,Defects & Errors,Error Messages,Medium,Matched token 'error' among multiple possible matches.,No
CS1819785,issue with changing ward,Performance & Availability,Performance,High,Matched token 'hang' in text.,No
CS1820064,EMIS test,Access & Security,Authentication,High,Matched token 'password' in text.,No
CS1820117,ePMA: Suspended Medication showing as overdue,Unclassified,Needs Review,Low,No strong keyword match in short description/description/close notes.,Yes
CS1820474,Re: EMIS and Omnicell interface issues,Performance & Availability,Performance,Medium,Matched token 'hang' among multiple possible matches.,No
CS1820486,RE: EMIS and Omnicell interface issues,Performance & Availability,Performance,Medium,Matched token 'hang' among multiple possible matches.,No
CS1820638,Event engine - Worklists,Service Requests,New Request,High,Matched token 'request' in text.,No
CS1820697,Multiple copies of product when ordering/issuing,Data Management,Data Correction,High,Matched token 'duplicate' in text.,No
CS1820711,Error on discharge,Defects & Errors,Error Messages,Medium,Matched token 'error' among multiple possible matches.,No
CS1820713,Please unlock lorazepam PRN,Notifications & Communications,Email,High,Matched token 'email' in text.,No
CS1820759,Batch and expiry option,Unclassified,Needs Review,Low,No strong keyword match in short description/description/close notes.,Yes
CS1820760,Nuse Locked In Dose X003051,Unclassified,Needs Review,Low,No strong keyword match in short description/description/close notes.,Yes
CS1820864,Outstanding Invoices,Reporting & Analytics,Reporting,High,Matched token 'report' in text.,No
CS1820897,Berkshire daily checks,Integration & Interfaces,Integration Failure,High,Matched token 'interface' in text.,No
CS1820898,Berkshire daily checks,Integration & Interfaces,Integration Failure,High,Matched token 'interface' in text.,No
CS1820906,Please can the following patient episodes be merged,Data Management,Data Correction,Medium,Matched token 'duplicate' among multiple possible matches.,No
CS1820914,Case incorrectly logged,Unclassified,Needs Review,Low,No strong keyword match in short description/description/close notes.,Yes
CS1820926,add additional droppoint,Integration & Interfaces,Third-Party Systems,Medium,Matched token 'robot' among multiple possible matches.,No
CS1820991,Discontinue/Stop Prescription Error,Defects & Errors,Error Messages,High,Matched token 'error' in text.,No
CS1821004,Stock list maintenance not responding,Access & Security,User Access,Medium,Matched token 'access' among multiple possible matches.,No
CS1821060,Pt merge,Unclassified,Needs Review,Low,No strong keyword match in short description/description/close notes.,Yes
CS1821118,Patient merge,Unclassified,Needs Review,Low,No strong keyword match in short description/description/close notes.,Yes
CS1821250,Ascribe ADT listener - 28th July 2026,Integration & Interfaces,Integration Failure,High,Matched token 'interface' in text.,No
CS1821268,Record with no NSVCode,Unclassified,Needs Review,Low,No strong keyword match in short description/description/close notes.,Yes
CS1821383,PAS ADT Feed not connected,Unclassified,Needs Review,Low,No strong keyword match in short description/description/close notes.,Yes
CS1821402,Users unable to log in to system,Access & Security,User Access,High,Matched token 'access' in text.,No
CS1821404,Unable to copy product,Access & Security,User Access,Medium,Matched token 'access' among multiple possible matches.,No
CS1821487,urgent query,Integration & Interfaces,Third-Party Systems,High,Matched token 'robot' in text.,No
CS1821499,Wrong dispensing line and label,Defects & Errors,Error Messages,High,Matched token 'error' in text.,No
CS1821507,eTrading database,Defects & Errors,Error Messages,High,Matched token 'error' in text.,No
CS1821585,add drop point,Integration & Interfaces,Integration Failure,High,Matched token 'interface' in text.,No
CS1821632,Ascribe ADT listener - 28th July 2026,Unclassified,Needs Review,Low,No strong keyword match in short description/description/close notes.,Yes
CS1821675,Berkshire Daily Checks,Integration & Interfaces,Integration Failure,High,Matched token 'interface' in text.,No
CS1821694,Follow-up on Closed Case CS1797310 – Access Issue with Standalone TPN System,Access & Security,User Access,Medium,Matched token 'access' among multiple possible matches.,No
CS1821758,Unable to log in,Performance & Availability,Availability,Medium,Matched token 'down' among multiple possible matches.,No
CS1821776,PAS EIE interface has stopped,Integration & Interfaces,Integration Failure,High,Matched token 'interface' in text.,No
CS1821857,linked prescription is blocked from reordering,Service Requests,New Request,Medium,Matched token 'request' among multiple possible matches.,No
CS1821893,Removal of stat dose,Defects & Errors,Error Messages,Medium,Matched token 'error' among multiple possible matches.,No
CS1821916,Unknown ward information added to patient record.,Service Requests,Information Request,Medium,Matched token 'information' among multiple possible matches.,No
CS1822060,Locked invoices,Unclassified,Needs Review,Low,No strong keyword match in short description/description/close notes.,Yes
CS1822087,Test environment Nursing desktop,Defects & Errors,Error Messages,High,Matched token 'error' in text.,No
